day,week,customer_role,guest_class,preferred_weapon_type,transaction_type,item_id,item_class,item_type,item_tier,buyer_fit_score,tier_fit,preference_match,fit_band,purchase_price,purchase_appraised_price,current_appraised_price,listing_price,buyer_offer_price,final_sale_price,gross_profit,margin_rate,haggle_count,outcome,reputation_before,reputation_delta,reputation_after,trade_count,cash_before,cash_after,days_in_inventory,inventory_count,inventory_capacity,debt,cash_deficit,inventory_expansion_count,inventory_expansion_spending
1,1,SELL_TO_SHOP,WARRIOR,,BUY_FROM_CUSTOMER,1,WARRIOR,spear,2,,,,,12035,12035,12035,14442,,,,,,SUCCESSFUL_PURCHASE,0.0,2.0,2.0,1,50000.0,37965.0,,1,5,100000.0,False,0,0.0
1,1,SELL_TO_SHOP,GUNNER,,BUY_FROM_CUSTOMER,2,GUNNER,gun,1,,,,,2391,2491,2491,2989,,,,,,SUCCESSFUL_PURCHASE,2.0,6.0,8.0,2,37965.0,35574.0,,2,5,100000.0,False,0,0.0
1,1,SELL_TO_SHOP,WARRIOR,,BUY_FROM_CUSTOMER,3,WARRIOR,greatsword,1,,,,,1501,1501,1501,1801,,,,,,SUCCESSFUL_PURCHASE,8.0,2.0,10.0,3,35574.0,34073.0,,3,5,100000.0,False,0,0.0
1,1,SELL_TO_SHOP,ROGUE,,NONE,4,MAGE,grimoire,1,,,,,,3055,3055,,,,,,,REJECTED_OVERPRICED,10.0,-2.0,8.0,3,34073.0,34073.0,,3,5,100000.0,False,0,0.0
1,1,SELL_TO_SHOP,GUNNER,,NONE,4,GUNNER,heavy_weapon,1,,,,,,2172,2172,,,,,,,REJECTED_OVERPRICED,8.0,-2.0,6.0,3,34073.0,34073.0,,3,5,100000.0,False,0,0.0
1,1,SELL_TO_SHOP,ARCHER,,BUY_FROM_CUSTOMER,4,ARCHER,bow,2,,,,,4914,5584,5584,6701,,,,,,SUCCESSFUL_PURCHASE,6.0,6.0,12.0,4,34073.0,29159.0,,4,5,100000.0,False,0,0.0
1,1,SELL_TO_SHOP,MAGE,,NONE,5,MAGE,staff,1,,,,,,648,648,,,,,,,REJECTED_SCAMMER,12.0,-5,7.0,4,29159.0,29159.0,,4,5,100000.0,False,0,0.0
1,1,SELL_TO_SHOP,ROGUE,,NONE,5,ROGUE,dagger,2,,,,,,1220,1220,,,,,,,REJECTED_OVERPRICED,7.0,-2.0,5.0,4,29159.0,29159.0,,4,5,100000.0,False,0,0.0
2,1,BUY_FROM_SHOP,CLERIC,gauntlet,NONE,,,,,,,,,,,,,,,,,,NO_COMPATIBLE_ITEM,5.0,0.0,5.0,4,29159.0,29159.0,,4,5,100000.0,False,0,0.0
2,1,SELL_TO_SHOP,GUNNER,,NONE,5,GUNNER,heavy_weapon,1,,,,,,3820,3820,,,,,,,REJECTED_SCAMMER,5.0,-5,0.0,4,29159.0,29159.0,,4,5,100000.0,False,0,0.0
2,1,BUY_FROM_SHOP,WARRIOR,axe,NONE,3,WARRIOR,greatsword,1,61.88,1.0,False,MEDIUM_INTEREST,1501,1501,1501,1801,1501,,,,2,PRICE_NEGOTIATION_FAILURE,0.0,0.0,0.0,4,29159.0,29159.0,1,4,5,100000.0,False,0,0.0
2,1,SELL_TO_SHOP,ROGUE,,NONE,5,ROGUE,dagger,1,,,,,,1179,1179,,,,,,,REJECTED_SCAMMER,0.0,-5,-5.0,4,29159.0,29159.0,,4,5,100000.0,False,0,0.0
2,1,BUY_FROM_SHOP,CLERIC,gauntlet,NONE,,,,,,,,,,,,,,,,,,NO_COMPATIBLE_ITEM,-5.0,0.0,-5.0,4,29159.0,29159.0,,4,5,100000.0,False,0,0.0
2,1,SELL_TO_SHOP,CLERIC,,BUY_FROM_CUSTOMER,5,CLERIC,mace,1,,,,,2036,2314,2314,2777,,,,,,SUCCESSFUL_PURCHASE,-5.0,6.0,1.0,5,29159.0,27123.0,,5,5,100000.0,False,0,0.0
2,1,BUY_FROM_SHOP,MAGE,staff,NONE,,,,,,,,,,,,,,,,,,NO_COMPATIBLE_ITEM,1.0,0.0,1.0,5,27123.0,27123.0,,5,5,100000.0,False,0,0.0
2,1,BUY_FROM_SHOP,WARRIOR,greatsword,SELL_TO_CUSTOMER,3,WARRIOR,greatsword,1,75.04875,1.0,True,HIGH_INTEREST,1501,1501,1501,1801,1651,1651,150,0.09993337774816789,1,BUYER_PURCHASES,1.0,1.0,2.0,6,27123.0,28774.0,1,4,5,100000.0,False,0,0.0
3,1,BUY_FROM_SHOP,WARRIOR,spear,SELL_TO_CUSTOMER,1,WARRIOR,spear,2,78.18,0.5,True,HIGH_INTEREST,12035,12035,12035,14442,12637,12637,602,0.050020772746157044,1,BUYER_PURCHASES,2.0,1.0,3.0,7,28774.0,41411.0,2,3,5,100000.0,False,0,0.0
3,1,SELL_TO_SHOP,WARRIOR,,NONE,6,CLERIC,mace,1,,,,,,3000,3000,,,,,,,REJECTED_OVERPRICED,3.0,-2.0,1.0,7,41411.0,41411.0,,3,5,100000.0,False,0,0.0
3,1,SELL_TO_SHOP,CLERIC,,BUY_FROM_CUSTOMER,6,CLERIC,staff,1,,,,,554,630,630,756,,,,,,SUCCESSFUL_PURCHASE,1.0,4.0,5.0,8,41411.0,40857.0,,4,5,100000.0,False,0,0.0
3,1,SELL_TO_SHOP,ROGUE,,BUY_FROM_CUSTOMER,7,ROGUE,throwing_weapon,2,,,,,6556,6829,6829,8195,,,,,,SUCCESSFUL_PURCHASE,5.0,6.0,11.0,9,40857.0,34301.0,,5,5,100000.0,False,0,0.0
3,1,SELL_TO_SHOP,MAGE,,BUY_FROM_CUSTOMER,8,MAGE,grimoire,2,,,,,3817,4771,4771,5725,,,,,,SUCCESSFUL_PURCHASE,11.0,6.0,17.0,10,34301.0,25484.0,,6,6,100000.0,False,1,5000.0
3,1,SELL_TO_SHOP,GUNNER,,BUY_FROM_CUSTOMER,9,GUNNER,gun,1,,,,,1180,2361,2361,2833,,,,,,SUCCESSFUL_PURCHASE,17.0,0,17.0,11,25484.0,16804.0,,7,7,100000.0,False,2,12500.0
4,1,SELL_TO_SHOP,WARRIOR,,BUY_FROM_CUSTOMER,10,WARRIOR,one_handed_sword,1,,,,,1458,1519,1519,1823,,,,,,SUCCESSFUL_PURCHASE,17.0,6.0,23.0,12,16804.0,5346.0,,8,8,100000.0,False,3,22500.0
4,1,BUY_FROM_SHOP,CLERIC,staff,SELL_TO_CUSTOMER,6,CLERIC,staff,1,68.11333333333333,1.0,True,MEDIUM_INTEREST,554,630,630,756,630,630,76,0.1371841155234657,2,BUYER_PURCHASES,23.0,0,23.0,13,5346.0,5976.0,1,7,8,100000.0,False,3,22500.0
4,1,SELL_TO_SHOP,CLERIC,,BUY_FROM_CUSTOMER,11,CLERIC,gauntlet,1,,,,,1670,3340,3340,4008,,,,,,SUCCESSFUL_PURCHASE,23.0,2.0,25.0,14,5976.0,4306.0,,8,8,100000.0,False,3,22500.0
4,1,SELL_TO_SHOP,MAGE,,NONE,12,MAGE,grimoire,1,,,,,,1083,1083,,,,,,,INVENTORY_FULL,25.0,-2.0,23.0,14,4306.0,4306.0,,8,8,100000.0,False,3,22500.0
4,1,SELL_TO_SHOP,CLERIC,,NONE,12,CLERIC,gauntlet,1,,,,,,2965,2965,,,,,,,INVENTORY_FULL,23.0,-2.0,21.0,14,4306.0,4306.0,,8,8,100000.0,False,3,22500.0
4,1,BUY_FROM_SHOP,WARRIOR,one_handed_sword,SELL_TO_CUSTOMER,10,WARRIOR,one_handed_sword,1,89.315,1.0,True,VERY_HIGH_INTEREST,1458,1519,1519,1823,1747,1747,289,0.19821673525377229,0,BUYER_PURCHASES,21.0,2.0,23.0,15,4306.0,6053.0,0,7,8,100000.0,False,3,22500.0
4,1,SELL_TO_SHOP,MAGE,,BUY_FROM_CUSTOMER,12,MAGE,staff,2,,,,,3102,3525,3525,4230,,,,,,SUCCESSFUL_PURCHASE,23.0,6.0,29.0,16,6053.0,2951.0,,8,8,100000.0,False,3,22500.0
5,1,BUY_FROM_SHOP,ARCHER,crossbow,SELL_TO_CUSTOMER,4,ARCHER,bow,2,71.6425,1.0,False,HIGH_INTEREST,4914,5584,5584,6701,6366,6366,1452,0.2954822954822955,1,BUYER_PURCHASES,29.0,1.0,30.0,17,2951.0,9317.0,4,7,8,100000.0,False,3,22500.0
5,1,SELL_TO_SHOP,CLERIC,,BUY_FROM_CUSTOMER,13,ARCHER,crossbow,1,,,,,1872,1950,1950,2340,,,,,,SUCCESSFUL_PURCHASE,30.0,8.0,38.0,18,9317.0,7445.0,,8,8,100000.0,False,3,22500.0
5,1,BUY_FROM_SHOP,GUNNER,gun,SELL_TO_CUSTOMER,2,GUNNER,gun,1,74.35666666666667,1.0,True,HIGH_INTEREST,2391,2491,2491,2989,2616,2616,225,0.09410288582183186,1,BUYER_PURCHASES,38.0,1.0,39.0,19,7445.0,10061.0,4,7,8,100000.0,False,3,22500.0
5,1,BUY_FROM_SHOP,ROGUE,throwing_weapon,NONE,7,ROGUE,throwing_weapon,2,61.88,0.5,True,MEDIUM_INTEREST,6556,6829,6829,8195,6829,,,,2,PRICE_NEGOTIATION_FAILURE,39.0,0.0,39.0,19,10061.0,10061.0,2,7,8,100000.0,False,3,22500.0
5,1,BUY_FROM_SHOP,ROGUE,throwing_weapon,NONE,7,ROGUE,throwing_weapon,2,49.2475,0.25,True,LOW_INTEREST,6556,6829,6829,8195,6488,,,,3,PRICE_NEGOTIATION_FAILURE,39.0,0.0,39.0,19,10061.0,10061.0,2,7,8,100000.0,False,3,22500.0
5,1,BUY_FROM_SHOP,CLERIC,gauntlet,SELL_TO_CUSTOMER,11,CLERIC,gauntlet,1,93.11333333333333,1.0,True,VERY_HIGH_INTEREST,1670,3340,3340,4008,4008,4008,2338,1.4,0,BUYER_PURCHASES,39.0,2.0,41.0,20,10061.0,14069.0,1,6,8,100000.0,False,3,22500.0
5,1,SELL_TO_SHOP,GUNNER,,BUY_FROM_CUSTOMER,14,GUNNER,gun,2,,,,,3439,3908,3908,4690,,,,,,SUCCESSFUL_PURCHASE,41.0,6.0,47.0,21,14069.0,10630.0,,7,8,100000.0,False,3,22500.0
6,1,BUY_FROM_SHOP,CLERIC,staff,SELL_TO_CUSTOMER,5,CLERIC,mace,1,78.2,1.0,False,HIGH_INTEREST,2036,2314,2314,2777,2545,2545,509,0.25,1,BUYER_PURCHASES,47.0,1.0,48.0,22,10630.0,13175.0,4,6,8,100000.0,False,3,22500.0
6,1,SELL_TO_SHOP,CLERIC,,BUY_FROM_CUSTOMER,15,CLERIC,gauntlet,2,,,,,5073,5284,5284,6341,,,,,,SUCCESSFUL_PURCHASE,48.0,6.0,54.0,23,13175.0,8102.0,,7,8,100000.0,False,3,22500.0
6,1,SELL_TO_SHOP,GUNNER,,BUY_FROM_CUSTOMER,16,GUNNER,heavy_weapon,1,,,,,1452,2903,2903,3484,,,,,,SUCCESSFUL_PURCHASE,54.0,4.0,58.0,24,8102.0,6650.0,,8,8,100000.0,False,3,22500.0
6,1,SELL_TO_SHOP,GUNNER,,NONE,17,GUNNER,heavy_weapon,1,,,,,,1813,1813,,,,,,,INVENTORY_FULL,58.0,-2.0,56.0,24,6650.0,6650.0,,8,8,100000.0,False,3,22500.0
6,1,BUY_FROM_SHOP,MAGE,wand,SELL_TO_CUSTOMER,8,MAGE,grimoire,2,58.615833333333335,0.5,False,MEDIUM_INTEREST,3817,4771,4771,5725,4771,4771,954,0.24993450353680902,2,BUYER_PURCHASES,56.0,0,56.0,25,6650.0,11421.0,3,7,8,100000.0,False,3,22500.0
6,1,SELL_TO_SHOP,MAGE,,BUY_FROM_CUSTOMER,17,MAGE,grimoire,1,,,,,2293,2866,2866,3439,,,,,,SUCCESSFUL_PURCHASE,56.0,6.0,62.0,26,11421.0,9128.0,,8,8,100000.0,False,3,22500.0
6,1,BUY_FROM_SHOP,MAGE,grimoire,SELL_TO_CUSTOMER,17,MAGE,grimoire,1,67.965,0.5,True,MEDIUM_INTEREST,2293,2866,2866,3439,3095,3095,802,0.3497601395551679,2,BUYER_PURCHASES,62.0,0,62.0,27,9128.0,12223.0,0,7,8,100000.0,False,3,22500.0
7,1,SELL_TO_SHOP,WARRIOR,,NONE,18,WARRIOR,axe,1,,,,,,3074,3074,,,,,,,REJECTED_OVERPRICED,62.0,-2.0,60.0,27,12223.0,12223.0,,7,8,100000.0,False,3,22500.0
7,1,BUY_FROM_SHOP,CLERIC,gauntlet,SELL_TO_CUSTOMER,15,CLERIC,gauntlet,2,69.87,0.5,True,MEDIUM_INTEREST,5073,5284,5284,6341,5548,5548,475,0.09363295880149813,2,BUYER_PURCHASES,60.0,0,60.0,28,12223.0,17771.0,1,6,8,100000.0,False,3,22500.0
7,1,BUY_FROM_SHOP,ARCHER,bow,NONE,13,ARCHER,crossbow,1,51.550000000000004,0.5,False,LOW_INTEREST,1872,1950,1950,2340,1950,,,,3,PRICE_NEGOTIATION_FAILURE,60.0,0.0,60.0,28,17771.0,17771.0,2,6,8,100000.0,False,3,22500.0
7,1,BUY_FROM_SHOP,ROGUE,dagger,SELL_TO_CUSTOMER,7,ROGUE,throwing_weapon,2,70.5475,1.0,False,HIGH_INTEREST,6556,6829,6829,8195,7170,7170,614,0.09365466748017083,1,BUYER_PURCHASES,60.0,1.0,61.0,29,17771.0,24941.0,4,5,8,100000.0,False,3,22500.0
7,1,BUY_FROM_SHOP,MAGE,grimoire,SELL_TO_CUSTOMER,12,MAGE,staff,2,62.465833333333336,0.5,False,MEDIUM_INTEREST,3102,3525,3525,4230,3525,3525,423,0.13636363636363635,2,BUYER_PURCHASES,61.0,0,61.0,30,24941.0,28466.0,3,4,8,100000.0,False,3,22500.0
7,1,SELL_TO_SHOP,CLERIC,,BUY_FROM_CUSTOMER,18,CLERIC,staff,4,,,,,10243,11640,11640,13968,,,,,,SUCCESSFUL_PURCHASE,61.0,6.0,67.0,31,28466.0,18223.0,,5,8,100000.0,False,3,22500.0
7,1,BUY_FROM_SHOP,MAGE,staff,NONE,,,,,,,,,,,,,,,,,,NO_COMPATIBLE_ITEM,67.0,0.0,67.0,31,18223.0,18223.0,,5,8,100000.0,False,3,22500.0
7,1,BUY_FROM_SHOP,ROGUE,dagger,NONE,,,,,,,,,,,,,,,,,,NO_COMPATIBLE_ITEM,67.0,0.0,67.0,31,18223.0,18223.0,,5,8,100000.0,False,3,22500.0
8,2,SELL_TO_SHOP,MAGE,,NONE,19,MAGE,staff,1,,,,,,2548,2548,,,,,,,REJECTED_OVERPRICED,67.0,0.0,67.0,31,8223.0,8223.0,,5,8,100000.0,False,3,22500.0
8,2,BUY_FROM_SHOP,WARRIOR,greatsword,NONE,,,,,,,,,,,,,,,,,,NO_COMPATIBLE_ITEM,67.0,0.0,67.0,31,8223.0,8223.0,,5,8,100000.0,False,3,22500.0
8,2,BUY_FROM_SHOP,GUNNER,heavy_weapon,NONE,14,GUNNER,gun,2,69.095,1.0,False,MEDIUM_INTEREST,3439,3908,3258,3910,3258,,,,2,PRICE_NEGOTIATION_FAILURE,67.0,0.0,67.0,31,8223.0,8223.0,3,5,8,100000.0,False,3,22500.0
8,2,SELL_TO_SHOP,WARRIOR,,BUY_FROM_CUSTOMER,19,WARRIOR,spear,1,,,,,1203,2187,2187,2624,,,,,,SUCCESSFUL_PURCHASE,67.0,6.0,73.0,32,8223.0,7020.0,,6,8,100000.0,False,3,22500.0
8,2,BUY_FROM_SHOP,MAGE,wand,NONE,,,,,,,,,,,,,,,,,,NO_COMPATIBLE_ITEM,73.0,0.0,73.0,32,7020.0,7020.0,,6,8,100000.0,False,3,22500.0
8,2,BUY_FROM_SHOP,ARCHER,crossbow,SELL_TO_CUSTOMER,13,ARCHER,crossbow,1,61.55,1.0,True,MEDIUM_INTEREST,1872,1950,2470,2964,2668,2668,796,0.4252136752136752,2,BUYER_PURCHASES,73.0,0,73.0,33,7020.0,9688.0,3,5,8,100000.0,False,3,22500.0
8,2,BUY_FROM_SHOP,ARCHER,crossbow,NONE,,,,,,,,,,,,,,,,,,NO_COMPATIBLE_ITEM,73.0,0.0,73.0,33,9688.0,9688.0,,5,8,100000.0,False,3,22500.0
9,2,BUY_FROM_SHOP,ROGUE,throwing_weapon,NONE,,,,,,,,,,,,,,,,,,NO_COMPATIBLE_ITEM,73.0,0.0,73.0,33,9688.0,9688.0,,5,8,100000.0,False,3,22500.0
9,2,BUY_FROM_SHOP,ROGUE,throwing_weapon,NONE,,,,,,,,,,,,,,,,,,NO_COMPATIBLE_ITEM,73.0,0.0,73.0,33,9688.0,9688.0,,5,8,100000.0,False,3,22500.0
9,2,SELL_TO_SHOP,GUNNER,,BUY_FROM_CUSTOMER,20,GUNNER,heavy_weapon,2,,,,,2096,2382,2382,2858,,,,,,SUCCESSFUL_PURCHASE,73.0,4.0,77.0,34,9688.0,7592.0,,6,8,100000.0,False,3,22500.0
9,2,SELL_TO_SHOP,ARCHER,,NONE,21,ARCHER,bow,2,,,,,,8621,8621,,,,,,,MISSED_PURCHASE_DUE_TO_CASH,77.0,-2.0,75.0,34,7592.0,7592.0,,6,8,100000.0,False,3,22500.0
9,2,BUY_FROM_SHOP,ARCHER,bow,NONE,,,,,,,,,,,,,,,,,,NO_COMPATIBLE_ITEM,75.0,0.0,75.0,34,7592.0,7592.0,,6,8,100000.0,False,3,22500.0
9,2,BUY_FROM_SHOP,GUNNER,heavy_weapon,SELL_TO_CUSTOMER,16,GUNNER,heavy_weapon,1,80.745,1.0,True,HIGH_INTEREST,1452,2903,2653,3184,3025,3025,1573,1.0833333333333333,1,BUYER_PURCHASES,75.0,1.0,76.0,35,7592.0,10617.0,3,5,8,100000.0,False,3,22500.0
9,2,SELL_TO_SHOP,CLERIC,,NONE,21,CLERIC,staff,4,,,,,,33488,33488,,,,,,,MISSED_PURCHASE_DUE_TO_CASH,76.0,0.0,76.0,35,10617.0,10617.0,,5,8,100000.0,False,3,22500.0
10,2,SELL_TO_SHOP,CLERIC,,NONE,21,CLERIC,gauntlet,1,,,,,,3954,3954,,,,,,,REJECTED_OVERPRICED,76.0,0.0,76.0,35,10617.0,10617.0,,5,8,100000.0,False,3,22500.0
10,2,SELL_TO_SHOP,ROGUE,,BUY_FROM_CUSTOMER,21,ROGUE,dagger,2,,,,,1136,2065,2065,2478,,,,,,SUCCESSFUL_PURCHASE,76.0,4.0,80.0,36,10617.0,9481.0,,6,8,100000.0,False,3,22500.0
10,2,SELL_TO_SHOP,WARRIOR,,NONE,22,WARRIOR,axe,2,,,,,,1800,1800,,,,,,,REJECTED_OVERPRICED,80.0,0.0,80.0,36,9481.0,9481.0,,6,8,100000.0,False,3,22500.0
10,2,SELL_TO_SHOP,ARCHER,,BUY_FROM_CUSTOMER,22,ARCHER,crossbow,2,,,,,1747,3176,3176,3811,,,,,,SUCCESSFUL_PURCHASE,80.0,6.0,86.0,37,9481.0,7734.0,,7,8,100000.0,False,3,22500.0
10,2,BUY_FROM_SHOP,GUNNER,gun,NONE,9,GUNNER,gun,1,51.045,0.0,True,LOW_INTEREST,1180,2361,2111,2533,2005,,,,3,PRICE_NEGOTIATION_FAILURE,86.0,0.0,86.0,37,7734.0,7734.0,7,7,8,100000.0,False,3,22500.0
10,2,BUY_FROM_SHOP,ARCHER,crossbow,SELL_TO_CUSTOMER,22,ARCHER,crossbow,2,68.91,0.5,True,MEDIUM_INTEREST,1747,3176,3176,3811,3176,3176,1429,0.8179736691471093,2,BUYER_PURCHASES,86.0,0,86.0,38,7734.0,10910.0,0,6,8,100000.0,False,3,22500.0
10,2,SELL_TO_SHOP,CLERIC,,BUY_FROM_CUSTOMER,23,CLERIC,mace,2,,,,,2896,2896,2896,3475,,,,,,SUCCESSFUL_PURCHASE,86.0,2.0,88.0,39,10910.0,8014.0,,7,8,100000.0,False,3,22500.0
11,2,SELL_TO_SHOP,GUNNER,,NONE,24,CLERIC,staff,3,,,,,,15750,15750,,,,,,,MISSED_PURCHASE_DUE_TO_CASH,88.0,-2.0,86.0,39,8014.0,8014.0,,7,8,100000.0,False,3,22500.0
11,2,BUY_FROM_SHOP,MAGE,staff,NONE,,,,,,,,,,,,,,,,,,NO_COMPATIBLE_ITEM,86.0,0.0,86.0,39,8014.0,8014.0,,7,8,100000.0,False,3,22500.0
11,2,BUY_FROM_SHOP,WARRIOR,spear,SELL_TO_CUSTOMER,19,WARRIOR,spear,1,53.541666666666664,0.0,True,LOW_INTEREST,1203,2187,2187,2624,2230,2230,1027,0.8536990856192851,3,BUYER_PURCHASES,86.0,-1,85.0,40,8014.0,10244.0,3,6,8,100000.0,False,3,22500.0
11,2,BUY_FROM_SHOP,WARRIOR,spear,NONE,,,,,,,,,,,,,,,,,,NO_COMPATIBLE_ITEM,85.0,0.0,85.0,40,10244.0,10244.0,,6,8,100000.0,False,3,22500.0
11,2,BUY_FROM_SHOP,CLERIC,mace,SELL_TO_CUSTOMER,18,CLERIC,staff,4,65.51583333333333,1.0,False,MEDIUM_INTEREST,10243,11640,11640,13968,12222,12222,1979,0.19320511568876306,2,BUYER_PURCHASES,85.0,0,85.0,41,10244.0,22466.0,4,5,8,100000.0,False,3,22500.0
11,2,SELL_TO_SHOP,WARRIOR,,BUY_FROM_CUSTOMER,24,WARRIOR,one_handed_sword,1,,,,,1972,1972,1972,2366,,,,,,SUCCESSFUL_PURCHASE,85.0,0,85.0,42,22466.0,20494.0,,6,8,100000.0,False,3,22500.0
11,2,SELL_TO_SHOP,ARCHER,,NONE,25,ARCHER,crossbow,3,,,,,,19490,19490,,,,,,,REJECTED_SCAMMER,85.0,-5,80.0,42,20494.0,20494.0,,6,8,100000.0,False,3,22500.0
12,2,SELL_TO_SHOP,ARCHER,,BUY_FROM_CUSTOMER,25,ARCHER,crossbow,1,,,,,1692,1763,1763,2116,,,,,,SUCCESSFUL_PURCHASE,80.0,4.0,84.0,43,20494.0,18802.0,,7,8,100000.0,False,3,22500.0
12,2,BUY_FROM_SHOP,CLERIC,staff,NONE,23,CLERIC,mace,2,43.64,0.25,False,LOW_INTEREST,2896,2896,2896,3475,2954,,,,3,PRICE_NEGOTIATION_FAILURE,84.0,0.0,84.0,43,18802.0,18802.0,2,7,8,100000.0,False,3,22500.0
12,2,SELL_TO_SHOP,CLERIC,,BUY_FROM_CUSTOMER,26,CLERIC,staff,2,,,,,1315,2192,2192,2630,,,,,,SUCCESSFUL_PURCHASE,84.0,4.0,88.0,44,18802.0,17487.0,,8,8,100000.0,False,3,22500.0
12,2,SELL_TO_SHOP,GUNNER,,BUY_FROM_CUSTOMER,27,GUNNER,gun,1,,,,,946,1182,1182,1418,,,,,,SUCCESSFUL_PURCHASE,88.0,6.0,94.0,45,17487.0,4041.0,,9,9,100000.0,False,4,35000.0
12,2,SELL_TO_SHOP,WARRIOR,,NONE,28,WARRIOR,spear,1,,,,,,6773,6773,,,,,,,INVENTORY_FULL,94.0,-2.0,92.0,45,4041.0,4041.0,,9,9,100000.0,False,4,35000.0
12,2,BUY_FROM_SHOP,MAGE,grimoire,NONE,,,,,,,,,,,,,,,,,,NO_COMPATIBLE_ITEM,92.0,0.0,92.0,45,4041.0,4041.0,,9,9,100000.0,False,4,35000.0
12,2,BUY_FROM_SHOP,ROGUE,dagger,SELL_TO_CUSTOMER,21,ROGUE,dagger,2,79.64,1.0,True,HIGH_INTEREST,1136,2065,2065,2478,2168,2168,1032,0.9084507042253521,1,BUYER_PURCHASES,92.0,1.0,93.0,46,4041.0,6209.0,2,8,9,100000.0,False,4,35000.0
12,2,SELL_TO_SHOP,ROGUE,,BUY_FROM_CUSTOMER,28,ROGUE,throwing_weapon,1,,,,,937,1065,1065,1278,,,,,,SUCCESSFUL_PURCHASE,93.0,6.0,99.0,47,6209.0,5272.0,,9,9,100000.0,False,4,35000.0
13,2,SELL_TO_SHOP,WARRIOR,,NONE,29,WARRIOR,spear,1,,,,,,1402,1402,,,,,,,INVENTORY_FULL,99.0,0.0,99.0,47,5272.0,5272.0,,9,9,100000.0,False,4,35000.0
13,2,SELL_TO_SHOP,GUNNER,,NONE,29,GUNNER,gun,4,,,,,,14340,14340,,,,,,,INVENTORY_FULL,99.0,-2.0,97.0,47,5272.0,5272.0,,9,9,100000.0,False,4,35000.0
13,2,BUY_FROM_SHOP,CLERIC,gauntlet,SELL_TO_CUSTOMER,23,CLERIC,mace,2,68.14,1.0,False,MEDIUM_INTEREST,2896,2896,2896,3475,3041,3041,145,0.05006906077348066,2,BUYER_PURCHASES,97.0,0,97.0,48,5272.0,8313.0,3,8,9,100000.0,False,4,35000.0
13,2,BUY_FROM_SHOP,GUNNER,heavy_weapon,SELL_TO_CUSTOMER,27,GUNNER,gun,1,75.71333333333334,1.0,False,HIGH_INTEREST,946,1182,1182,1418,1241,1241,295,0.3118393234672304,1,BUYER_PURCHASES,97.0,1.0,98.0,49,8313.0,9554.0,1,7,9,100000.0,False,4,35000.0
13,2,BUY_FROM_SHOP,GUNNER,heavy_weapon,SELL_TO_CUSTOMER,20,GUNNER,heavy_weapon,2,67.145,1.0,True,MEDIUM_INTEREST,2096,2382,2382,2858,2501,2501,405,0.19322519083969467,2,BUYER_PURCHASES,98.0,0,98.0,50,9554.0,12055.0,4,6,9,100000.0,False,4,35000.0
13,2,SELL_TO_SHOP,CLERIC,,BUY_FROM_CUSTOMER,29,CLERIC,mace,3,,,,,5049,5738,5738,6886,,,,,,SUCCESSFUL_PURCHASE,98.0,8.0,106.0,51,12055.0,7006.0,,7,9,100000.0,False,4,35000.0
13,2,SELL_TO_SHOP,CLERIC,,NONE,30,CLERIC,mace,1,,,,,,1348,1348,,,,,,,REJECTED_OVERPRICED,106.0,0.0,106.0,51,7006.0,7006.0,,7,9,100000.0,False,4,35000.0
14,2,BUY_FROM_SHOP,ARCHER,bow,NONE,25,ARCHER,crossbow,1,57.77,1.0,False,MEDIUM_INTEREST,1692,1763,1763,2116,1763,,,,2,PRICE_NEGOTIATION_FAILURE,106.0,0.0,106.0,51,7006.0,7006.0,2,7,9,100000.0,False,4,35000.0
14,2,BUY_FROM_SHOP,MAGE,grimoire,NONE,,,,,,,,,,,,,,,,,,NO_COMPATIBLE_ITEM,106.0,0.0,106.0,51,7006.0,7006.0,,7,9,100000.0,False,4,35000.0
14,2,SELL_TO_SHOP,CLERIC,,BUY_FROM_CUSTOMER,30,CLERIC,mace,1,,,,,1477,2685,2685,3222,,,,,,SUCCESSFUL_PURCHASE,106.0,4.5,110.5,52,7006.0,5529.0,,8,9,100000.0,False,4,35000.0
14,2,BUY_FROM_SHOP,ARCHER,bow,SELL_TO_CUSTOMER,25,ARCHER,crossbow,1,63.04,1.0,False,MEDIUM_INTEREST,1692,1763,1763,2116,1851,1851,159,0.09397163120567376,2,BUYER_PURCHASES,110.5,0,110.5,53,5529.0,7380.0,2,7,9,100000.0,False,4,35000.0
14,2,SELL_TO_SHOP,CLERIC,,BUY_FROM_CUSTOMER,31,CLERIC,gauntlet,1,,,,,2043,3715,3715,4458,,,,,,SUCCESSFUL_PURCHASE,110.5,3.0,113.5,54,7380.0,5337.0,,8,9,100000.0,False,4,35000.0
14,2,SELL_TO_SHOP,ARCHER,,BUY_FROM_CUSTOMER,32,ARCHER,crossbow,1,,,,,1803,3279,3279,3935,,,,,,SUCCESSFUL_PURCHASE,113.5,4.5,118.0,55,5337.0,3534.0,,9,9,100000.0,False,4,35000.0
14,2,SELL_TO_SHOP,GUNNER,,NONE,33,GUNNER,heavy_weapon,4,,,,,,14160,14160,,,,,,,INVENTORY_FULL,118.0,0.0,118.0,55,3534.0,3534.0,,9,9,100000.0,False,4,35000.0
15,3,SELL_TO_SHOP,GUNNER,,NONE,33,GUNNER,heavy_weapon,1,,,,,,1867,1867,,,,,,,INVENTORY_FULL,118.0,-2.0,116.0,55,-11466.0,-11466.0,,9,9,100000.0,True,4,35000.0
15,3,SELL_TO_SHOP,GUNNER,,NONE,33,GUNNER,gun,3,,,,,,11748,11748,,,,,,,INVENTORY_FULL,116.0,-2.0,114.0,55,-11466.0,-11466.0,,9,9,100000.0,True,4,35000.0
15,3,BUY_FROM_SHOP,ARCHER,bow,SELL_TO_CUSTOMER,32,ARCHER,crossbow,1,84.2925,1.0,False,HIGH_INTEREST,1803,3279,3279,3935,3738,3738,1935,1.0732113144758735,1,BUYER_PURCHASES,114.0,0.75,114.75,56,-11466.0,-7728.0,1,8,9,100000.0,True,4,35000.0
15,3,SELL_TO_SHOP,CLERIC,,NONE,33,CLERIC,staff,1,,,,,,6990,6990,,,,,,,MISSED_PURCHASE_DUE_TO_CASH,114.75,-2.0,112.75,56,-7728.0,-7728.0,,8,9,100000.0,True,4,35000.0
15,3,SELL_TO_SHOP,MAGE,,NONE,33,MAGE,wand,2,,,,,,820,820,,,,,,,MISSED_PURCHASE_DUE_TO_CASH,112.75,0.0,112.75,56,-7728.0,-7728.0,,8,9,100000.0,True,4,35000.0
15,3,BUY_FROM_SHOP,CLERIC,gauntlet,SELL_TO_CUSTOMER,29,CLERIC,mace,3,71.645,1.0,False,HIGH_INTEREST,5049,5738,5738,6886,6312,6312,1263,0.2501485442661913,1,BUYER_PURCHASES,112.75,0.75,113.5,57,-7728.0,-1416.0,2,7,9,100000.0,True,4,35000.0
15,3,SELL_TO_SHOP,ROGUE,,NONE,33,ROGUE,dagger,2,,,,,,2934,2934,,,,,,,REJECTED_OVERPRICED,113.5,0.0,113.5,57,-1416.0,-1416.0,,7,9,100000.0,True,4,35000.0
16,3,BUY_FROM_SHOP,WARRIOR,axe,NONE,24,WARRIOR,one_handed_sword,1,69.67,0.5,False,MEDIUM_INTEREST,1972,1972,1652,1982,1735,,,,2,PRICE_NEGOTIATION_FAILURE,113.5,0.0,113.5,57,-1416.0,-1416.0,5,7,9,100000.0,True,4,35000.0
16,3,SELL_TO_SHOP,ROGUE,,NONE,33,ROGUE,throwing_weapon,3,,,,,,12185,12185,,,,,,,MISSED_PURCHASE_DUE_TO_CASH,113.5,0.0,113.5,57,-1416.0,-1416.0,,7,9,100000.0,True,4,35000.0
16,3,BUY_FROM_SHOP,MAGE,staff,NONE,,,,,,,,,,,,,,,,,,NO_COMPATIBLE_ITEM,113.5,0.0,113.5,57,-1416.0,-1416.0,,7,9,100000.0,True,4,35000.0
16,3,BUY_FROM_SHOP,CLERIC,mace,SELL_TO_CUSTOMER,26,CLERIC,staff,2,80.5475,1.0,False,HIGH_INTEREST,1315,2192,2192,2630,2498,2498,1183,0.8996197718631179,1,BUYER_PURCHASES,113.5,0.75,114.25,58,-1416.0,1082.0,4,6,9,100000.0,False,4,35000.0
16,3,SELL_TO_SHOP,ROGUE,,NONE,33,ROGUE,dagger,1,,,,,,4834,4834,,,,,,,MISSED_PURCHASE_DUE_TO_CASH,114.25,-2.0,112.25,58,1082.0,1082.0,,6,9,100000.0,False,4,35000.0
16,3,BUY_FROM_SHOP,CLERIC,staff,SELL_TO_CUSTOMER,31,CLERIC,gauntlet,1,71.7,0.5,False,HIGH_INTEREST,2043,3715,3715,4458,4087,4087,2044,1.0004894762604013,1,BUYER_PURCHASES,112.25,0.75,113.0,59,1082.0,5169.0,2,5,9,100000.0,False,4,35000.0
16,3,SELL_TO_SHOP,ROGUE,,BUY_FROM_CUSTOMER,33,ROGUE,throwing_weapon,1,,,,,1144,2288,2288,2746,,,,,,SUCCESSFUL_PURCHASE,113.0,1.5,114.5,60,5169.0,4025.0,,6,9,100000.0,False,4,35000.0
16,3,SELL_TO_SHOP,GUNNER,,NONE,34,GUNNER,gun,3,,,,,,9540,9540,,,,,,,MISSED_PURCHASE_DUE_TO_CASH,114.5,-2.0,112.5,60,4025.0,4025.0,,6,9,100000.0,False,4,35000.0
17,3,BUY_FROM_SHOP,CLERIC,gauntlet,SELL_TO_CUSTOMER,30,CLERIC,mace,1,67.7,1.0,False,MEDIUM_INTEREST,1477,2685,2685,3222,2900,2900,1423,0.963439404197698,2,BUYER_PURCHASES,112.5,0,112.5,61,4025.0,6925.0,3,5,9,100000.0,False,4,35000.0
17,3,BUY_FROM_SHOP,ARCHER,bow,NONE,,,,,,,,,,,,,,,,,,NO_COMPATIBLE_ITEM,112.5,0.0,112.5,61,6925.0,6925.0,,5,9,100000.0,False,4,35000.0
17,3,SELL_TO_SHOP,WARRIOR,,BUY_FROM_CUSTOMER,34,WARRIOR,greatsword,1,,,,,4526,7544,7544,9053,,,,,,SUCCESSFUL_PURCHASE,112.5,4.5,117.0,62,6925.0,2399.0,,6,9,100000.0,False,4,35000.0
17,3,SELL_TO_SHOP,CLERIC,,NONE,35,CLERIC,staff,3,,,,,,5360,5360,,,,,,,MISSED_PURCHASE_DUE_TO_CASH,117.0,0.0,117.0,62,2399.0,2399.0,,6,9,100000.0,False,4,35000.0
17,3,BUY_FROM_SHOP,CLERIC,mace,NONE,,,,,,,,,,,,,,,,,,NO_COMPATIBLE_ITEM,117.0,0.0,117.0,62,2399.0,2399.0,,6,9,100000.0,False,4,35000.0
17,3,BUY_FROM_SHOP,GUNNER,gun,SELL_TO_CUSTOMER,9,GUNNER,gun,1,71.04625,1.0,True,HIGH_INTEREST,1180,2361,2511,3013,2637,2637,1457,1.2347457627118643,1,BUYER_PURCHASES,117.0,0.75,117.75,63,2399.0,5036.0,14,5,9,100000.0,False,4,35000.0
17,3,BUY_FROM_SHOP,GUNNER,heavy_weapon,NONE,14,GUNNER,gun,2,46.63,0.5,False,LOW_INTEREST,3439,3908,4298,5158,4083,,,,3,PRICE_NEGOTIATION_FAILURE,117.75,0.0,117.75,63,5036.0,5036.0,12,5,9,100000.0,False,4,35000.0
18,3,SELL_TO_SHOP,ARCHER,,NONE,35,GUNNER,heavy_weapon,2,,,,,,8100,8100,,,,,,,REJECTED_OVERPRICED,117.75,-2.0,115.75,63,5036.0,5036.0,,5,9,100000.0,False,4,35000.0
18,3,SELL_TO_SHOP,GUNNER,,NONE,35,GUNNER,gun,1,,,,,,3111,3111,,,,,,,REJECTED_OVERPRICED,115.75,-2.0,113.75,63,5036.0,5036.0,,5,9,100000.0,False,4,35000.0
18,3,BUY_FROM_SHOP,WARRIOR,spear,SELL_TO_CUSTOMER,34,WARRIOR,greatsword,1,83.51,1.0,False,HIGH_INTEREST,4526,7544,7544,9053,8600,8600,4074,0.9001325673884224,1,BUYER_PURCHASES,113.75,0.75,114.5,64,5036.0,13636.0,1,4,9,100000.0,False,4,35000.0
18,3,BUY_FROM_SHOP,GUNNER,heavy_weapon,SELL_TO_CUSTOMER,14,GUNNER,gun,2,61.545,0.5,False,MEDIUM_INTEREST,3439,3908,4298,5158,4298,4298,859,0.24978191334690317,2,BUYER_PURCHASES,114.5,0,114.5,65,13636.0,17934.0,13,3,9,100000.0,False,4,35000.0
18,3,SELL_TO_SHOP,GUNNER,,BUY_FROM_CUSTOMER,35,GUNNER,gun,1,,,,,5038,5248,5248,6298,,,,,,SUCCESSFUL_PURCHASE,114.5,4.5,119.0,66,17934.0,12896.0,,4,9,100000.0,False,4,35000.0
18,3,BUY_FROM_SHOP,ARCHER,crossbow,NONE,,,,,,,,,,,,,,,,,,NO_COMPATIBLE_ITEM,119.0,0.0,119.0,66,12896.0,12896.0,,4,9,100000.0,False,4,35000.0
18,3,BUY_FROM_SHOP,ROGUE,dagger,NONE,33,ROGUE,throwing_weapon,1,45.98,0.0,False,LOW_INTEREST,1144,2288,2288,2746,2174,,,,3,PRICE_NEGOTIATION_FAILURE,119.0,0.0,119.0,66,12896.0,12896.0,2,4,9,100000.0,False,4,35000.0
19,3,SELL_TO_SHOP,ROGUE,,NONE,36,ROGUE,throwing_weapon,3,,,,,,17490,17490,,,,,,,REJECTED_OVERPRICED,119.0,0.0,119.0,66,12896.0,12896.0,,4,9,100000.0,False,4,35000.0
19,3,SELL_TO_SHOP,ROGUE,,BUY_FROM_CUSTOMER,36,WARRIOR,one_handed_sword,1,,,,,1665,2775,2775,3330,,,,,,SUCCESSFUL_PURCHASE,119.0,3.0,122.0,67,12896.0,11231.0,,5,9,100000.0,False,4,35000.0
19,3,SELL_TO_SHOP,CLERIC,,BUY_FROM_CUSTOMER,37,ROGUE,throwing_weapon,1,,,,,1495,1495,1495,1794,,,,,,SUCCESSFUL_PURCHASE,122.0,1.5,123.5,68,11231.0,9736.0,,6,9,100000.0,False,4,35000.0
19,3,BUY_FROM_SHOP,WARRIOR,spear,NONE,24,WARRIOR,one_handed_sword,1,79.2675,1.0,False,HIGH_INTEREST,1972,1972,1652,1982,1735,,,,1,PRICE_NEGOTIATION_FAILURE,123.5,0.0,123.5,68,9736.0,9736.0,8,6,9,100000.0,False,4,35000.0
19,3,BUY_FROM_SHOP,WARRIOR,greatsword,NONE,24,WARRIOR,one_handed_sword,1,81.4,1.0,False,HIGH_INTEREST,1972,1972,1652,1982,1883,,,,1,PRICE_NEGOTIATION_FAILURE,123.5,0.0,123.5,68,9736.0,9736.0,8,6,9,100000.0,False,4,35000.0
19,3,SELL_TO_SHOP,ROGUE,,BUY_FROM_CUSTOMER,38,ARCHER,crossbow,2,,,,,1650,3000,3000,3600,,,,,,SUCCESSFUL_PURCHASE,123.5,4.5,128.0,69,9736.0,8086.0,,7,9,100000.0,False,4,35000.0
19,3,SELL_TO_SHOP,CLERIC,,BUY_FROM_CUSTOMER,39,CLERIC,staff,1,,,,,5287,6008,6008,7210,,,,,,SUCCESSFUL_PURCHASE,128.0,4.5,132.5,70,8086.0,2799.0,,8,9,100000.0,False,4,35000.0
20,3,BUY_FROM_SHOP,WARRIOR,axe,NONE,24,WARRIOR,one_handed_sword,1,65.535,1.0,False,MEDIUM_INTEREST,1972,1972,1652,1982,1784,,,,2,PRICE_NEGOTIATION_FAILURE,132.5,0.0,132.5,70,2799.0,2799.0,9,8,9,100000.0,False,4,35000.0
20,3,BUY_FROM_SHOP,ARCHER,crossbow,NONE,,,,,38.75,0.25,True,,,,,,,,,,,NO_INTEREST,132.5,0.0,132.5,70,2799.0,2799.0,,8,9,100000.0,False,4,35000.0
20,3,SELL_TO_SHOP,MAGE,,NONE,40,MAGE,wand,2,,,,,,2165,2165,,,,,,,REJECTED_OVERPRICED,132.5,0.0,132.5,70,2799.0,2799.0,,8,9,100000.0,False,4,35000.0
20,3,SELL_TO_SHOP,GUNNER,,NONE,40,ARCHER,bow,3,,,,,,15925,15925,,,,,,,MISSED_PURCHASE_DUE_TO_CASH,132.5,0.0,132.5,70,2799.0,2799.0,,8,9,100000.0,False,4,35000.0
20,3,SELL_TO_SHOP,WARRIOR,,NONE,40,WARRIOR,one_handed_sword,1,,,,,,3582,3582,,,,,,,MISSED_PURCHASE_DUE_TO_CASH,132.5,-2.0,130.5,70,2799.0,2799.0,,8,9,100000.0,False,4,35000.0
20,3,BUY_FROM_SHOP,GUNNER,gun,SELL_TO_CUSTOMER,35,GUNNER,gun,1,84.61333333333333,1.0,True,HIGH_INTEREST,5038,5248,5248,6298,5510,5510,472,0.09368797141722907,1,BUYER_PURCHASES,130.5,0.75,131.25,71,2799.0,8309.0,2,7,9,100000.0,False,4,35000.0
20,3,SELL_TO_SHOP,GUNNER,,NONE,40,GUNNER,heavy_weapon,1,,,,,,6922,6922,,,,,,,REJECTED_OVERPRICED,131.25,-2.0,129.25,71,8309.0,8309.0,,7,9,100000.0,False,4,35000.0
21,3,BUY_FROM_SHOP,WARRIOR,spear,NONE,24,WARRIOR,one_handed_sword,1,76.4,1.0,False,HIGH_INTEREST,1972,1972,1652,1982,1883,,,,1,PRICE_NEGOTIATION_FAILURE,129.25,0.0,129.25,71,8309.0,8309.0,10,7,9,100000.0,False,4,35000.0
21,3,SELL_TO_SHOP,GUNNER,,BUY_FROM_CUSTOMER,40,GUNNER,gun,1,,,,,2857,5194,5194,6233,,,,,,SUCCESSFUL_PURCHASE,129.25,4.5,133.75,72,8309.0,5452.0,,8,9,100000.0,False,4,35000.0
21,3,BUY_FROM_SHOP,MAGE,staff,NONE,,,,,,,,,,,,,,,,,,NO_COMPATIBLE_ITEM,133.75,0.0,133.75,72,5452.0,5452.0,,8,9,100000.0,False,4,35000.0
21,3,SELL_TO_SHOP,MAGE,,NONE,41,MAGE,wand,1,,,,,,5288,5288,,,,,,,REJECTED_OVERPRICED,133.75,-2.0,131.75,72,5452.0,5452.0,,8,9,100000.0,False,4,35000.0
21,3,SELL_TO_SHOP,ARCHER,,BUY_FROM_CUSTOMER,41,ARCHER,crossbow,1,,,,,2302,2398,2398,2878,,,,,,SUCCESSFUL_PURCHASE,131.75,4.5,136.25,73,5452.0,3150.0,,9,9,100000.0,False,4,35000.0
21,3,SELL_TO_SHOP,ARCHER,,NONE,42,ARCHER,bow,1,,,,,,4260,4260,,,,,,,INVENTORY_FULL,136.25,0.0,136.25,73,3150.0,3150.0,,9,9,100000.0,False,4,35000.0
21,3,BUY_FROM_SHOP,ARCHER,bow,SELL_TO_CUSTOMER,41,ARCHER,crossbow,1,87.44,1.0,False,VERY_HIGH_INTEREST,2302,2398,2398,2878,2878,2878,576,0.25021720243266726,0,BUYER_PURCHASES,136.25,1.5,137.75,74,3150.0,6028.0,0,8,9,100000.0,False,4,35000.0
22,4,BUY_FROM_SHOP,CLERIC,staff,SELL_TO_CUSTOMER,39,CLERIC,staff,1,84.11,1.0,True,HIGH_INTEREST,5287,6008,5608,6730,6394,6394,1107,0.20938150179686021,1,BUYER_PURCHASES,137.75,0.75,138.5,75,-13972.0,-7578.0,3,7,9,100000.0,True,4,35000.0
22,4,BUY_FROM_SHOP,WARRIOR,one_handed_sword,NONE,24,WARRIOR,one_handed_sword,1,87.3675,1.0,True,VERY_HIGH_INTEREST,1972,1972,1452,1742,1742,,,,0,PRICE_NEGOTIATION_FAILURE,138.5,0.0,138.5,75,-7578.0,-7578.0,11,7,9,100000.0,True,4,35000.0
22,4,SELL_TO_SHOP,ROGUE,,NONE,42,ROGUE,dagger,4,,,,,,56100,56100,,,,,,,REJECTED_SCAMMER,138.5,-5,133.5,75,-7578.0,-7578.0,,7,9,100000.0,True,4,35000.0
22,4,BUY_FROM_SHOP,WARRIOR,spear,NONE,24,WARRIOR,one_handed_sword,1,77.235,1.0,False,HIGH_INTEREST,1972,1972,1452,1742,1597,,,,1,PRICE_NEGOTIATION_FAILURE,133.5,0.0,133.5,75,-7578.0,-7578.0,11,7,9,100000.0,True,4,35000.0
22,4,BUY_FROM_SHOP,ARCHER,crossbow,NONE,38,ARCHER,crossbow,2,43.15,0.25,True,LOW_INTEREST,1650,3000,1800,2160,1710,,,,3,PRICE_NEGOTIATION_FAILURE,133.5,0.0,133.5,75,-7578.0,-7578.0,3,7,9,100000.0,True,4,35000.0
22,4,BUY_FROM_SHOP,WARRIOR,axe,NONE,24,WARRIOR,one_handed_sword,1,41.635,0.0,False,LOW_INTEREST,1972,1972,1452,1742,1481,,,,3,PRICE_NEGOTIATION_FAILURE,133.5,0.0,133.5,75,-7578.0,-7578.0,11,7,9,100000.0,True,4,35000.0
22,4,BUY_FROM_SHOP,CLERIC,gauntlet,NONE,,,,,,,,,,,,,,,,,,NO_COMPATIBLE_ITEM,133.5,0.0,133.5,75,-7578.0,-7578.0,,7,9,100000.0,True,4,35000.0
22,4,SELL_TO_SHOP,CLERIC,,NONE,42,CLERIC,gauntlet,3,,,,,,10522,10522,,,,,,,MISSED_PURCHASE_DUE_TO_CASH,133.5,-2.0,131.5,75,-7578.0,-7578.0,,7,9,100000.0,True,4,35000.0
23,4,BUY_FROM_SHOP,MAGE,grimoire,NONE,,,,,,,,,,,,,,,,,,NO_COMPATIBLE_ITEM,131.5,0.0,131.5,75,-7578.0,-7578.0,,7,9,100000.0,True,4,35000.0
23,4,BUY_FROM_SHOP,ROGUE,dagger,SELL_TO_CUSTOMER,33,ROGUE,throwing_weapon,1,57.8475,0.5,False,MEDIUM_INTEREST,1144,2288,2189,2627,2298,2298,1154,1.0087412587412588,2,BUYER_PURCHASES,131.5,0,131.5,76,-7578.0,-5280.0,7,6,9,100000.0,True,4,35000.0
23,4,BUY_FROM_SHOP,MAGE,grimoire,NONE,,,,,,,,,,,,,,,,,,NO_COMPATIBLE_ITEM,131.5,0.0,131.5,76,-5280.0,-5280.0,,6,9,100000.0,True,4,35000.0
23,4,SELL_TO_SHOP,ARCHER,,NONE,42,MAGE,wand,3,,,,,,6825,6825,,,,,,,MISSED_PURCHASE_DUE_TO_CASH,131.5,-2.0,129.5,76,-5280.0,-5280.0,,6,9,100000.0,True,4,35000.0
23,4,BUY_FROM_SHOP,CLERIC,gauntlet,NONE,,,,,,,,,,,,,,,,,,NO_COMPATIBLE_ITEM,129.5,0.0,129.5,76,-5280.0,-5280.0,,6,9,100000.0,True,4,35000.0
23,4,SELL_TO_SHOP,GUNNER,,NONE,42,GUNNER,heavy_weapon,1,,,,,,1769,1769,,,,,,,REJECTED_OVERPRICED,129.5,0.0,129.5,76,-5280.0,-5280.0,,6,9,100000.0,True,4,35000.0
23,4,BUY_FROM_SHOP,GUNNER,gun,SELL_TO_CUSTOMER,40,GUNNER,gun,1,65.07,0.0,True,MEDIUM_INTEREST,2857,5194,5314,6377,5580,5580,2723,0.9530976548827441,2,BUYER_PURCHASES,129.5,0,129.5,77,-5280.0,300.0,2,5,9,100000.0,False,4,35000.0
23,4,BUY_FROM_SHOP,MAGE,grimoire,NONE,,,,,,,,,,,,,,,,,,NO_COMPATIBLE_ITEM,129.5,0.0,129.5,77,300.0,300.0,,5,9,100000.0,False,4,35000.0
24,4,BUY_FROM_SHOP,CLERIC,gauntlet,NONE,,,,,,,,,,,,,,,,,,NO_COMPATIBLE_ITEM,129.5,0.0,129.5,77,300.0,300.0,,5,9,100000.0,False,4,35000.0
24,4,BUY_FROM_SHOP,ARCHER,bow,NONE,,,,,39.35,0.25,False,,,,,,,,,,,NO_INTEREST,129.5,0.0,129.5,77,300.0,300.0,,5,9,100000.0,False,4,35000.0
24,4,BUY_FROM_SHOP,MAGE,grimoire,NONE,,,,,,,,,,,,,,,,,,NO_COMPATIBLE_ITEM,129.5,0.0,129.5,77,300.0,300.0,,5,9,100000.0,False,4,35000.0
24,4,SELL_TO_SHOP,WARRIOR,,NONE,42,WARRIOR,axe,2,,,,,,1592,1592,,,,,,,MISSED_PURCHASE_DUE_TO_CASH,129.5,0.0,129.5,77,300.0,300.0,,5,9,100000.0,False,4,35000.0
24,4,BUY_FROM_SHOP,GUNNER,heavy_weapon,NONE,,,,,,,,,,,,,,,,,,NO_COMPATIBLE_ITEM,129.5,0.0,129.5,77,300.0,300.0,,5,9,100000.0,False,4,35000.0
24,4,BUY_FROM_SHOP,GUNNER,heavy_weapon,NONE,,,,,,,,,,,,,,,,,,NO_COMPATIBLE_ITEM,129.5,0.0,129.5,77,300.0,300.0,,5,9,100000.0,False,4,35000.0
24,4,BUY_FROM_SHOP,GUNNER,heavy_weapon,NONE,,,,,,,,,,,,,,,,,,NO_COMPATIBLE_ITEM,129.5,0.0,129.5,77,300.0,300.0,,5,9,100000.0,False,4,35000.0
24,4,SELL_TO_SHOP,ARCHER,,NONE,42,WARRIOR,spear,1,,,,,,1800,1800,,,,,,,MISSED_PURCHASE_DUE_TO_CASH,129.5,0.0,129.5,77,300.0,300.0,,5,9,100000.0,False,4,35000.0
25,4,BUY_FROM_SHOP,ROGUE,dagger,SELL_TO_CUSTOMER,28,ROGUE,throwing_weapon,1,72.11583333333333,1.0,False,HIGH_INTEREST,937,1065,1005,1206,1106,1106,169,0.18036286019210246,1,BUYER_PURCHASES,129.5,0.75,130.25,78,300.0,1406.0,13,4,9,100000.0,False,4,35000.0
25,4,BUY_FROM_SHOP,ROGUE,dagger,NONE,37,ROGUE,throwing_weapon,1,60.05,1.0,False,MEDIUM_INTEREST,1495,1495,1365,1638,1474,,,,2,PRICE_NEGOTIATION_FAILURE,130.25,0.0,130.25,78,1406.0,1406.0,6,4,9,100000.0,False,4,35000.0
25,4,SELL_TO_SHOP,CLERIC,,NONE,42,CLERIC,staff,2,,,,,,3620,3620,,,,,,,MISSED_PURCHASE_DUE_TO_CASH,130.25,-2.0,128.25,78,1406.0,1406.0,,4,9,100000.0,False,4,35000.0
25,4,SELL_TO_SHOP,CLERIC,,NONE,42,CLERIC,staff,1,,,,,,224,224,,,,,,,REJECTED_OVERPRICED,128.25,-2.0,126.25,78,1406.0,1406.0,,4,9,100000.0,False,4,35000.0
25,4,BUY_FROM_SHOP,MAGE,wand,NONE,,,,,,,,,,,,,,,,,,NO_COMPATIBLE_ITEM,126.25,0.0,126.25,78,1406.0,1406.0,,4,9,100000.0,False,4,35000.0
25,4,BUY_FROM_SHOP,WARRIOR,greatsword,NONE,24,WARRIOR,one_handed_sword,1,83.535,1.0,False,HIGH_INTEREST,1972,1972,1452,1742,1597,,,,1,PRICE_NEGOTIATION_FAILURE,126.25,0.0,126.25,78,1406.0,1406.0,14,4,9,100000.0,False,4,35000.0
26,4,BUY_FROM_SHOP,CLERIC,staff,NONE,,,,,,,,,,,,,,,,,,NO_COMPATIBLE_ITEM,126.25,0.0,126.25,78,1406.0,1406.0,,4,9,100000.0,False,4,35000.0
26,4,SELL_TO_SHOP,ARCHER,,NONE,42,ARCHER,bow,4,,,,,,47444,47444,,,,,,,REJECTED_OVERPRICED,126.25,-2.0,124.25,78,1406.0,1406.0,,4,9,100000.0,False,4,35000.0
26,4,BUY_FROM_SHOP,GUNNER,heavy_weapon,NONE,,,,,,,,,,,,,,,,,,NO_COMPATIBLE_ITEM,124.25,0.0,124.25,78,1406.0,1406.0,,4,9,100000.0,False,4,35000.0
26,4,SELL_TO_SHOP,CLERIC,,NONE,42,ARCHER,bow,1,,,,,,1760,1760,,,,,,,REJECTED_OVERPRICED,124.25,-2.0,122.25,78,1406.0,1406.0,,4,9,100000.0,False,4,35000.0
26,4,BUY_FROM_SHOP,GUNNER,gun,NONE,,,,,,,,,,,,,,,,,,NO_COMPATIBLE_ITEM,122.25,0.0,122.25,78,1406.0,1406.0,,4,9,100000.0,False,4,35000.0
26,4,BUY_FROM_SHOP,MAGE,staff,NONE,,,,,,,,,,,,,,,,,,NO_COMPATIBLE_ITEM,122.25,0.0,122.25,78,1406.0,1406.0,,4,9,100000.0,False,4,35000.0
27,4,BUY_FROM_SHOP,CLERIC,gauntlet,NONE,,,,,,,,,,,,,,,,,,NO_COMPATIBLE_ITEM,122.25,0.0,122.25,78,1406.0,1406.0,,4,9,100000.0,False,4,35000.0
27,4,SELL_TO_SHOP,WARRIOR,,NONE,42,WARRIOR,axe,4,,,,,,59640,59640,,,,,,,MISSED_PURCHASE_DUE_TO_CASH,122.25,-2.0,120.25,78,1406.0,1406.0,,4,9,100000.0,False,4,35000.0
27,4,BUY_FROM_SHOP,ARCHER,bow,SELL_TO_CUSTOMER,38,ARCHER,crossbow,2,61.05,1.0,False,MEDIUM_INTEREST,1650,3000,1800,2160,1944,1944,294,0.1781818181818182,2,BUYER_PURCHASES,120.25,0,120.25,79,1406.0,3350.0,8,3,9,100000.0,False,4,35000.0
27,4,SELL_TO_SHOP,GUNNER,,NONE,42,GUNNER,heavy_weapon,1,,,,,,1949,1949,,,,,,,REJECTED_OVERPRICED,120.25,0.0,120.25,79,3350.0,3350.0,,3,9,100000.0,False,4,35000.0
27,4,SELL_TO_SHOP,MAGE,,NONE,42,MAGE,wand,3,,,,,,16854,16854,,,,,,,MISSED_PURCHASE_DUE_TO_CASH,120.25,-2.0,118.25,79,3350.0,3350.0,,3,9,100000.0,False,4,35000.0
27,4,SELL_TO_SHOP,CLERIC,,NONE,42,CLERIC,gauntlet,2,,,,,,4352,4352,,,,,,,MISSED_PURCHASE_DUE_TO_CASH,118.25,-2.0,116.25,79,3350.0,3350.0,,3,9,100000.0,False,4,35000.0
27,4,BUY_FROM_SHOP,WARRIOR,axe,NONE,24,WARRIOR,one_handed_sword,1,68.5,1.0,False,MEDIUM_INTEREST,1972,1972,1452,1742,1452,,,,2,PRICE_NEGOTIATION_FAILURE,116.25,0.0,116.25,79,3350.0,3350.0,16,3,9,100000.0,False,4,35000.0
27,4,SELL_TO_SHOP,WARRIOR,,BUY_FROM_CUSTOMER,42,WARRIOR,spear,1,,,,,1853,3706,3706,4447,,,,,,SUCCESSFUL_PURCHASE,116.25,1.5,117.75,80,3350.0,1497.0,,4,9,100000.0,False,4,35000.0
28,4,BUY_FROM_SHOP,MAGE,grimoire,NONE,,,,,,,,,,,,,,,,,,NO_COMPATIBLE_ITEM,117.75,0.0,117.75,80,1497.0,1497.0,,4,9,100000.0,False,4,35000.0
28,4,SELL_TO_SHOP,ARCHER,,NONE,43,WARRIOR,greatsword,3,,,,,,10075,10075,,,,,,,REJECTED_OVERPRICED,117.75,-2.0,115.75,80,1497.0,1497.0,,4,9,100000.0,False,4,35000.0
28,4,BUY_FROM_SHOP,CLERIC,gauntlet,NONE,,,,,,,,,,,,,,,,,,NO_COMPATIBLE_ITEM,115.75,0.0,115.75,80,1497.0,1497.0,,4,9,100000.0,False,4,35000.0
28,4,BUY_FROM_SHOP,ROGUE,throwing_weapon,NONE,37,ROGUE,throwing_weapon,1,55.15,1.0,True,MEDIUM_INTEREST,1495,1495,1365,1638,1474,,,,2,PRICE_NEGOTIATION_FAILURE,115.75,0.0,115.75,80,1497.0,1497.0,9,4,9,100000.0,False,4,35000.0
28,4,SELL_TO_SHOP,CLERIC,,NONE,43,CLERIC,staff,2,,,,,,6240,6240,,,,,,,MISSED_PURCHASE_DUE_TO_CASH,115.75,-2.0,113.75,80,1497.0,1497.0,,4,9,100000.0,False,4,35000.0
28,4,BUY_FROM_SHOP,MAGE,staff,NONE,,,,,,,,,,,,,,,,,,NO_COMPATIBLE_ITEM,113.75,0.0,113.75,80,1497.0,1497.0,,4,9,100000.0,False,4,35000.0
28,4,SELL_TO_SHOP,GUNNER,,NONE,43,GUNNER,gun,3,,,,,,9980,9980,,,,,,,MISSED_PURCHASE_DUE_TO_CASH,113.75,-2.0,111.75,80,1497.0,1497.0,,4,9,100000.0,False,4,35000.0
28,4,BUY_FROM_SHOP,MAGE,staff,NONE,,,,,,,,,,,,,,,,,,NO_COMPATIBLE_ITEM,111.75,0.0,111.75,80,1497.0,1497.0,,4,9,100000.0,False,4,35000.0
29,5,SELL_TO_SHOP,MAGE,,NONE,43,ROGUE,throwing_weapon,1,,,,,,2250,2250,,,,,,,MISSED_PURCHASE_DUE_TO_CASH,111.75,-2.0,109.75,80,-23503.0,-23503.0,,4,9,100000.0,True,4,35000.0
29,5,BUY_FROM_SHOP,GUNNER,heavy_weapon,NONE,,,,,,,,,,,,,,,,,,NO_COMPATIBLE_ITEM,109.75,0.0,109.75,80,-23503.0,-23503.0,,4,9,100000.0,True,4,35000.0
29,5,SELL_TO_SHOP,ROGUE,,NONE,43,ROGUE,dagger,1,,,,,,1192,1192,,,,,,,MISSED_PURCHASE_DUE_TO_CASH,109.75,0.0,109.75,80,-23503.0,-23503.0,,4,9,100000.0,True,4,35000.0
29,5,SELL_TO_SHOP,ARCHER,,NONE,43,ARCHER,bow,4,,,,,,19488,19488,,,,,,,REJECTED_OVERPRICED,109.75,0.0,109.75,80,-23503.0,-23503.0,,4,9,100000.0,True,4,35000.0
29,5,BUY_FROM_SHOP,GUNNER,gun,NONE,,,,,,,,,,,,,,,,,,NO_COMPATIBLE_ITEM,109.75,0.0,109.75,80,-23503.0,-23503.0,,4,9,100000.0,True,4,35000.0
29,5,SELL_TO_SHOP,CLERIC,,NONE,43,CLERIC,gauntlet,3,,,,,,6711,6711,,,,,,,REJECTED_OVERPRICED,109.75,0.0,109.75,80,-23503.0,-23503.0,,4,9,100000.0,True,4,35000.0
29,5,SELL_TO_SHOP,CLERIC,,NONE,43,CLERIC,staff,4,,,,,,45158,45158,,,,,,,MISSED_PURCHASE_DUE_TO_CASH,109.75,0.0,109.75,80,-23503.0,-23503.0,,4,9,100000.0,True,4,35000.0
29,5,SELL_TO_SHOP,WARRIOR,,NONE,43,WARRIOR,one_handed_sword,1,,,,,,453,453,,,,,,,REJECTED_OVERPRICED,109.75,-2.0,107.75,80,-23503.0,-23503.0,,4,9,100000.0,True,4,35000.0
30,5,SELL_TO_SHOP,GUNNER,,NONE,43,GUNNER,gun,4,,,,,,7449,7449,,,,,,,MISSED_PURCHASE_DUE_TO_CASH,107.75,0.0,107.75,80,-23503.0,-23503.0,,4,9,100000.0,True,4,35000.0
30,5,SELL_TO_SHOP,GUNNER,,NONE,43,GUNNER,gun,3,,,,,,17062,17062,,,,,,,MISSED_PURCHASE_DUE_TO_CASH,107.75,-2.0,105.75,80,-23503.0,-23503.0,,4,9,100000.0,True,4,35000.0
30,5,BUY_FROM_SHOP,MAGE,wand,NONE,,,,,,,,,,,,,,,,,,NO_COMPATIBLE_ITEM,105.75,0.0,105.75,80,-23503.0,-23503.0,,4,9,100000.0,True,4,35000.0
30,5,BUY_FROM_SHOP,ARCHER,bow,NONE,,,,,,,,,,,,,,,,,,NO_COMPATIBLE_ITEM,105.75,0.0,105.75,80,-23503.0,-23503.0,,4,9,100000.0,True,4,35000.0
30,5,SELL_TO_SHOP,MAGE,,NONE,43,MAGE,staff,3,,,,,,26576,26576,,,,,,,MISSED_PURCHASE_DUE_TO_CASH,105.75,0.0,105.75,80,-23503.0,-23503.0,,4,9,100000.0,True,4,35000.0
30,5,SELL_TO_SHOP,ARCHER,,NONE,43,ARCHER,crossbow,3,,,,,,6885,6885,,,,,,,MISSED_PURCHASE_DUE_TO_CASH,105.75,-2.0,103.75,80,-23503.0,-23503.0,,4,9,100000.0,True,4,35000.0
30,5,SELL_TO_SHOP,ROGUE,,NONE,43,ROGUE,dagger,1,,,,,,1318,1318,,,,,,,MISSED_PURCHASE_DUE_TO_CASH,103.75,0.0,103.75,80,-23503.0,-23503.0,,4,9,100000.0,True,4,35000.0
30,5,BUY_FROM_SHOP,GUNNER,heavy_weapon,NONE,,,,,,,,,,,,,,,,,,NO_COMPATIBLE_ITEM,103.75,0.0,103.75,80,-23503.0,-23503.0,,4,9,100000.0,True,4,35000.0
31,5,SELL_TO_SHOP,WARRIOR,,NONE,43,WARRIOR,one_handed_sword,2,,,,,,876,876,,,,,,,REJECTED_SCAMMER,103.75,-5,98.75,80,-23503.0,-23503.0,,4,9,100000.0,True,4,35000.0
31,5,BUY_FROM_SHOP,ARCHER,crossbow,NONE,,,,,,,,,,,,,,,,,,NO_COMPATIBLE_ITEM,98.75,0.0,98.75,80,-23503.0,-23503.0,,4,9,100000.0,True,4,35000.0
31,5,SELL_TO_SHOP,WARRIOR,,NONE,43,MAGE,grimoire,3,,,,,,12350,12350,,,,,,,MISSED_PURCHASE_DUE_TO_CASH,98.75,-2.0,96.75,80,-23503.0,-23503.0,,4,9,100000.0,True,4,35000.0
31,5,BUY_FROM_SHOP,ARCHER,bow,NONE,,,,,,,,,,,,,,,,,,NO_COMPATIBLE_ITEM,96.75,0.0,96.75,80,-23503.0,-23503.0,,4,9,100000.0,True,4,35000.0
31,5,SELL_TO_SHOP,WARRIOR,,NONE,43,GUNNER,gun,1,,,,,,100,100,,,,,,,MISSED_PURCHASE_DUE_TO_CASH,96.75,0.0,96.75,80,-23503.0,-23503.0,,4,9,100000.0,True,4,35000.0
31,5,SELL_TO_SHOP,MAGE,,NONE,43,MAGE,grimoire,2,,,,,,4229,4229,,,,,,,MISSED_PURCHASE_DUE_TO_CASH,96.75,0.0,96.75,80,-23503.0,-23503.0,,4,9,100000.0,True,4,35000.0
31,5,SELL_TO_SHOP,CLERIC,,NONE,43,ROGUE,throwing_weapon,1,,,,,,2175,2175,,,,,,,REJECTED_OVERPRICED,96.75,-2.0,94.75,80,-23503.0,-23503.0,,4,9,100000.0,True,4,35000.0
32,5,SELL_TO_SHOP,CLERIC,,NONE,43,CLERIC,staff,1,,,,,,3455,3455,,,,,,,REJECTED_SCAMMER,94.75,-5,89.75,80,-23503.0,-23503.0,,4,9,100000.0,True,4,35000.0
32,5,SELL_TO_SHOP,ROGUE,,NONE,43,ROGUE,throwing_weapon,1,,,,,,1728,1728,,,,,,,REJECTED_OVERPRICED,89.75,-2.0,87.75,80,-23503.0,-23503.0,,4,9,100000.0,True,4,35000.0
32,5,BUY_FROM_SHOP,CLERIC,mace,NONE,,,,,,,,,,,,,,,,,,NO_COMPATIBLE_ITEM,87.75,0.0,87.75,80,-23503.0,-23503.0,,4,9,100000.0,True,4,35000.0
32,5,BUY_FROM_SHOP,WARRIOR,axe,SELL_TO_CUSTOMER,42,WARRIOR,spear,1,68.66166666666666,0.5,False,MEDIUM_INTEREST,1853,3706,4006,4807,4006,4006,2153,1.1618996222342148,2,BUYER_PURCHASES,87.75,0,87.75,81,-23503.0,-19497.0,5,3,9,100000.0,True,4,35000.0
32,5,BUY_FROM_SHOP,GUNNER,gun,NONE,,,,,,,,,,,,,,,,,,NO_COMPATIBLE_ITEM,87.75,0.0,87.75,81,-19497.0,-19497.0,,3,9,100000.0,True,4,35000.0
32,5,SELL_TO_SHOP,ROGUE,,NONE,43,ROGUE,dagger,1,,,,,,1172,1172,,,,,,,REJECTED_OVERPRICED,87.75,0.0,87.75,81,-19497.0,-19497.0,,3,9,100000.0,True,4,35000.0
33,5,SELL_TO_SHOP,WARRIOR,,NONE,43,WARRIOR,axe,1,,,,,,1730,1730,,,,,,,REJECTED_OVERPRICED,87.75,0.0,87.75,81,-19497.0,-19497.0,,3,9,100000.0,True,4,35000.0
33,5,SELL_TO_SHOP,CLERIC,,NONE,43,CLERIC,gauntlet,4,,,,,,23692,23692,,,,,,,MISSED_PURCHASE_DUE_TO_CASH,87.75,-2.0,85.75,81,-19497.0,-19497.0,,3,9,100000.0,True,4,35000.0
33,5,SELL_TO_SHOP,CLERIC,,NONE,43,CLERIC,mace,2,,,,,,4695,4695,,,,,,,MISSED_PURCHASE_DUE_TO_CASH,85.75,0.0,85.75,81,-19497.0,-19497.0,,3,9,100000.0,True,4,35000.0
33,5,BUY_FROM_SHOP,ARCHER,bow,NONE,,,,,,,,,,,,,,,,,,NO_COMPATIBLE_ITEM,85.75,0.0,85.75,81,-19497.0,-19497.0,,3,9,100000.0,True,4,35000.0
33,5,BUY_FROM_SHOP,ROGUE,dagger,NONE,37,ROGUE,throwing_weapon,1,51.65,1.0,False,LOW_INTEREST,1495,1495,1495,1794,1525,,,,3,PRICE_NEGOTIATION_FAILURE,85.75,0.0,85.75,81,-19497.0,-19497.0,14,3,9,100000.0,True,4,35000.0
33,5,BUY_FROM_SHOP,GUNNER,gun,NONE,,,,,,,,,,,,,,,,,,NO_COMPATIBLE_ITEM,85.75,0.0,85.75,81,-19497.0,-19497.0,,3,9,100000.0,True,4,35000.0
34,5,BUY_FROM_SHOP,ARCHER,crossbow,NONE,,,,,,,,,,,,,,,,,,NO_COMPATIBLE_ITEM,85.75,0.0,85.75,81,-19497.0,-19497.0,,3,9,100000.0,True,4,35000.0
34,5,BUY_FROM_SHOP,CLERIC,mace,NONE,,,,,,,,,,,,,,,,,,NO_COMPATIBLE_ITEM,85.75,0.0,85.75,81,-19497.0,-19497.0,,3,9,100000.0,True,4,35000.0
34,5,BUY_FROM_SHOP,MAGE,wand,NONE,,,,,,,,,,,,,,,,,,NO_COMPATIBLE_ITEM,85.75,0.0,85.75,81,-19497.0,-19497.0,,3,9,100000.0,True,4,35000.0
34,5,SELL_TO_SHOP,ARCHER,,NONE,43,ARCHER,bow,4,,,,,,17235,17235,,,,,,,REJECTED_OVERPRICED,85.75,0.0,85.75,81,-19497.0,-19497.0,,3,9,100000.0,True,4,35000.0
34,5,SELL_TO_SHOP,MAGE,,NONE,43,MAGE,wand,1,,,,,,885,885,,,,,,,MISSED_PURCHASE_DUE_TO_CASH,85.75,0.0,85.75,81,-19497.0,-19497.0,,3,9,100000.0,True,4,35000.0
34,5,BUY_FROM_SHOP,WARRIOR,axe,NONE,24,WARRIOR,one_handed_sword,1,78.57000000000001,1.0,False,HIGH_INTEREST,1972,1972,1652,1982,1817,,,,1,PRICE_NEGOTIATION_FAILURE,85.75,0.0,85.75,81,-19497.0,-19497.0,23,3,9,100000.0,True,4,35000.0
34,5,BUY_FROM_SHOP,ROGUE,dagger,NONE,37,ROGUE,throwing_weapon,1,50.65,0.5,False,LOW_INTEREST,1495,1495,1495,1794,1420,,,,3,PRICE_NEGOTIATION_FAILURE,85.75,0.0,85.75,81,-19497.0,-19497.0,15,3,9,100000.0,True,4,35000.0
34,5,SELL_TO_SHOP,GUNNER,,NONE,43,GUNNER,gun,2,,,,,,6201,6201,,,,,,,MISSED_PURCHASE_DUE_TO_CASH,85.75,0.0,85.75,81,-19497.0,-19497.0,,3,9,100000.0,True,4,35000.0
35,5,BUY_FROM_SHOP,ROGUE,dagger,SELL_TO_CUSTOMER,37,ROGUE,throwing_weapon,1,61.05,1.0,False,MEDIUM_INTEREST,1495,1495,1495,1794,1570,1570,75,0.05016722408026756,2,BUYER_PURCHASES,85.75,0,85.75,82,-19497.0,-17927.0,16,2,9,100000.0,True,4,35000.0
35,5,SELL_TO_SHOP,ARCHER,,NONE,43,ARCHER,bow,2,,,,,,4480,4480,,,,,,,MISSED_PURCHASE_DUE_TO_CASH,85.75,0.0,85.75,82,-17927.0,-17927.0,,2,9,100000.0,True,4,35000.0
35,5,SELL_TO_SHOP,CLERIC,,NONE,43,CLERIC,mace,1,,,,,,1547,1547,,,,,,,MISSED_PURCHASE_DUE_TO_CASH,85.75,-2.0,83.75,82,-17927.0,-17927.0,,2,9,100000.0,True,4,35000.0
35,5,SELL_TO_SHOP,ROGUE,,NONE,43,CLERIC,mace,2,,,,,,3510,3510,,,,,,,MISSED_PURCHASE_DUE_TO_CASH,83.75,-2.0,81.75,82,-17927.0,-17927.0,,2,9,100000.0,True,4,35000.0
35,5,SELL_TO_SHOP,GUNNER,,NONE,43,GUNNER,heavy_weapon,4,,,,,,32580,32580,,,,,,,REJECTED_SCAMMER,81.75,-5,76.75,82,-17927.0,-17927.0,,2,9,100000.0,True,4,35000.0
35,5,BUY_FROM_SHOP,CLERIC,staff,NONE,,,,,,,,,,,,,,,,,,NO_COMPATIBLE_ITEM,76.75,0.0,76.75,82,-17927.0,-17927.0,,2,9,100000.0,True,4,35000.0
35,5,SELL_TO_SHOP,ARCHER,,NONE,43,ARCHER,bow,2,,,,,,8962,8962,,,,,,,MISSED_PURCHASE_DUE_TO_CASH,76.75,0.0,76.75,82,-17927.0,-17927.0,,2,9,100000.0,True,4,35000.0
36,6,SELL_TO_SHOP,GUNNER,,NONE,43,GUNNER,gun,1,,,,,,2189,2189,,,,,,,MISSED_PURCHASE_DUE_TO_CASH,76.75,0.0,76.75,82,-47927.0,-47927.0,,2,9,100000.0,True,4,35000.0
36,6,BUY_FROM_SHOP,WARRIOR,greatsword,NONE,24,WARRIOR,one_handed_sword,1,75.135,1.0,False,HIGH_INTEREST,1972,1972,1652,1982,1883,,,,1,PRICE_NEGOTIATION_FAILURE,76.75,0.0,76.75,82,-47927.0,-47927.0,25,2,9,100000.0,True,4,35000.0
36,6,SELL_TO_SHOP,ROGUE,,NONE,43,ROGUE,dagger,3,,,,,,7850,7850,,,,,,,MISSED_PURCHASE_DUE_TO_CASH,76.75,0.0,76.75,82,-47927.0,-47927.0,,2,9,100000.0,True,4,35000.0
36,6,SELL_TO_SHOP,GUNNER,,NONE,43,GUNNER,gun,2,,,,,,5803,5803,,,,,,,REJECTED_SCAMMER,76.75,-5,71.75,82,-47927.0,-47927.0,,2,9,100000.0,True,4,35000.0
36,6,SELL_TO_SHOP,ARCHER,,NONE,43,ARCHER,bow,2,,,,,,6447,6447,,,,,,,REJECTED_OVERPRICED,71.75,-2.0,69.75,82,-47927.0,-47927.0,,2,9,100000.0,True,4,35000.0
36,6,SELL_TO_SHOP,ROGUE,,NONE,43,ROGUE,dagger,3,,,,,,15710,15710,,,,,,,REJECTED_OVERPRICED,69.75,-2.0,67.75,82,-47927.0,-47927.0,,2,9,100000.0,True,4,35000.0
37,6,BUY_FROM_SHOP,GUNNER,gun,NONE,,,,,,,,,,,,,,,,,,NO_COMPATIBLE_ITEM,67.75,0.0,67.75,82,-47927.0,-47927.0,,2,9,100000.0,True,4,35000.0
37,6,SELL_TO_SHOP,ROGUE,,NONE,43,ROGUE,dagger,2,,,,,,4386,4386,,,,,,,MISSED_PURCHASE_DUE_TO_CASH,67.75,-2.0,65.75,82,-47927.0,-47927.0,,2,9,100000.0,True,4,35000.0
37,6,SELL_TO_SHOP,WARRIOR,,NONE,43,MAGE,grimoire,2,,,,,,3900,3900,,,,,,,MISSED_PURCHASE_DUE_TO_CASH,65.75,0.0,65.75,82,-47927.0,-47927.0,,2,9,100000.0,True,4,35000.0
37,6,BUY_FROM_SHOP,MAGE,staff,NONE,,,,,,,,,,,,,,,,,,NO_COMPATIBLE_ITEM,65.75,0.0,65.75,82,-47927.0,-47927.0,,2,9,100000.0,True,4,35000.0
37,6,BUY_FROM_SHOP,CLERIC,mace,NONE,,,,,,,,,,,,,,,,,,NO_COMPATIBLE_ITEM,65.75,0.0,65.75,82,-47927.0,-47927.0,,2,9,100000.0,True,4,35000.0
37,6,SELL_TO_SHOP,GUNNER,,NONE,43,WARRIOR,greatsword,2,,,,,,3144,3144,,,,,,,MISSED_PURCHASE_DUE_TO_CASH,65.75,0.0,65.75,82,-47927.0,-47927.0,,2,9,100000.0,True,4,35000.0
38,6,BUY_FROM_SHOP,WARRIOR,one_handed_sword,NONE,24,WARRIOR,one_handed_sword,1,84.1,1.0,True,HIGH_INTEREST,1972,1972,1652,1982,1817,,,,1,PRICE_NEGOTIATION_FAILURE,65.75,0.0,65.75,82,-47927.0,-47927.0,27,2,9,100000.0,True,4,35000.0
38,6,BUY_FROM_SHOP,WARRIOR,one_handed_sword,NONE,24,WARRIOR,one_handed_sword,1,64.2675,0.5,True,MEDIUM_INTEREST,1972,1972,1652,1982,1652,,,,2,PRICE_NEGOTIATION_FAILURE,65.75,0.0,65.75,82,-47927.0,-47927.0,27,2,9,100000.0,True,4,35000.0
38,6,BUY_FROM_SHOP,MAGE,wand,NONE,,,,,,,,,,,,,,,,,,NO_COMPATIBLE_ITEM,65.75,0.0,65.75,82,-47927.0,-47927.0,,2,9,100000.0,True,4,35000.0
38,6,SELL_TO_SHOP,CLERIC,,NONE,43,CLERIC,mace,3,,,,,,7875,7875,,,,,,,MISSED_PURCHASE_DUE_TO_CASH,65.75,0.0,65.75,82,-47927.0,-47927.0,,2,9,100000.0,True,4,35000.0
38,6,BUY_FROM_SHOP,MAGE,grimoire,NONE,,,,,,,,,,,,,,,,,,NO_COMPATIBLE_ITEM,65.75,0.0,65.75,82,-47927.0,-47927.0,,2,9,100000.0,True,4,35000.0
38,6,SELL_TO_SHOP,GUNNER,,NONE,43,GUNNER,gun,3,,,,,,11004,11004,,,,,,,REJECTED_OVERPRICED,65.75,0.0,65.75,82,-47927.0,-47927.0,,2,9,100000.0,True,4,35000.0
39,6,SELL_TO_SHOP,GUNNER,,NONE,43,GUNNER,gun,2,,,,,,5808,5808,,,,,,,MISSED_PURCHASE_DUE_TO_CASH,65.75,-2.0,63.75,82,-47927.0,-47927.0,,2,9,100000.0,True,4,35000.0
39,6,SELL_TO_SHOP,ARCHER,,NONE,43,ARCHER,crossbow,1,,,,,,2285,2285,,,,,,,MISSED_PURCHASE_DUE_TO_CASH,63.75,-2.0,61.75,82,-47927.0,-47927.0,,2,9,100000.0,True,4,35000.0
39,6,SELL_TO_SHOP,CLERIC,,NONE,43,CLERIC,gauntlet,5,,,,,,54096,54096,,,,,,,MISSED_PURCHASE_DUE_TO_CASH,61.75,0.0,61.75,82,-47927.0,-47927.0,,2,9,100000.0,True,4,35000.0
39,6,BUY_FROM_SHOP,MAGE,wand,NONE,,,,,,,,,,,,,,,,,,NO_COMPATIBLE_ITEM,61.75,0.0,61.75,82,-47927.0,-47927.0,,2,9,100000.0,True,4,35000.0
39,6,BUY_FROM_SHOP,WARRIOR,spear,NONE,24,WARRIOR,one_handed_sword,1,87.135,1.0,False,VERY_HIGH_INTEREST,1972,1972,1652,1982,1982,,,,0,PRICE_NEGOTIATION_FAILURE,61.75,0.0,61.75,82,-47927.0,-47927.0,28,2,9,100000.0,True,4,35000.0
39,6,BUY_FROM_SHOP,MAGE,wand,NONE,,,,,,,,,,,,,,,,,,NO_COMPATIBLE_ITEM,61.75,0.0,61.75,82,-47927.0,-47927.0,,2,9,100000.0,True,4,35000.0
39,6,SELL_TO_SHOP,ARCHER,,NONE,43,ARCHER,bow,3,,,,,,11730,11730,,,,,,,MISSED_PURCHASE_DUE_TO_CASH,61.75,-2.0,59.75,82,-47927.0,-47927.0,,2,9,100000.0,True,4,35000.0
39,6,SELL_TO_SHOP,MAGE,,NONE,43,MAGE,wand,1,,,,,,2965,2965,,,,,,,MISSED_PURCHASE_DUE_TO_CASH,59.75,0.0,59.75,82,-47927.0,-47927.0,,2,9,100000.0,True,4,35000.0
40,6,SELL_TO_SHOP,GUNNER,,NONE,43,GUNNER,gun,1,,,,,,948,948,,,,,,,MISSED_PURCHASE_DUE_TO_CASH,59.75,0.0,59.75,82,-47927.0,-47927.0,,2,9,100000.0,True,4,35000.0
40,6,SELL_TO_SHOP,CLERIC,,NONE,43,CLERIC,gauntlet,1,,,,,,4179,4179,,,,,,,MISSED_PURCHASE_DUE_TO_CASH,59.75,0.0,59.75,82,-47927.0,-47927.0,,2,9,100000.0,True,4,35000.0
40,6,SELL_TO_SHOP,ARCHER,,NONE,43,ARCHER,crossbow,1,,,,,,521,521,,,,,,,MISSED_PURCHASE_DUE_TO_CASH,59.75,0.0,59.75,82,-47927.0,-47927.0,,2,9,100000.0,True,4,35000.0
40,6,BUY_FROM_SHOP,MAGE,grimoire,NONE,,,,,,,,,,,,,,,,,,NO_COMPATIBLE_ITEM,59.75,0.0,59.75,82,-47927.0,-47927.0,,2,9,100000.0,True,4,35000.0
40,6,SELL_TO_SHOP,GUNNER,,NONE,43,GUNNER,gun,1,,,,,,2943,2943,,,,,,,MISSED_PURCHASE_DUE_TO_CASH,59.75,-2.0,57.75,82,-47927.0,-47927.0,,2,9,100000.0,True,4,35000.0
40,6,SELL_TO_SHOP,ARCHER,,NONE,43,ARCHER,bow,3,,,,,,14350,14350,,,,,,,MISSED_PURCHASE_DUE_TO_CASH,57.75,-2.0,55.75,82,-47927.0,-47927.0,,2,9,100000.0,True,4,35000.0
40,6,SELL_TO_SHOP,CLERIC,,NONE,43,CLERIC,staff,1,,,,,,1704,1704,,,,,,,REJECTED_OVERPRICED,55.75,0.0,55.75,82,-47927.0,-47927.0,,2,9,100000.0,True,4,35000.0
41,6,SELL_TO_SHOP,ARCHER,,NONE,43,ARCHER,bow,2,,,,,,1025,1025,,,,,,,MISSED_PURCHASE_DUE_TO_CASH,55.75,0.0,55.75,82,-47927.0,-47927.0,,2,9,100000.0,True,4,35000.0
41,6,BUY_FROM_SHOP,MAGE,grimoire,NONE,,,,,,,,,,,,,,,,,,NO_COMPATIBLE_ITEM,55.75,0.0,55.75,82,-47927.0,-47927.0,,2,9,100000.0,True,4,35000.0
41,6,SELL_TO_SHOP,ROGUE,,NONE,43,ROGUE,dagger,3,,,,,,14618,14618,,,,,,,MISSED_PURCHASE_DUE_TO_CASH,55.75,-2.0,53.75,82,-47927.0,-47927.0,,2,9,100000.0,True,4,35000.0
41,6,BUY_FROM_SHOP,CLERIC,gauntlet,NONE,,,,,,,,,,,,,,,,,,NO_COMPATIBLE_ITEM,53.75,0.0,53.75,82,-47927.0,-47927.0,,2,9,100000.0,True,4,35000.0
41,6,SELL_TO_SHOP,ARCHER,,NONE,43,ARCHER,bow,4,,,,,,80700,80700,,,,,,,MISSED_PURCHASE_DUE_TO_CASH,53.75,0.0,53.75,82,-47927.0,-47927.0,,2,9,100000.0,True,4,35000.0
41,6,BUY_FROM_SHOP,CLERIC,gauntlet,NONE,,,,,,,,,,,,,,,,,,NO_COMPATIBLE_ITEM,53.75,0.0,53.75,82,-47927.0,-47927.0,,2,9,100000.0,True,4,35000.0
41,6,SELL_TO_SHOP,GUNNER,,NONE,43,GUNNER,heavy_weapon,1,,,,,,2042,2042,,,,,,,MISSED_PURCHASE_DUE_TO_CASH,53.75,-2.0,51.75,82,-47927.0,-47927.0,,2,9,100000.0,True,4,35000.0
42,6,SELL_TO_SHOP,MAGE,,NONE,43,MAGE,wand,3,,,,,,3810,3810,,,,,,,MISSED_PURCHASE_DUE_TO_CASH,51.75,-2.0,49.75,82,-47927.0,-47927.0,,2,9,100000.0,True,4,35000.0
42,6,SELL_TO_SHOP,CLERIC,,NONE,43,CLERIC,staff,2,,,,,,3944,3944,,,,,,,MISSED_PURCHASE_DUE_TO_CASH,49.75,0.0,49.75,82,-47927.0,-47927.0,,2,9,100000.0,True,4,35000.0
42,6,SELL_TO_SHOP,MAGE,,NONE,43,MAGE,wand,1,,,,,,426,426,,,,,,,MISSED_PURCHASE_DUE_TO_CASH,49.75,0.0,49.75,82,-47927.0,-47927.0,,2,9,100000.0,True,4,35000.0
42,6,SELL_TO_SHOP,MAGE,,NONE,43,MAGE,staff,2,,,,,,9917,9917,,,,,,,MISSED_PURCHASE_DUE_TO_CASH,49.75,-2.0,47.75,82,-47927.0,-47927.0,,2,9,100000.0,True,4,35000.0
42,6,SELL_TO_SHOP,WARRIOR,,NONE,43,CLERIC,staff,1,,,,,,2795,2795,,,,,,,MISSED_PURCHASE_DUE_TO_CASH,47.75,-2.0,45.75,82,-47927.0,-47927.0,,2,9,100000.0,True,4,35000.0
42,6,BUY_FROM_SHOP,CLERIC,gauntlet,NONE,,,,,,,,,,,,,,,,,,NO_COMPATIBLE_ITEM,45.75,0.0,45.75,82,-47927.0,-47927.0,,2,9,100000.0,True,4,35000.0
43,7,SELL_TO_SHOP,ROGUE,,NONE,43,WARRIOR,greatsword,1,,,,,,2990,2990,,,,,,,REJECTED_OVERPRICED,45.75,0.0,45.75,82,-82927.0,-82927.0,,2,9,100000.0,True,4,35000.0
43,7,SELL_TO_SHOP,GUNNER,,NONE,43,GUNNER,heavy_weapon,2,,,,,,8472,8472,,,,,,,MISSED_PURCHASE_DUE_TO_CASH,45.75,0.0,45.75,82,-82927.0,-82927.0,,2,9,100000.0,True,4,35000.0
43,7,BUY_FROM_SHOP,CLERIC,staff,NONE,,,,,,,,,,,,,,,,,,NO_COMPATIBLE_ITEM,45.75,0.0,45.75,82,-82927.0,-82927.0,,2,9,100000.0,True,4,35000.0
43,7,SELL_TO_SHOP,WARRIOR,,NONE,43,WARRIOR,axe,1,,,,,,4236,4236,,,,,,,REJECTED_SCAMMER,45.75,-5,40.75,82,-82927.0,-82927.0,,2,9,100000.0,True,4,35000.0
43,7,SELL_TO_SHOP,WARRIOR,,NONE,43,WARRIOR,greatsword,1,,,,,,2355,2355,,,,,,,MISSED_PURCHASE_DUE_TO_CASH,40.75,0.0,40.75,82,-82927.0,-82927.0,,2,9,100000.0,True,4,35000.0
43,7,BUY_FROM_SHOP,ROGUE,dagger,NONE,,,,,,,,,,,,,,,,,,NO_COMPATIBLE_ITEM,40.75,0.0,40.75,82,-82927.0,-82927.0,,2,9,100000.0,True,4,35000.0
43,7,SELL_TO_SHOP,GUNNER,,NONE,43,GUNNER,gun,1,,,,,,1089,1089,,,,,,,MISSED_PURCHASE_DUE_TO_CASH,40.75,0.0,40.75,82,-82927.0,-82927.0,,2,9,100000.0,True,4,35000.0
43,7,BUY_FROM_SHOP,WARRIOR,spear,NONE,24,WARRIOR,one_handed_sword,1,52.8675,0.0,False,LOW_INTEREST,1972,1972,1772,2126,1772,,,,3,PRICE_NEGOTIATION_FAILURE,40.75,0.0,40.75,82,-82927.0,-82927.0,32,2,9,100000.0,True,4,35000.0
44,7,BUY_FROM_SHOP,MAGE,staff,NONE,,,,,,,,,,,,,,,,,,NO_COMPATIBLE_ITEM,40.75,0.0,40.75,82,-82927.0,-82927.0,,2,9,100000.0,True,4,35000.0
44,7,BUY_FROM_SHOP,ARCHER,bow,NONE,,,,,,,,,,,,,,,,,,NO_COMPATIBLE_ITEM,40.75,0.0,40.75,82,-82927.0,-82927.0,,2,9,100000.0,True,4,35000.0
44,7,SELL_TO_SHOP,ROGUE,,NONE,43,ROGUE,dagger,1,,,,,,3428,3428,,,,,,,MISSED_PURCHASE_DUE_TO_CASH,40.75,-2.0,38.75,82,-82927.0,-82927.0,,2,9,100000.0,True,4,35000.0
44,7,BUY_FROM_SHOP,MAGE,staff,NONE,,,,,,,,,,,,,,,,,,NO_COMPATIBLE_ITEM,38.75,0.0,38.75,82,-82927.0,-82927.0,,2,9,100000.0,True,4,35000.0
44,7,BUY_FROM_SHOP,MAGE,wand,NONE,,,,,,,,,,,,,,,,,,NO_COMPATIBLE_ITEM,38.75,0.0,38.75,82,-82927.0,-82927.0,,2,9,100000.0,True,4,35000.0
44,7,SELL_TO_SHOP,WARRIOR,,NONE,43,WARRIOR,spear,3,,,,,,20775,20775,,,,,,,REJECTED_OVERPRICED,38.75,-2.0,36.75,82,-82927.0,-82927.0,,2,9,100000.0,True,4,35000.0
45,7,BUY_FROM_SHOP,CLERIC,gauntlet,NONE,,,,,,,,,,,,,,,,,,NO_COMPATIBLE_ITEM,36.75,0.0,36.75,82,-82927.0,-82927.0,,2,9,100000.0,True,4,35000.0
45,7,SELL_TO_SHOP,CLERIC,,NONE,43,CLERIC,staff,4,,,,,,61099,61099,,,,,,,REJECTED_OVERPRICED,36.75,0.0,36.75,82,-82927.0,-82927.0,,2,9,100000.0,True,4,35000.0
45,7,SELL_TO_SHOP,MAGE,,NONE,43,MAGE,staff,1,,,,,,2592,2592,,,,,,,MISSED_PURCHASE_DUE_TO_CASH,36.75,-2.0,34.75,82,-82927.0,-82927.0,,2,9,100000.0,True,4,35000.0
45,7,SELL_TO_SHOP,MAGE,,NONE,43,MAGE,wand,1,,,,,,2127,2127,,,,,,,MISSED_PURCHASE_DUE_TO_CASH,34.75,0.0,34.75,82,-82927.0,-82927.0,,2,9,100000.0,True,4,35000.0
45,7,SELL_TO_SHOP,ROGUE,,NONE,43,CLERIC,mace,2,,,,,,4160,4160,,,,,,,REJECTED_OVERPRICED,34.75,0.0,34.75,82,-82927.0,-82927.0,,2,9,100000.0,True,4,35000.0
45,7,SELL_TO_SHOP,CLERIC,,NONE,43,WARRIOR,greatsword,4,,,,,,64980,64980,,,,,,,REJECTED_OVERPRICED,34.75,-2.0,32.75,82,-82927.0,-82927.0,,2,9,100000.0,True,4,35000.0
45,7,SELL_TO_SHOP,ARCHER,,NONE,43,ARCHER,bow,5,,,,,,41958,41958,,,,,,,MISSED_PURCHASE_DUE_TO_CASH,32.75,-2.0,30.75,82,-82927.0,-82927.0,,2,9,100000.0,True,4,35000.0
46,7,BUY_FROM_SHOP,ROGUE,throwing_weapon,NONE,,,,,,,,,,,,,,,,,,NO_COMPATIBLE_ITEM,30.75,0.0,30.75,82,-82927.0,-82927.0,,2,9,100000.0,True,4,35000.0
46,7,BUY_FROM_SHOP,MAGE,grimoire,NONE,,,,,,,,,,,,,,,,,,NO_COMPATIBLE_ITEM,30.75,0.0,30.75,82,-82927.0,-82927.0,,2,9,100000.0,True,4,35000.0
46,7,BUY_FROM_SHOP,GUNNER,gun,NONE,,,,,,,,,,,,,,,,,,NO_COMPATIBLE_ITEM,30.75,0.0,30.75,82,-82927.0,-82927.0,,2,9,100000.0,True,4,35000.0
46,7,SELL_TO_SHOP,WARRIOR,,NONE,43,WARRIOR,one_handed_sword,1,,,,,,1749,1749,,,,,,,MISSED_PURCHASE_DUE_TO_CASH,30.75,0.0,30.75,82,-82927.0,-82927.0,,2,9,100000.0,True,4,35000.0
46,7,BUY_FROM_SHOP,WARRIOR,axe,NONE,24,WARRIOR,one_handed_sword,1,70.135,1.0,False,HIGH_INTEREST,1972,1972,1772,2126,2020,,,,1,PRICE_NEGOTIATION_FAILURE,30.75,0.0,30.75,82,-82927.0,-82927.0,35,2,9,100000.0,True,4,35000.0
46,7,SELL_TO_SHOP,ARCHER,,NONE,43,WARRIOR,one_handed_sword,2,,,,,,4758,4758,,,,,,,MISSED_PURCHASE_DUE_TO_CASH,30.75,-2.0,28.75,82,-82927.0,-82927.0,,2,9,100000.0,True,4,35000.0
46,7,BUY_FROM_SHOP,GUNNER,heavy_weapon,NONE,,,,,,,,,,,,,,,,,,NO_COMPATIBLE_ITEM,28.75,0.0,28.75,82,-82927.0,-82927.0,,2,9,100000.0,True,4,35000.0
47,7,BUY_FROM_SHOP,ARCHER,crossbow,NONE,,,,,,,,,,,,,,,,,,NO_COMPATIBLE_ITEM,28.75,0.0,28.75,82,-82927.0,-82927.0,,2,9,100000.0,True,4,35000.0
47,7,SELL_TO_SHOP,MAGE,,NONE,43,MAGE,staff,1,,,,,,2174,2174,,,,,,,MISSED_PURCHASE_DUE_TO_CASH,28.75,-2.0,26.75,82,-82927.0,-82927.0,,2,9,100000.0,True,4,35000.0
47,7,BUY_FROM_SHOP,ROGUE,dagger,NONE,,,,,,,,,,,,,,,,,,NO_COMPATIBLE_ITEM,26.75,0.0,26.75,82,-82927.0,-82927.0,,2,9,100000.0,True,4,35000.0
47,7,SELL_TO_SHOP,ROGUE,,NONE,43,ROGUE,dagger,3,,,,,,8544,8544,,,,,,,MISSED_PURCHASE_DUE_TO_CASH,26.75,0.0,26.75,82,-82927.0,-82927.0,,2,9,100000.0,True,4,35000.0
47,7,BUY_FROM_SHOP,GUNNER,gun,NONE,,,,,,,,,,,,,,,,,,NO_COMPATIBLE_ITEM,26.75,0.0,26.75,82,-82927.0,-82927.0,,2,9,100000.0,True,4,35000.0
47,7,BUY_FROM_SHOP,ARCHER,bow,NONE,,,,,,,,,,,,,,,,,,NO_COMPATIBLE_ITEM,26.75,0.0,26.75,82,-82927.0,-82927.0,,2,9,100000.0,True,4,35000.0
48,7,BUY_FROM_SHOP,WARRIOR,axe,NONE,24,WARRIOR,one_handed_sword,1,76.1,1.0,False,HIGH_INTEREST,1972,1972,1772,2126,1949,,,,1,PRICE_NEGOTIATION_FAILURE,26.75,0.0,26.75,82,-82927.0,-82927.0,37,2,9,100000.0,True,4,35000.0
48,7,SELL_TO_SHOP,WARRIOR,,NONE,43,WARRIOR,axe,1,,,,,,558,558,,,,,,,REJECTED_OVERPRICED,26.75,-2.0,24.75,82,-82927.0,-82927.0,,2,9,100000.0,True,4,35000.0
48,7,SELL_TO_SHOP,ARCHER,,NONE,43,ARCHER,bow,2,,,,,,7649,7649,,,,,,,MISSED_PURCHASE_DUE_TO_CASH,24.75,0.0,24.75,82,-82927.0,-82927.0,,2,9,100000.0,True,4,35000.0
48,7,SELL_TO_SHOP,WARRIOR,,NONE,43,WARRIOR,greatsword,3,,,,,,20670,20670,,,,,,,REJECTED_OVERPRICED,24.75,0.0,24.75,82,-82927.0,-82927.0,,2,9,100000.0,True,4,35000.0
48,7,SELL_TO_SHOP,GUNNER,,NONE,43,WARRIOR,greatsword,3,,,,,,16270,16270,,,,,,,REJECTED_OVERPRICED,24.75,-2.0,22.75,82,-82927.0,-82927.0,,2,9,100000.0,True,4,35000.0
48,7,BUY_FROM_SHOP,GUNNER,heavy_weapon,NONE,,,,,,,,,,,,,,,,,,NO_COMPATIBLE_ITEM,22.75,0.0,22.75,82,-82927.0,-82927.0,,2,9,100000.0,True,4,35000.0
49,7,SELL_TO_SHOP,MAGE,,NONE,43,MAGE,grimoire,4,,,,,,25470,25470,,,,,,,MISSED_PURCHASE_DUE_TO_CASH,22.75,-2.0,20.75,82,-82927.0,-82927.0,,2,9,100000.0,True,4,35000.0
49,7,BUY_FROM_SHOP,WARRIOR,spear,NONE,24,WARRIOR,one_handed_sword,1,53.2,0.0,False,LOW_INTEREST,1972,1972,1772,2126,1772,,,,3,PRICE_NEGOTIATION_FAILURE,20.75,0.0,20.75,82,-82927.0,-82927.0,38,2,9,100000.0,True,4,35000.0
49,7,BUY_FROM_SHOP,ROGUE,throwing_weapon,NONE,,,,,,,,,,,,,,,,,,NO_COMPATIBLE_ITEM,20.75,0.0,20.75,82,-82927.0,-82927.0,,2,9,100000.0,True,4,35000.0
49,7,BUY_FROM_SHOP,CLERIC,gauntlet,NONE,,,,,,,,,,,,,,,,,,NO_COMPATIBLE_ITEM,20.75,0.0,20.75,82,-82927.0,-82927.0,,2,9,100000.0,True,4,35000.0
49,7,SELL_TO_SHOP,ARCHER,,NONE,43,ARCHER,bow,1,,,,,,1797,1797,,,,,,,MISSED_PURCHASE_DUE_TO_CASH,20.75,-2.0,18.75,82,-82927.0,-82927.0,,2,9,100000.0,True,4,35000.0
49,7,BUY_FROM_SHOP,CLERIC,staff,NONE,,,,,,,,,,,,,,,,,,NO_COMPATIBLE_ITEM,18.75,0.0,18.75,82,-82927.0,-82927.0,,2,9,100000.0,True,4,35000.0
49,7,SELL_TO_SHOP,ARCHER,,NONE,43,ARCHER,crossbow,2,,,,,,1648,1648,,,,,,,REJECTED_OVERPRICED,18.75,-2.0,16.75,82,-82927.0,-82927.0,,2,9,100000.0,True,4,35000.0
49,7,SELL_TO_SHOP,GUNNER,,NONE,43,GUNNER,heavy_weapon,2,,,,,,15296,15296,,,,,,,MISSED_PURCHASE_DUE_TO_CASH,16.75,0.0,16.75,82,-82927.0,-82927.0,,2,9,100000.0,True,4,35000.0
50,8,BUY_FROM_SHOP,ROGUE,throwing_weapon,NONE,,,,,,,,,,,,,,,,,,NO_COMPATIBLE_ITEM,16.75,0.0,16.75,82,-122927.0,-122927.0,,2,9,100000.0,True,4,35000.0
50,8,BUY_FROM_SHOP,CLERIC,gauntlet,NONE,,,,,,,,,,,,,,,,,,NO_COMPATIBLE_ITEM,16.75,0.0,16.75,82,-122927.0,-122927.0,,2,9,100000.0,True,4,35000.0
50,8,BUY_FROM_SHOP,MAGE,wand,NONE,,,,,,,,,,,,,,,,,,NO_COMPATIBLE_ITEM,16.75,0.0,16.75,82,-122927.0,-122927.0,,2,9,100000.0,True,4,35000.0
50,8,BUY_FROM_SHOP,WARRIOR,axe,NONE,24,WARRIOR,one_handed_sword,1,75.4675,1.0,False,HIGH_INTEREST,1972,1972,1452,1742,1525,,,,1,PRICE_NEGOTIATION_FAILURE,16.75,0.0,16.75,82,-122927.0,-122927.0,39,2,9,100000.0,True,4,35000.0
50,8,SELL_TO_SHOP,CLERIC,,NONE,43,CLERIC,gauntlet,2,,,,,,2904,2904,,,,,,,MISSED_PURCHASE_DUE_TO_CASH,16.75,-2.0,14.75,82,-122927.0,-122927.0,,2,9,100000.0,True,4,35000.0
50,8,BUY_FROM_SHOP,WARRIOR,one_handed_sword,NONE,24,WARRIOR,one_handed_sword,1,83.3675,1.0,True,HIGH_INTEREST,1972,1972,1452,1742,1655,,,,1,PRICE_NEGOTIATION_FAILURE,14.75,0.0,14.75,82,-122927.0,-122927.0,39,2,9,100000.0,True,4,35000.0
51,8,BUY_FROM_SHOP,CLERIC,gauntlet,NONE,,,,,,,,,,,,,,,,,,NO_COMPATIBLE_ITEM,14.75,0.0,14.75,82,-122927.0,-122927.0,,2,9,100000.0,True,4,35000.0
51,8,SELL_TO_SHOP,WARRIOR,,NONE,43,ARCHER,bow,1,,,,,,1050,1050,,,,,,,MISSED_PURCHASE_DUE_TO_CASH,14.75,0.0,14.75,82,-122927.0,-122927.0,,2,9,100000.0,True,4,35000.0
51,8,BUY_FROM_SHOP,CLERIC,mace,NONE,,,,,,,,,,,,,,,,,,NO_COMPATIBLE_ITEM,14.75,0.0,14.75,82,-122927.0,-122927.0,,2,9,100000.0,True,4,35000.0
51,8,BUY_FROM_SHOP,ROGUE,dagger,NONE,,,,,,,,,,,,,,,,,,NO_COMPATIBLE_ITEM,14.75,0.0,14.75,82,-122927.0,-122927.0,,2,9,100000.0,True,4,35000.0
51,8,BUY_FROM_SHOP,ROGUE,throwing_weapon,NONE,,,,,,,,,,,,,,,,,,NO_COMPATIBLE_ITEM,14.75,0.0,14.75,82,-122927.0,-122927.0,,2,9,100000.0,True,4,35000.0
51,8,SELL_TO_SHOP,MAGE,,NONE,43,MAGE,wand,1,,,,,,1300,1300,,,,,,,MISSED_PURCHASE_DUE_TO_CASH,14.75,0.0,14.75,82,-122927.0,-122927.0,,2,9,100000.0,True,4,35000.0
52,8,SELL_TO_SHOP,CLERIC,,NONE,43,CLERIC,staff,1,,,,,,1062,1062,,,,,,,MISSED_PURCHASE_DUE_TO_CASH,14.75,-2.0,12.75,82,-122927.0,-122927.0,,2,9,100000.0,True,4,35000.0
52,8,SELL_TO_SHOP,ROGUE,,NONE,43,ROGUE,throwing_weapon,1,,,,,,1562,1562,,,,,,,MISSED_PURCHASE_DUE_TO_CASH,12.75,-2.0,10.75,82,-122927.0,-122927.0,,2,9,100000.0,True,4,35000.0
52,8,SELL_TO_SHOP,MAGE,,NONE,43,MAGE,wand,2,,,,,,7422,7422,,,,,,,REJECTED_OVERPRICED,10.75,0.0,10.75,82,-122927.0,-122927.0,,2,9,100000.0,True,4,35000.0
52,8,SELL_TO_SHOP,GUNNER,,NONE,43,GUNNER,gun,5,,,,,,81732,81732,,,,,,,MISSED_PURCHASE_DUE_TO_CASH,10.75,0.0,10.75,82,-122927.0,-122927.0,,2,9,100000.0,True,4,35000.0
52,8,BUY_FROM_SHOP,GUNNER,heavy_weapon,NONE,,,,,,,,,,,,,,,,,,NO_COMPATIBLE_ITEM,10.75,0.0,10.75,82,-122927.0,-122927.0,,2,9,100000.0,True,4,35000.0
52,8,SELL_TO_SHOP,CLERIC,,NONE,43,CLERIC,gauntlet,2,,,,,,2009,2009,,,,,,,MISSED_PURCHASE_DUE_TO_CASH,10.75,-2.0,8.75,82,-122927.0,-122927.0,,2,9,100000.0,True,4,35000.0
53,8,SELL_TO_SHOP,GUNNER,,NONE,43,CLERIC,gauntlet,2,,,,,,4800,4800,,,,,,,MISSED_PURCHASE_DUE_TO_CASH,8.75,0.0,8.75,82,-122927.0,-122927.0,,2,9,100000.0,True,4,35000.0
53,8,BUY_FROM_SHOP,ARCHER,bow,NONE,,,,,,,,,,,,,,,,,,NO_COMPATIBLE_ITEM,8.75,0.0,8.75,82,-122927.0,-122927.0,,2,9,100000.0,True,4,35000.0
53,8,BUY_FROM_SHOP,WARRIOR,greatsword,NONE,24,WARRIOR,one_handed_sword,1,45.535,0.5,False,LOW_INTEREST,1972,1972,1452,1742,1481,,,,3,PRICE_NEGOTIATION_FAILURE,8.75,0.0,8.75,82,-122927.0,-122927.0,42,2,9,100000.0,True,4,35000.0
53,8,BUY_FROM_SHOP,CLERIC,gauntlet,NONE,,,,,,,,,,,,,,,,,,NO_COMPATIBLE_ITEM,8.75,0.0,8.75,82,-122927.0,-122927.0,,2,9,100000.0,True,4,35000.0
53,8,SELL_TO_SHOP,MAGE,,NONE,43,MAGE,wand,3,,,,,,3608,3608,,,,,,,MISSED_PURCHASE_DUE_TO_CASH,8.75,-2.0,6.75,82,-122927.0,-122927.0,,2,9,100000.0,True,4,35000.0
53,8,SELL_TO_SHOP,ROGUE,,NONE,43,ROGUE,dagger,1,,,,,,4096,4096,,,,,,,REJECTED_SCAMMER,6.75,-5,1.75,82,-122927.0,-122927.0,,2,9,100000.0,True,4,35000.0
53,8,SELL_TO_SHOP,ROGUE,,NONE,43,ROGUE,throwing_weapon,1,,,,,,6031,6031,,,,,,,MISSED_PURCHASE_DUE_TO_CASH,1.75,-2.0,-0.25,82,-122927.0,-122927.0,,2,9,100000.0,True,4,35000.0
54,8,SELL_TO_SHOP,GUNNER,,NONE,43,GUNNER,heavy_weapon,1,,,,,,3705,3705,,,,,,,REJECTED_OVERPRICED,-0.25,-2.0,-2.25,82,-122927.0,-122927.0,,2,9,100000.0,True,4,35000.0
54,8,SELL_TO_SHOP,CLERIC,,NONE,43,CLERIC,mace,1,,,,,,2461,2461,,,,,,,REJECTED_OVERPRICED,-2.25,0.0,-2.25,82,-122927.0,-122927.0,,2,9,100000.0,True,4,35000.0
54,8,SELL_TO_SHOP,ROGUE,,NONE,43,WARRIOR,greatsword,1,,,,,,2795,2795,,,,,,,REJECTED_OVERPRICED,-2.25,-2.0,-4.25,82,-122927.0,-122927.0,,2,9,100000.0,True,4,35000.0
54,8,BUY_FROM_SHOP,WARRIOR,spear,NONE,24,WARRIOR,one_handed_sword,1,49.2675,0.0,False,LOW_INTEREST,1972,1972,1452,1742,1452,,,,3,PRICE_NEGOTIATION_FAILURE,-4.25,0.0,-4.25,82,-122927.0,-122927.0,43,2,9,100000.0,True,4,35000.0
54,8,SELL_TO_SHOP,WARRIOR,,NONE,43,WARRIOR,spear,1,,,,,,1582,1582,,,,,,,MISSED_PURCHASE_DUE_TO_CASH,-4.25,0.0,-4.25,82,-122927.0,-122927.0,,2,9,100000.0,True,4,35000.0
54,8,BUY_FROM_SHOP,ROGUE,throwing_weapon,NONE,,,,,,,,,,,,,,,,,,NO_COMPATIBLE_ITEM,-4.25,0.0,-4.25,82,-122927.0,-122927.0,,2,9,100000.0,True,4,35000.0
55,8,SELL_TO_SHOP,ROGUE,,NONE,43,ROGUE,dagger,3,,,,,,3028,3028,,,,,,,REJECTED_OVERPRICED,-4.25,-2.0,-6.25,82,-122927.0,-122927.0,,2,9,100000.0,True,4,35000.0
55,8,SELL_TO_SHOP,CLERIC,,NONE,43,ROGUE,dagger,1,,,,,,780,780,,,,,,,MISSED_PURCHASE_DUE_TO_CASH,-6.25,-2.0,-8.25,82,-122927.0,-122927.0,,2,9,100000.0,True,4,35000.0
55,8,BUY_FROM_SHOP,CLERIC,staff,NONE,,,,,,,,,,,,,,,,,,NO_COMPATIBLE_ITEM,-8.25,0.0,-8.25,82,-122927.0,-122927.0,,2,9,100000.0,True,4,35000.0
55,8,SELL_TO_SHOP,MAGE,,NONE,43,MAGE,grimoire,2,,,,,,8981,8981,,,,,,,REJECTED_OVERPRICED,-8.25,-2.0,-10.25,82,-122927.0,-122927.0,,2,9,100000.0,True,4,35000.0
55,8,BUY_FROM_SHOP,GUNNER,heavy_weapon,NONE,,,,,,,,,,,,,,,,,,NO_COMPATIBLE_ITEM,-10.25,0.0,-10.25,82,-122927.0,-122927.0,,2,9,100000.0,True,4,35000.0
55,8,BUY_FROM_SHOP,WARRIOR,spear,NONE,24,WARRIOR,one_handed_sword,1,64.07000000000001,0.5,False,MEDIUM_INTEREST,1972,1972,1452,1742,1568,,,,2,PRICE_NEGOTIATION_FAILURE,-10.25,0.0,-10.25,82,-122927.0,-122927.0,44,2,9,100000.0,True,4,35000.0
55,8,BUY_FROM_SHOP,GUNNER,gun,NONE,,,,,,,,,,,,,,,,,,NO_COMPATIBLE_ITEM,-10.25,0.0,-10.25,82,-122927.0,-122927.0,,2,9,100000.0,True,4,35000.0
55,8,BUY_FROM_SHOP,GUNNER,gun,NONE,,,,,,,,,,,,,,,,,,NO_COMPATIBLE_ITEM,-10.25,0.0,-10.25,82,-122927.0,-122927.0,,2,9,100000.0,True,4,35000.0
56,8,BUY_FROM_SHOP,MAGE,grimoire,NONE,,,,,,,,,,,,,,,,,,NO_COMPATIBLE_ITEM,-10.25,0.0,-10.25,82,-122927.0,-122927.0,,2,9,100000.0,True,4,35000.0
56,8,SELL_TO_SHOP,ROGUE,,NONE,43,WARRIOR,greatsword,2,,,,,,3000,3000,,,,,,,MISSED_PURCHASE_DUE_TO_CASH,-10.25,-2.0,-12.25,82,-122927.0,-122927.0,,2,9,100000.0,True,4,35000.0
56,8,BUY_FROM_SHOP,CLERIC,mace,NONE,,,,,,,,,,,,,,,,,,NO_COMPATIBLE_ITEM,-12.25,0.0,-12.25,82,-122927.0,-122927.0,,2,9,100000.0,True,4,35000.0
56,8,BUY_FROM_SHOP,GUNNER,heavy_weapon,NONE,,,,,,,,,,,,,,,,,,NO_COMPATIBLE_ITEM,-12.25,0.0,-12.25,82,-122927.0,-122927.0,,2,9,100000.0,True,4,35000.0
56,8,SELL_TO_SHOP,GUNNER,,NONE,43,GUNNER,heavy_weapon,1,,,,,,979,979,,,,,,,MISSED_PURCHASE_DUE_TO_CASH,-12.25,0.0,-12.25,82,-122927.0,-122927.0,,2,9,100000.0,True,4,35000.0
56,8,SELL_TO_SHOP,MAGE,,NONE,43,MAGE,staff,5,,,,,,54180,54180,,,,,,,MISSED_PURCHASE_DUE_TO_CASH,-12.25,0.0,-12.25,82,-122927.0,-122927.0,,2,9,100000.0,True,4,35000.0
56,8,BUY_FROM_SHOP,WARRIOR,greatsword,NONE,24,WARRIOR,one_handed_sword,1,57.3,0.5,False,MEDIUM_INTEREST,1972,1972,1452,1742,1568,,,,2,PRICE_NEGOTIATION_FAILURE,-12.25,0.0,-12.25,82,-122927.0,-122927.0,45,2,9,100000.0,True,4,35000.0
56,8,SELL_TO_SHOP,GUNNER,,NONE,43,GUNNER,gun,1,,,,,,2038,2038,,,,,,,MISSED_PURCHASE_DUE_TO_CASH,-12.25,0.0,-12.25,82,-122927.0,-122927.0,,2,9,100000.0,True,4,35000.0
57,9,SELL_TO_SHOP,WARRIOR,,NONE,43,WARRIOR,greatsword,2,,,,,,2686,2686,,,,,,,MISSED_PURCHASE_DUE_TO_CASH,-12.25,0.0,-12.25,82,-167927.0,-167927.0,,2,9,100000.0,True,4,35000.0
57,9,SELL_TO_SHOP,ROGUE,,NONE,43,WARRIOR,one_handed_sword,1,,,,,,3300,3300,,,,,,,MISSED_PURCHASE_DUE_TO_CASH,-12.25,-2.0,-14.25,82,-167927.0,-167927.0,,2,9,100000.0,True,4,35000.0
57,9,SELL_TO_SHOP,ARCHER,,NONE,43,ARCHER,bow,1,,,,,,2139,2139,,,,,,,MISSED_PURCHASE_DUE_TO_CASH,-14.25,-2.0,-16.25,82,-167927.0,-167927.0,,2,9,100000.0,True,4,35000.0
57,9,BUY_FROM_SHOP,GUNNER,heavy_weapon,NONE,,,,,,,,,,,,,,,,,,NO_COMPATIBLE_ITEM,-16.25,0.0,-16.25,82,-167927.0,-167927.0,,2,9,100000.0,True,4,35000.0
57,9,BUY_FROM_SHOP,ARCHER,bow,NONE,,,,,,,,,,,,,,,,,,NO_COMPATIBLE_ITEM,-16.25,0.0,-16.25,82,-167927.0,-167927.0,,2,9,100000.0,True,4,35000.0
57,9,SELL_TO_SHOP,MAGE,,NONE,43,MAGE,wand,1,,,,,,3544,3544,,,,,,,REJECTED_OVERPRICED,-16.25,-2.0,-18.25,82,-167927.0,-167927.0,,2,9,100000.0,True,4,35000.0
58,9,BUY_FROM_SHOP,WARRIOR,greatsword,NONE,24,WARRIOR,one_handed_sword,1,81.7,1.0,False,HIGH_INTEREST,1972,1972,1852,2222,1945,,,,1,PRICE_NEGOTIATION_FAILURE,-18.25,0.0,-18.25,82,-167927.0,-167927.0,47,2,9,100000.0,True,4,35000.0
58,9,SELL_TO_SHOP,ARCHER,,NONE,43,ARCHER,bow,3,,,,,,975,975,,,,,,,MISSED_PURCHASE_DUE_TO_CASH,-18.25,-2.0,-20.25,82,-167927.0,-167927.0,,2,9,100000.0,True,4,35000.0
58,9,SELL_TO_SHOP,MAGE,,NONE,43,ARCHER,bow,3,,,,,,12025,12025,,,,,,,MISSED_PURCHASE_DUE_TO_CASH,-20.25,-2.0,-22.25,82,-167927.0,-167927.0,,2,9,100000.0,True,4,35000.0
58,9,BUY_FROM_SHOP,ARCHER,bow,NONE,,,,,,,,,,,,,,,,,,NO_COMPATIBLE_ITEM,-22.25,0.0,-22.25,82,-167927.0,-167927.0,,2,9,100000.0,True,4,35000.0
58,9,SELL_TO_SHOP,GUNNER,,NONE,43,GUNNER,heavy_weapon,3,,,,,,7792,7792,,,,,,,REJECTED_SCAMMER,-22.25,-5,-27.25,82,-167927.0,-167927.0,,2,9,100000.0,True,4,35000.0
58,9,BUY_FROM_SHOP,ROGUE,dagger,NONE,,,,,,,,,,,,,,,,,,NO_COMPATIBLE_ITEM,-27.25,0.0,-27.25,82,-167927.0,-167927.0,,2,9,100000.0,True,4,35000.0
58,9,SELL_TO_SHOP,ARCHER,,NONE,43,ARCHER,crossbow,1,,,,,,3044,3044,,,,,,,MISSED_PURCHASE_DUE_TO_CASH,-27.25,0.0,-27.25,82,-167927.0,-167927.0,,2,9,100000.0,True,4,35000.0
58,9,SELL_TO_SHOP,GUNNER,,NONE,43,WARRIOR,axe,2,,,,,,5980,5980,,,,,,,REJECTED_OVERPRICED,-27.25,0.0,-27.25,82,-167927.0,-167927.0,,2,9,100000.0,True,4,35000.0
59,9,SELL_TO_SHOP,ROGUE,,NONE,43,ROGUE,throwing_weapon,1,,,,,,2092,2092,,,,,,,REJECTED_SCAMMER,-27.25,-5,-32.25,82,-167927.0,-167927.0,,2,9,100000.0,True,4,35000.0
59,9,SELL_TO_SHOP,GUNNER,,NONE,43,GUNNER,gun,1,,,,,,2526,2526,,,,,,,MISSED_PURCHASE_DUE_TO_CASH,-32.25,0.0,-32.25,82,-167927.0,-167927.0,,2,9,100000.0,True,4,35000.0
59,9,BUY_FROM_SHOP,GUNNER,gun,NONE,,,,,,,,,,,,,,,,,,NO_COMPATIBLE_ITEM,-32.25,0.0,-32.25,82,-167927.0,-167927.0,,2,9,100000.0,True,4,35000.0
59,9,SELL_TO_SHOP,WARRIOR,,NONE,43,WARRIOR,axe,1,,,,,,3815,3815,,,,,,,REJECTED_OVERPRICED,-32.25,0.0,-32.25,82,-167927.0,-167927.0,,2,9,100000.0,True,4,35000.0
59,9,BUY_FROM_SHOP,MAGE,wand,NONE,,,,,,,,,,,,,,,,,,NO_COMPATIBLE_ITEM,-32.25,0.0,-32.25,82,-167927.0,-167927.0,,2,9,100000.0,True,4,35000.0
59,9,BUY_FROM_SHOP,ROGUE,dagger,NONE,,,,,,,,,,,,,,,,,,NO_COMPATIBLE_ITEM,-32.25,0.0,-32.25,82,-167927.0,-167927.0,,2,9,100000.0,True,4,35000.0
60,9,SELL_TO_SHOP,ROGUE,,NONE,43,ROGUE,throwing_weapon,2,,,,,,3319,3319,,,,,,,MISSED_PURCHASE_DUE_TO_CASH,-32.25,0.0,-32.25,82,-167927.0,-167927.0,,2,9,100000.0,True,4,35000.0
60,9,BUY_FROM_SHOP,WARRIOR,axe,NONE,24,WARRIOR,one_handed_sword,1,80.535,1.0,False,HIGH_INTEREST,1972,1972,1852,2222,1945,,,,1,PRICE_NEGOTIATION_FAILURE,-32.25,0.0,-32.25,82,-167927.0,-167927.0,49,2,9,100000.0,True,4,35000.0
60,9,BUY_FROM_SHOP,ARCHER,crossbow,NONE,,,,,,,,,,,,,,,,,,NO_COMPATIBLE_ITEM,-32.25,0.0,-32.25,82,-167927.0,-167927.0,,2,9,100000.0,True,4,35000.0
60,9,BUY_FROM_SHOP,ARCHER,crossbow,NONE,,,,,,,,,,,,,,,,,,NO_COMPATIBLE_ITEM,-32.25,0.0,-32.25,82,-167927.0,-167927.0,,2,9,100000.0,True,4,35000.0
60,9,BUY_FROM_SHOP,CLERIC,staff,NONE,,,,,,,,,,,,,,,,,,NO_COMPATIBLE_ITEM,-32.25,0.0,-32.25,82,-167927.0,-167927.0,,2,9,100000.0,True,4,35000.0
60,9,BUY_FROM_SHOP,ROGUE,throwing_weapon,NONE,,,,,,,,,,,,,,,,,,NO_COMPATIBLE_ITEM,-32.25,0.0,-32.25,82,-167927.0,-167927.0,,2,9,100000.0,True,4,35000.0
60,9,BUY_FROM_SHOP,MAGE,staff,NONE,,,,,,,,,,,,,,,,,,NO_COMPATIBLE_ITEM,-32.25,0.0,-32.25,82,-167927.0,-167927.0,,2,9,100000.0,True,4,35000.0
61,9,SELL_TO_SHOP,ARCHER,,NONE,43,ARCHER,crossbow,3,,,,,,22440,22440,,,,,,,MISSED_PURCHASE_DUE_TO_CASH,-32.25,-2.0,-34.25,82,-167927.0,-167927.0,,2,9,100000.0,True,4,35000.0
61,9,SELL_TO_SHOP,ARCHER,,NONE,43,ARCHER,crossbow,1,,,,,,2293,2293,,,,,,,MISSED_PURCHASE_DUE_TO_CASH,-34.25,-2.0,-36.25,82,-167927.0,-167927.0,,2,9,100000.0,True,4,35000.0
61,9,SELL_TO_SHOP,CLERIC,,NONE,43,CLERIC,gauntlet,1,,,,,,874,874,,,,,,,MISSED_PURCHASE_DUE_TO_CASH,-36.25,-2.0,-38.25,82,-167927.0,-167927.0,,2,9,100000.0,True,4,35000.0
61,9,SELL_TO_SHOP,ARCHER,,NONE,43,ARCHER,crossbow,3,,,,,,12325,12325,,,,,,,MISSED_PURCHASE_DUE_TO_CASH,-38.25,-2.0,-40.25,82,-167927.0,-167927.0,,2,9,100000.0,True,4,35000.0
61,9,BUY_FROM_SHOP,CLERIC,mace,NONE,,,,,,,,,,,,,,,,,,NO_COMPATIBLE_ITEM,-40.25,0.0,-40.25,82,-167927.0,-167927.0,,2,9,100000.0,True,4,35000.0
61,9,BUY_FROM_SHOP,CLERIC,gauntlet,NONE,,,,,,,,,,,,,,,,,,NO_COMPATIBLE_ITEM,-40.25,0.0,-40.25,82,-167927.0,-167927.0,,2,9,100000.0,True,4,35000.0
61,9,SELL_TO_SHOP,ARCHER,,NONE,43,ARCHER,bow,1,,,,,,3331,3331,,,,,,,REJECTED_SCAMMER,-40.25,-5,-45.25,82,-167927.0,-167927.0,,2,9,100000.0,True,4,35000.0
61,9,SELL_TO_SHOP,ARCHER,,NONE,43,ARCHER,crossbow,2,,,,,,4024,4024,,,,,,,REJECTED_SCAMMER,-45.25,-5,-50.25,82,-167927.0,-167927.0,,2,9,100000.0,True,4,35000.0
62,9,SELL_TO_SHOP,GUNNER,,NONE,43,GUNNER,gun,1,,,,,,4599,4599,,,,,,,MISSED_PURCHASE_DUE_TO_CASH,-50.25,0.0,-50.25,82,-167927.0,-167927.0,,2,9,100000.0,True,4,35000.0
62,9,SELL_TO_SHOP,ARCHER,,NONE,43,ARCHER,crossbow,5,,,,,,117145,117145,,,,,,,MISSED_PURCHASE_DUE_TO_CASH,-50.25,0.0,-50.25,82,-167927.0,-167927.0,,2,9,100000.0,True,4,35000.0
62,9,BUY_FROM_SHOP,GUNNER,gun,NONE,,,,,,,,,,,,,,,,,,NO_COMPATIBLE_ITEM,-50.25,0.0,-50.25,82,-167927.0,-167927.0,,2,9,100000.0,True,4,35000.0
62,9,BUY_FROM_SHOP,CLERIC,gauntlet,NONE,,,,,,,,,,,,,,,,,,NO_COMPATIBLE_ITEM,-50.25,0.0,-50.25,82,-167927.0,-167927.0,,2,9,100000.0,True,4,35000.0
62,9,SELL_TO_SHOP,WARRIOR,,NONE,43,WARRIOR,axe,2,,,,,,2748,2748,,,,,,,MISSED_PURCHASE_DUE_TO_CASH,-50.25,-2.0,-52.25,82,-167927.0,-167927.0,,2,9,100000.0,True,4,35000.0
62,9,BUY_FROM_SHOP,ARCHER,bow,NONE,,,,,,,,,,,,,,,,,,NO_COMPATIBLE_ITEM,-52.25,0.0,-52.25,82,-167927.0,-167927.0,,2,9,100000.0,True,4,35000.0
62,9,BUY_FROM_SHOP,GUNNER,gun,NONE,,,,,,,,,,,,,,,,,,NO_COMPATIBLE_ITEM,-52.25,0.0,-52.25,82,-167927.0,-167927.0,,2,9,100000.0,True,4,35000.0
63,9,SELL_TO_SHOP,WARRIOR,,NONE,43,WARRIOR,one_handed_sword,2,,,,,,4486,4486,,,,,,,MISSED_PURCHASE_DUE_TO_CASH,-52.25,-2.0,-54.25,82,-167927.0,-167927.0,,2,9,100000.0,True,4,35000.0
63,9,BUY_FROM_SHOP,ROGUE,throwing_weapon,NONE,,,,,,,,,,,,,,,,,,NO_COMPATIBLE_ITEM,-54.25,0.0,-54.25,82,-167927.0,-167927.0,,2,9,100000.0,True,4,35000.0
63,9,SELL_TO_SHOP,WARRIOR,,NONE,43,WARRIOR,one_handed_sword,1,,,,,,1725,1725,,,,,,,MISSED_PURCHASE_DUE_TO_CASH,-54.25,-2.0,-56.25,82,-167927.0,-167927.0,,2,9,100000.0,True,4,35000.0
63,9,SELL_TO_SHOP,WARRIOR,,NONE,43,WARRIOR,greatsword,4,,,,,,71640,71640,,,,,,,MISSED_PURCHASE_DUE_TO_CASH,-56.25,0.0,-56.25,82,-167927.0,-167927.0,,2,9,100000.0,True,4,35000.0
63,9,BUY_FROM_SHOP,ARCHER,crossbow,NONE,,,,,,,,,,,,,,,,,,NO_COMPATIBLE_ITEM,-56.25,0.0,-56.25,82,-167927.0,-167927.0,,2,9,100000.0,True,4,35000.0
63,9,SELL_TO_SHOP,ROGUE,,NONE,43,ROGUE,throwing_weapon,4,,,,,,40725,40725,,,,,,,REJECTED_SCAMMER,-56.25,-5,-61.25,82,-167927.0,-167927.0,,2,9,100000.0,True,4,35000.0
63,9,BUY_FROM_SHOP,ROGUE,throwing_weapon,NONE,,,,,,,,,,,,,,,,,,NO_COMPATIBLE_ITEM,-61.25,0.0,-61.25,82,-167927.0,-167927.0,,2,9,100000.0,True,4,35000.0
63,9,BUY_FROM_SHOP,WARRIOR,axe,SELL_TO_CUSTOMER,24,WARRIOR,one_handed_sword,1,81.87,1.0,False,HIGH_INTEREST,1972,1972,1852,2222,2111,2111,139,0.0704868154158215,1,BUYER_PURCHASES,-61.25,1.0,-60.25,83,-167927.0,-165816.0,52,1,9,100000.0,True,4,35000.0
64,10,SELL_TO_SHOP,CLERIC,,NONE,43,CLERIC,staff,2,,,,,,2052,2052,,,,,,,MISSED_PURCHASE_DUE_TO_CASH,-60.25,-2.0,-62.25,83,-215816.0,-215816.0,,1,9,100000.0,True,4,35000.0
64,10,BUY_FROM_SHOP,MAGE,wand,NONE,,,,,,,,,,,,,,,,,,NO_COMPATIBLE_ITEM,-62.25,0.0,-62.25,83,-215816.0,-215816.0,,1,9,100000.0,True,4,35000.0
64,10,SELL_TO_SHOP,CLERIC,,NONE,43,CLERIC,mace,1,,,,,,1443,1443,,,,,,,MISSED_PURCHASE_DUE_TO_CASH,-62.25,0.0,-62.25,83,-215816.0,-215816.0,,1,9,100000.0,True,4,35000.0
64,10,BUY_FROM_SHOP,ROGUE,dagger,NONE,,,,,,,,,,,,,,,,,,NO_COMPATIBLE_ITEM,-62.25,0.0,-62.25,83,-215816.0,-215816.0,,1,9,100000.0,True,4,35000.0
64,10,BUY_FROM_SHOP,ROGUE,throwing_weapon,NONE,,,,,,,,,,,,,,,,,,NO_COMPATIBLE_ITEM,-62.25,0.0,-62.25,83,-215816.0,-215816.0,,1,9,100000.0,True,4,35000.0
64,10,SELL_TO_SHOP,ROGUE,,NONE,43,ROGUE,dagger,1,,,,,,1815,1815,,,,,,,REJECTED_OVERPRICED,-62.25,-2.0,-64.25,83,-215816.0,-215816.0,,1,9,100000.0,True,4,35000.0
64,10,BUY_FROM_SHOP,MAGE,wand,NONE,,,,,,,,,,,,,,,,,,NO_COMPATIBLE_ITEM,-64.25,0.0,-64.25,83,-215816.0,-215816.0,,1,9,100000.0,True,4,35000.0
65,10,SELL_TO_SHOP,ARCHER,,NONE,43,ARCHER,crossbow,3,,,,,,6633,6633,,,,,,,MISSED_PURCHASE_DUE_TO_CASH,-64.25,-2.0,-66.25,83,-215816.0,-215816.0,,1,9,100000.0,True,4,35000.0
65,10,SELL_TO_SHOP,MAGE,,NONE,43,MAGE,grimoire,2,,,,,,2415,2415,,,,,,,MISSED_PURCHASE_DUE_TO_CASH,-66.25,-2.0,-68.25,83,-215816.0,-215816.0,,1,9,100000.0,True,4,35000.0
65,10,SELL_TO_SHOP,WARRIOR,,NONE,43,WARRIOR,axe,3,,,,,,10822,10822,,,,,,,REJECTED_OVERPRICED,-68.25,0.0,-68.25,83,-215816.0,-215816.0,,1,9,100000.0,True,4,35000.0
65,10,SELL_TO_SHOP,CLERIC,,NONE,43,MAGE,grimoire,3,,,,,,9425,9425,,,,,,,REJECTED_OVERPRICED,-68.25,0.0,-68.25,83,-215816.0,-215816.0,,1,9,100000.0,True,4,35000.0
65,10,SELL_TO_SHOP,ROGUE,,NONE,43,ROGUE,dagger,4,,,,,,52890,52890,,,,,,,MISSED_PURCHASE_DUE_TO_CASH,-68.25,-2.0,-70.25,83,-215816.0,-215816.0,,1,9,100000.0,True,4,35000.0
65,10,BUY_FROM_SHOP,CLERIC,gauntlet,NONE,,,,,,,,,,,,,,,,,,NO_COMPATIBLE_ITEM,-70.25,0.0,-70.25,83,-215816.0,-215816.0,,1,9,100000.0,True,4,35000.0
65,10,BUY_FROM_SHOP,WARRIOR,spear,SELL_TO_CUSTOMER,36,WARRIOR,one_handed_sword,1,69.15,1.0,False,MEDIUM_INTEREST,1665,2775,3000,3600,3000,3000,1335,0.8018018018018018,2,BUYER_PURCHASES,-70.25,0,-70.25,84,-215816.0,-212816.0,46,0,9,100000.0,True,4,35000.0
65,10,SELL_TO_SHOP,GUNNER,,NONE,43,GUNNER,heavy_weapon,3,,,,,,2680,2680,,,,,,,MISSED_PURCHASE_DUE_TO_CASH,-70.25,-2.0,-72.25,84,-212816.0,-212816.0,,0,9,100000.0,True,4,35000.0
66,10,SELL_TO_SHOP,WARRIOR,,NONE,43,ARCHER,crossbow,1,,,,,,3600,3600,,,,,,,REJECTED_OVERPRICED,-72.25,-2.0,-74.25,84,-212816.0,-212816.0,,0,9,100000.0,True,4,35000.0
66,10,BUY_FROM_SHOP,ARCHER,crossbow,NONE,,,,,,,,,,,,,,,,,,NO_COMPATIBLE_ITEM,-74.25,0.0,-74.25,84,-212816.0,-212816.0,,0,9,100000.0,True,4,35000.0
66,10,BUY_FROM_SHOP,ARCHER,crossbow,NONE,,,,,,,,,,,,,,,,,,NO_COMPATIBLE_ITEM,-74.25,0.0,-74.25,84,-212816.0,-212816.0,,0,9,100000.0,True,4,35000.0
66,10,SELL_TO_SHOP,CLERIC,,NONE,43,CLERIC,mace,4,,,,,,40404,40404,,,,,,,MISSED_PURCHASE_DUE_TO_CASH,-74.25,0.0,-74.25,84,-212816.0,-212816.0,,0,9,100000.0,True,4,35000.0
66,10,BUY_FROM_SHOP,CLERIC,staff,NONE,,,,,,,,,,,,,,,,,,NO_COMPATIBLE_ITEM,-74.25,0.0,-74.25,84,-212816.0,-212816.0,,0,9,100000.0,True,4,35000.0
66,10,BUY_FROM_SHOP,GUNNER,gun,NONE,,,,,,,,,,,,,,,,,,NO_COMPATIBLE_ITEM,-74.25,0.0,-74.25,84,-212816.0,-212816.0,,0,9,100000.0,True,4,35000.0
66,10,SELL_TO_SHOP,CLERIC,,NONE,43,WARRIOR,one_handed_sword,1,,,,,,2850,2850,,,,,,,MISSED_PURCHASE_DUE_TO_CASH,-74.25,-2.0,-76.25,84,-212816.0,-212816.0,,0,9,100000.0,True,4,35000.0
66,10,BUY_FROM_SHOP,WARRIOR,greatsword,NONE,,,,,,,,,,,,,,,,,,NO_COMPATIBLE_ITEM,-76.25,0.0,-76.25,84,-212816.0,-212816.0,,0,9,100000.0,True,4,35000.0
67,10,SELL_TO_SHOP,WARRIOR,,NONE,43,WARRIOR,spear,2,,,,,,5419,5419,,,,,,,MISSED_PURCHASE_DUE_TO_CASH,-76.25,0.0,-76.25,84,-212816.0,-212816.0,,0,9,100000.0,True,4,35000.0
67,10,SELL_TO_SHOP,GUNNER,,NONE,43,GUNNER,heavy_weapon,4,,,,,,55080,55080,,,,,,,REJECTED_OVERPRICED,-76.25,-2.0,-78.25,84,-212816.0,-212816.0,,0,9,100000.0,True,4,35000.0
67,10,SELL_TO_SHOP,ROGUE,,NONE,43,ARCHER,crossbow,1,,,,,,3055,3055,,,,,,,MISSED_PURCHASE_DUE_TO_CASH,-78.25,-2.0,-80.25,84,-212816.0,-212816.0,,0,9,100000.0,True,4,35000.0
67,10,SELL_TO_SHOP,ARCHER,,NONE,43,ARCHER,crossbow,4,,,,,,16740,16740,,,,,,,MISSED_PURCHASE_DUE_TO_CASH,-80.25,-2.0,-82.25,84,-212816.0,-212816.0,,0,9,100000.0,True,4,35000.0
67,10,SELL_TO_SHOP,MAGE,,NONE,43,MAGE,staff,2,,,,,,4316,4316,,,,,,,MISSED_PURCHASE_DUE_TO_CASH,-82.25,-2.0,-84.25,84,-212816.0,-212816.0,,0,9,100000.0,True,4,35000.0
67,10,BUY_FROM_SHOP,MAGE,grimoire,NONE,,,,,,,,,,,,,,,,,,NO_COMPATIBLE_ITEM,-84.25,0.0,-84.25,84,-212816.0,-212816.0,,0,9,100000.0,True,4,35000.0
67,10,BUY_FROM_SHOP,MAGE,staff,NONE,,,,,,,,,,,,,,,,,,NO_COMPATIBLE_ITEM,-84.25,0.0,-84.25,84,-212816.0,-212816.0,,0,9,100000.0,True,4,35000.0
68,10,SELL_TO_SHOP,WARRIOR,,NONE,43,WARRIOR,one_handed_sword,1,,,,,,5741,5741,,,,,,,MISSED_PURCHASE_DUE_TO_CASH,-84.25,0.0,-84.25,84,-212816.0,-212816.0,,0,9,100000.0,True,4,35000.0
68,10,BUY_FROM_SHOP,CLERIC,mace,NONE,,,,,,,,,,,,,,,,,,NO_COMPATIBLE_ITEM,-84.25,0.0,-84.25,84,-212816.0,-212816.0,,0,9,100000.0,True,4,35000.0
68,10,BUY_FROM_SHOP,MAGE,wand,NONE,,,,,,,,,,,,,,,,,,NO_COMPATIBLE_ITEM,-84.25,0.0,-84.25,84,-212816.0,-212816.0,,0,9,100000.0,True,4,35000.0
68,10,SELL_TO_SHOP,ROGUE,,NONE,43,ROGUE,dagger,1,,,,,,3620,3620,,,,,,,REJECTED_SCAMMER,-84.25,-5,-89.25,84,-212816.0,-212816.0,,0,9,100000.0,True,4,35000.0
68,10,SELL_TO_SHOP,ARCHER,,NONE,43,ARCHER,bow,2,,,,,,4221,4221,,,,,,,MISSED_PURCHASE_DUE_TO_CASH,-89.25,-2.0,-91.25,84,-212816.0,-212816.0,,0,9,100000.0,True,4,35000.0
68,10,BUY_FROM_SHOP,ROGUE,dagger,NONE,,,,,,,,,,,,,,,,,,NO_COMPATIBLE_ITEM,-91.25,0.0,-91.25,84,-212816.0,-212816.0,,0,9,100000.0,True,4,35000.0
68,10,SELL_TO_SHOP,ARCHER,,NONE,43,ARCHER,crossbow,2,,,,,,4833,4833,,,,,,,MISSED_PURCHASE_DUE_TO_CASH,-91.25,0.0,-91.25,84,-212816.0,-212816.0,,0,9,100000.0,True,4,35000.0
68,10,SELL_TO_SHOP,ROGUE,,NONE,43,ROGUE,dagger,3,,,,,,5348,5348,,,,,,,MISSED_PURCHASE_DUE_TO_CASH,-91.25,-2.0,-93.25,84,-212816.0,-212816.0,,0,9,100000.0,True,4,35000.0
69,10,SELL_TO_SHOP,WARRIOR,,NONE,43,WARRIOR,one_handed_sword,1,,,,,,2006,2006,,,,,,,MISSED_PURCHASE_DUE_TO_CASH,-93.25,0.0,-93.25,84,-212816.0,-212816.0,,0,9,100000.0,True,4,35000.0
69,10,SELL_TO_SHOP,ARCHER,,NONE,43,ARCHER,bow,1,,,,,,3699,3699,,,,,,,MISSED_PURCHASE_DUE_TO_CASH,-93.25,-2.0,-95.25,84,-212816.0,-212816.0,,0,9,100000.0,True,4,35000.0
69,10,SELL_TO_SHOP,GUNNER,,NONE,43,GUNNER,heavy_weapon,1,,,,,,1280,1280,,,,,,,MISSED_PURCHASE_DUE_TO_CASH,-95.25,-2.0,-97.25,84,-212816.0,-212816.0,,0,9,100000.0,True,4,35000.0
69,10,BUY_FROM_SHOP,CLERIC,mace,NONE,,,,,,,,,,,,,,,,,,NO_COMPATIBLE_ITEM,-97.25,0.0,-97.25,84,-212816.0,-212816.0,,0,9,100000.0,True,4,35000.0
69,10,SELL_TO_SHOP,CLERIC,,NONE,43,CLERIC,gauntlet,1,,,,,,1906,1906,,,,,,,MISSED_PURCHASE_DUE_TO_CASH,-97.25,-2.0,-99.25,84,-212816.0,-212816.0,,0,9,100000.0,True,4,35000.0
69,10,BUY_FROM_SHOP,MAGE,wand,NONE,,,,,,,,,,,,,,,,,,NO_COMPATIBLE_ITEM,-99.25,0.0,-99.25,84,-212816.0,-212816.0,,0,9,100000.0,True,4,35000.0
69,10,BUY_FROM_SHOP,ARCHER,bow,NONE,,,,,,,,,,,,,,,,,,NO_COMPATIBLE_ITEM,-99.25,0.0,-99.25,84,-212816.0,-212816.0,,0,9,100000.0,True,4,35000.0
69,10,BUY_FROM_SHOP,CLERIC,mace,NONE,,,,,,,,,,,,,,,,,,NO_COMPATIBLE_ITEM,-99.25,0.0,-99.25,84,-212816.0,-212816.0,,0,9,100000.0,True,4,35000.0
70,10,BUY_FROM_SHOP,ROGUE,dagger,NONE,,,,,,,,,,,,,,,,,,NO_COMPATIBLE_ITEM,-99.25,0.0,-99.25,84,-212816.0,-212816.0,,0,9,100000.0,True,4,35000.0
70,10,SELL_TO_SHOP,WARRIOR,,NONE,43,ROGUE,dagger,1,,,,,,1320,1320,,,,,,,MISSED_PURCHASE_DUE_TO_CASH,-99.25,0.0,-99.25,84,-212816.0,-212816.0,,0,9,100000.0,True,4,35000.0
70,10,SELL_TO_SHOP,GUNNER,,NONE,43,GUNNER,gun,1,,,,,,1985,1985,,,,,,,MISSED_PURCHASE_DUE_TO_CASH,-99.25,0.0,-99.25,84,-212816.0,-212816.0,,0,9,100000.0,True,4,35000.0
70,10,BUY_FROM_SHOP,WARRIOR,one_handed_sword,NONE,,,,,,,,,,,,,,,,,,NO_COMPATIBLE_ITEM,-99.25,0.0,-99.25,84,-212816.0,-212816.0,,0,9,100000.0,True,4,35000.0
70,10,SELL_TO_SHOP,GUNNER,,NONE,43,ARCHER,crossbow,1,,,,,,2775,2775,,,,,,,REJECTED_OVERPRICED,-99.25,-2.0,-101.25,84,-212816.0,-212816.0,,0,9,100000.0,True,4,35000.0
70,10,BUY_FROM_SHOP,CLERIC,gauntlet,NONE,,,,,,,,,,,,,,,,,,NO_COMPATIBLE_ITEM,-101.25,0.0,-101.25,84,-212816.0,-212816.0,,0,9,100000.0,True,4,35000.0
70,10,BUY_FROM_SHOP,ARCHER,crossbow,NONE,,,,,,,,,,,,,,,,,,NO_COMPATIBLE_ITEM,-101.25,0.0,-101.25,84,-212816.0,-212816.0,,0,9,100000.0,True,4,35000.0
70,10,BUY_FROM_SHOP,WARRIOR,axe,NONE,,,,,,,,,,,,,,,,,,NO_COMPATIBLE_ITEM,-101.25,0.0,-101.25,84,-212816.0,-212816.0,,0,9,100000.0,True,4,35000.0
71,11,BUY_FROM_SHOP,ARCHER,bow,NONE,,,,,,,,,,,,,,,,,,NO_COMPATIBLE_ITEM,-101.25,0.0,-101.25,84,-267816.0,-267816.0,,0,9,100000.0,True,4,35000.0
71,11,BUY_FROM_SHOP,ARCHER,bow,NONE,,,,,,,,,,,,,,,,,,NO_COMPATIBLE_ITEM,-101.25,0.0,-101.25,84,-267816.0,-267816.0,,0,9,100000.0,True,4,35000.0
71,11,SELL_TO_SHOP,GUNNER,,NONE,43,GUNNER,heavy_weapon,1,,,,,,2298,2298,,,,,,,MISSED_PURCHASE_DUE_TO_CASH,-101.25,0.0,-101.25,84,-267816.0,-267816.0,,0,9,100000.0,True,4,35000.0
71,11,SELL_TO_SHOP,MAGE,,NONE,43,WARRIOR,one_handed_sword,1,,,,,,2475,2475,,,,,,,MISSED_PURCHASE_DUE_TO_CASH,-101.25,0.0,-101.25,84,-267816.0,-267816.0,,0,9,100000.0,True,4,35000.0
71,11,BUY_FROM_SHOP,CLERIC,staff,NONE,,,,,,,,,,,,,,,,,,NO_COMPATIBLE_ITEM,-101.25,0.0,-101.25,84,-267816.0,-267816.0,,0,9,100000.0,True,4,35000.0
71,11,SELL_TO_SHOP,WARRIOR,,NONE,43,WARRIOR,axe,1,,,,,,1615,1615,,,,,,,MISSED_PURCHASE_DUE_TO_CASH,-101.25,0.0,-101.25,84,-267816.0,-267816.0,,0,9,100000.0,True,4,35000.0
72,11,SELL_TO_SHOP,GUNNER,,NONE,43,GUNNER,gun,3,,,,,,20210,20210,,,,,,,MISSED_PURCHASE_DUE_TO_CASH,-101.25,0.0,-101.25,84,-267816.0,-267816.0,,0,9,100000.0,True,4,35000.0
72,11,BUY_FROM_SHOP,GUNNER,heavy_weapon,NONE,,,,,,,,,,,,,,,,,,NO_COMPATIBLE_ITEM,-101.25,0.0,-101.25,84,-267816.0,-267816.0,,0,9,100000.0,True,4,35000.0
72,11,BUY_FROM_SHOP,GUNNER,gun,NONE,,,,,,,,,,,,,,,,,,NO_COMPATIBLE_ITEM,-101.25,0.0,-101.25,84,-267816.0,-267816.0,,0,9,100000.0,True,4,35000.0
72,11,SELL_TO_SHOP,MAGE,,NONE,43,MAGE,wand,4,,,,,,27183,27183,,,,,,,MISSED_PURCHASE_DUE_TO_CASH,-101.25,-2.0,-103.25,84,-267816.0,-267816.0,,0,9,100000.0,True,4,35000.0
72,11,SELL_TO_SHOP,ARCHER,,NONE,43,ARCHER,bow,2,,,,,,8842,8842,,,,,,,MISSED_PURCHASE_DUE_TO_CASH,-103.25,-2.0,-105.25,84,-267816.0,-267816.0,,0,9,100000.0,True,4,35000.0
72,11,SELL_TO_SHOP,MAGE,,NONE,43,MAGE,grimoire,1,,,,,,1565,1565,,,,,,,MISSED_PURCHASE_DUE_TO_CASH,-105.25,-2.0,-107.25,84,-267816.0,-267816.0,,0,9,100000.0,True,4,35000.0
72,11,BUY_FROM_SHOP,ROGUE,dagger,NONE,,,,,,,,,,,,,,,,,,NO_COMPATIBLE_ITEM,-107.25,0.0,-107.25,84,-267816.0,-267816.0,,0,9,100000.0,True,4,35000.0
73,11,BUY_FROM_SHOP,ARCHER,crossbow,NONE,,,,,,,,,,,,,,,,,,NO_COMPATIBLE_ITEM,-107.25,0.0,-107.25,84,-267816.0,-267816.0,,0,9,100000.0,True,4,35000.0
73,11,SELL_TO_SHOP,GUNNER,,NONE,43,GUNNER,heavy_weapon,1,,,,,,512,512,,,,,,,REJECTED_OVERPRICED,-107.25,0.0,-107.25,84,-267816.0,-267816.0,,0,9,100000.0,True,4,35000.0
73,11,SELL_TO_SHOP,MAGE,,NONE,43,MAGE,grimoire,3,,,,,,6862,6862,,,,,,,MISSED_PURCHASE_DUE_TO_CASH,-107.25,-2.0,-109.25,84,-267816.0,-267816.0,,0,9,100000.0,True,4,35000.0
73,11,SELL_TO_SHOP,ROGUE,,NONE,43,ROGUE,dagger,2,,,,,,9240,9240,,,,,,,MISSED_PURCHASE_DUE_TO_CASH,-109.25,0.0,-109.25,84,-267816.0,-267816.0,,0,9,100000.0,True,4,35000.0
73,11,SELL_TO_SHOP,ARCHER,,NONE,43,ARCHER,bow,1,,,,,,2267,2267,,,,,,,MISSED_PURCHASE_DUE_TO_CASH,-109.25,0.0,-109.25,84,-267816.0,-267816.0,,0,9,100000.0,True,4,35000.0
73,11,BUY_FROM_SHOP,MAGE,staff,NONE,,,,,,,,,,,,,,,,,,NO_COMPATIBLE_ITEM,-109.25,0.0,-109.25,84,-267816.0,-267816.0,,0,9,100000.0,True,4,35000.0
73,11,BUY_FROM_SHOP,ARCHER,bow,NONE,,,,,,,,,,,,,,,,,,NO_COMPATIBLE_ITEM,-109.25,0.0,-109.25,84,-267816.0,-267816.0,,0,9,100000.0,True,4,35000.0
73,11,BUY_FROM_SHOP,CLERIC,gauntlet,NONE,,,,,,,,,,,,,,,,,,NO_COMPATIBLE_ITEM,-109.25,0.0,-109.25,84,-267816.0,-267816.0,,0,9,100000.0,True,4,35000.0
74,11,SELL_TO_SHOP,ROGUE,,NONE,43,ROGUE,throwing_weapon,4,,,,,,40492,40492,,,,,,,MISSED_PURCHASE_DUE_TO_CASH,-109.25,0.0,-109.25,84,-267816.0,-267816.0,,0,9,100000.0,True,4,35000.0
74,11,SELL_TO_SHOP,GUNNER,,NONE,43,MAGE,wand,1,,,,,,1200,1200,,,,,,,MISSED_PURCHASE_DUE_TO_CASH,-109.25,0.0,-109.25,84,-267816.0,-267816.0,,0,9,100000.0,True,4,35000.0
74,11,BUY_FROM_SHOP,WARRIOR,spear,NONE,,,,,,,,,,,,,,,,,,NO_COMPATIBLE_ITEM,-109.25,0.0,-109.25,84,-267816.0,-267816.0,,0,9,100000.0,True,4,35000.0
74,11,SELL_TO_SHOP,GUNNER,,NONE,43,GUNNER,heavy_weapon,5,,,,,,56525,56525,,,,,,,MISSED_PURCHASE_DUE_TO_CASH,-109.25,-2.0,-111.25,84,-267816.0,-267816.0,,0,9,100000.0,True,4,35000.0
74,11,SELL_TO_SHOP,GUNNER,,NONE,43,MAGE,grimoire,1,,,,,,1575,1575,,,,,,,MISSED_PURCHASE_DUE_TO_CASH,-111.25,-2.0,-113.25,84,-267816.0,-267816.0,,0,9,100000.0,True,4,35000.0
74,11,BUY_FROM_SHOP,CLERIC,gauntlet,NONE,,,,,,,,,,,,,,,,,,NO_COMPATIBLE_ITEM,-113.25,0.0,-113.25,84,-267816.0,-267816.0,,0,9,100000.0,True,4,35000.0
75,11,SELL_TO_SHOP,GUNNER,,NONE,43,GUNNER,heavy_weapon,4,,,,,,6327,6327,,,,,,,MISSED_PURCHASE_DUE_TO_CASH,-113.25,-2.0,-115.25,84,-267816.0,-267816.0,,0,9,100000.0,True,4,35000.0
75,11,BUY_FROM_SHOP,CLERIC,mace,NONE,,,,,,,,,,,,,,,,,,NO_COMPATIBLE_ITEM,-115.25,0.0,-115.25,84,-267816.0,-267816.0,,0,9,100000.0,True,4,35000.0
75,11,BUY_FROM_SHOP,MAGE,grimoire,NONE,,,,,,,,,,,,,,,,,,NO_COMPATIBLE_ITEM,-115.25,0.0,-115.25,84,-267816.0,-267816.0,,0,9,100000.0,True,4,35000.0
75,11,SELL_TO_SHOP,ROGUE,,NONE,43,ROGUE,throwing_weapon,1,,,,,,4042,4042,,,,,,,MISSED_PURCHASE_DUE_TO_CASH,-115.25,0.0,-115.25,84,-267816.0,-267816.0,,0,9,100000.0,True,4,35000.0
75,11,BUY_FROM_SHOP,CLERIC,mace,NONE,,,,,,,,,,,,,,,,,,NO_COMPATIBLE_ITEM,-115.25,0.0,-115.25,84,-267816.0,-267816.0,,0,9,100000.0,True,4,35000.0
75,11,SELL_TO_SHOP,CLERIC,,NONE,43,CLERIC,mace,3,,,,,,8220,8220,,,,,,,REJECTED_OVERPRICED,-115.25,-2.0,-117.25,84,-267816.0,-267816.0,,0,9,100000.0,True,4,35000.0
75,11,BUY_FROM_SHOP,GUNNER,gun,NONE,,,,,,,,,,,,,,,,,,NO_COMPATIBLE_ITEM,-117.25,0.0,-117.25,84,-267816.0,-267816.0,,0,9,100000.0,True,4,35000.0
76,11,BUY_FROM_SHOP,ARCHER,bow,NONE,,,,,,,,,,,,,,,,,,NO_COMPATIBLE_ITEM,-117.25,0.0,-117.25,84,-267816.0,-267816.0,,0,9,100000.0,True,4,35000.0
76,11,BUY_FROM_SHOP,GUNNER,heavy_weapon,NONE,,,,,,,,,,,,,,,,,,NO_COMPATIBLE_ITEM,-117.25,0.0,-117.25,84,-267816.0,-267816.0,,0,9,100000.0,True,4,35000.0
76,11,BUY_FROM_SHOP,MAGE,staff,NONE,,,,,,,,,,,,,,,,,,NO_COMPATIBLE_ITEM,-117.25,0.0,-117.25,84,-267816.0,-267816.0,,0,9,100000.0,True,4,35000.0
76,11,BUY_FROM_SHOP,CLERIC,staff,NONE,,,,,,,,,,,,,,,,,,NO_COMPATIBLE_ITEM,-117.25,0.0,-117.25,84,-267816.0,-267816.0,,0,9,100000.0,True,4,35000.0
76,11,BUY_FROM_SHOP,GUNNER,gun,NONE,,,,,,,,,,,,,,,,,,NO_COMPATIBLE_ITEM,-117.25,0.0,-117.25,84,-267816.0,-267816.0,,0,9,100000.0,True,4,35000.0
76,11,SELL_TO_SHOP,GUNNER,,NONE,43,WARRIOR,spear,1,,,,,,1440,1440,,,,,,,REJECTED_OVERPRICED,-117.25,0.0,-117.25,84,-267816.0,-267816.0,,0,9,100000.0,True,4,35000.0
76,11,SELL_TO_SHOP,ARCHER,,NONE,43,ARCHER,bow,1,,,,,,4019,4019,,,,,,,MISSED_PURCHASE_DUE_TO_CASH,-117.25,0.0,-117.25,84,-267816.0,-267816.0,,0,9,100000.0,True,4,35000.0
77,11,SELL_TO_SHOP,WARRIOR,,NONE,43,WARRIOR,axe,4,,,,,,34188,34188,,,,,,,REJECTED_OVERPRICED,-117.25,0.0,-117.25,84,-267816.0,-267816.0,,0,9,100000.0,True,4,35000.0
77,11,BUY_FROM_SHOP,CLERIC,gauntlet,NONE,,,,,,,,,,,,,,,,,,NO_COMPATIBLE_ITEM,-117.25,0.0,-117.25,84,-267816.0,-267816.0,,0,9,100000.0,True,4,35000.0
77,11,BUY_FROM_SHOP,MAGE,wand,NONE,,,,,,,,,,,,,,,,,,NO_COMPATIBLE_ITEM,-117.25,0.0,-117.25,84,-267816.0,-267816.0,,0,9,100000.0,True,4,35000.0
77,11,BUY_FROM_SHOP,GUNNER,gun,NONE,,,,,,,,,,,,,,,,,,NO_COMPATIBLE_ITEM,-117.25,0.0,-117.25,84,-267816.0,-267816.0,,0,9,100000.0,True,4,35000.0
77,11,SELL_TO_SHOP,GUNNER,,NONE,43,MAGE,staff,1,,,,,,3225,3225,,,,,,,MISSED_PURCHASE_DUE_TO_CASH,-117.25,0.0,-117.25,84,-267816.0,-267816.0,,0,9,100000.0,True,4,35000.0
77,11,SELL_TO_SHOP,ARCHER,,NONE,43,ARCHER,bow,1,,,,,,3315,3315,,,,,,,MISSED_PURCHASE_DUE_TO_CASH,-117.25,-2.0,-119.25,84,-267816.0,-267816.0,,0,9,100000.0,True,4,35000.0
77,11,SELL_TO_SHOP,GUNNER,,NONE,43,GUNNER,heavy_weapon,1,,,,,,3753,3753,,,,,,,MISSED_PURCHASE_DUE_TO_CASH,-119.25,0.0,-119.25,84,-267816.0,-267816.0,,0,9,100000.0,True,4,35000.0
77,11,SELL_TO_SHOP,CLERIC,,NONE,43,CLERIC,staff,2,,,,,,4195,4195,,,,,,,MISSED_PURCHASE_DUE_TO_CASH,-119.25,-2.0,-121.25,84,-267816.0,-267816.0,,0,9,100000.0,True,4,35000.0
78,12,SELL_TO_SHOP,CLERIC,,NONE,43,CLERIC,staff,1,,,,,,2036,2036,,,,,,,MISSED_PURCHASE_DUE_TO_CASH,-121.25,-2.0,-123.25,84,-327816.0,-327816.0,,0,9,100000.0,True,4,35000.0
78,12,SELL_TO_SHOP,MAGE,,NONE,43,MAGE,grimoire,1,,,,,,2438,2438,,,,,,,MISSED_PURCHASE_DUE_TO_CASH,-123.25,0.0,-123.25,84,-327816.0,-327816.0,,0,9,100000.0,True,4,35000.0
78,12,BUY_FROM_SHOP,WARRIOR,greatsword,NONE,,,,,,,,,,,,,,,,,,NO_COMPATIBLE_ITEM,-123.25,0.0,-123.25,84,-327816.0,-327816.0,,0,9,100000.0,True,4,35000.0
78,12,BUY_FROM_SHOP,CLERIC,staff,NONE,,,,,,,,,,,,,,,,,,NO_COMPATIBLE_ITEM,-123.25,0.0,-123.25,84,-327816.0,-327816.0,,0,9,100000.0,True,4,35000.0
78,12,SELL_TO_SHOP,CLERIC,,NONE,43,WARRIOR,spear,5,,,,,,76125,76125,,,,,,,REJECTED_SCAMMER,-123.25,-5,-128.25,84,-327816.0,-327816.0,,0,9,100000.0,True,4,35000.0
78,12,SELL_TO_SHOP,WARRIOR,,NONE,43,CLERIC,staff,3,,,,,,15138,15138,,,,,,,REJECTED_OVERPRICED,-128.25,-2.0,-130.25,84,-327816.0,-327816.0,,0,9,100000.0,True,4,35000.0
78,12,SELL_TO_SHOP,ROGUE,,NONE,43,ROGUE,throwing_weapon,4,,,,,,28688,28688,,,,,,,MISSED_PURCHASE_DUE_TO_CASH,-130.25,0.0,-130.25,84,-327816.0,-327816.0,,0,9,100000.0,True,4,35000.0
79,12,BUY_FROM_SHOP,ROGUE,dagger,NONE,,,,,,,,,,,,,,,,,,NO_COMPATIBLE_ITEM,-130.25,0.0,-130.25,84,-327816.0,-327816.0,,0,9,100000.0,True,4,35000.0
79,12,SELL_TO_SHOP,CLERIC,,NONE,43,CLERIC,gauntlet,2,,,,,,6176,6176,,,,,,,MISSED_PURCHASE_DUE_TO_CASH,-130.25,-2.0,-132.25,84,-327816.0,-327816.0,,0,9,100000.0,True,4,35000.0
79,12,SELL_TO_SHOP,CLERIC,,NONE,43,ARCHER,crossbow,2,,,,,,1320,1320,,,,,,,MISSED_PURCHASE_DUE_TO_CASH,-132.25,-2.0,-134.25,84,-327816.0,-327816.0,,0,9,100000.0,True,4,35000.0
79,12,SELL_TO_SHOP,ARCHER,,NONE,43,ARCHER,crossbow,1,,,,,,3816,3816,,,,,,,MISSED_PURCHASE_DUE_TO_CASH,-134.25,-2.0,-136.25,84,-327816.0,-327816.0,,0,9,100000.0,True,4,35000.0
79,12,BUY_FROM_SHOP,ARCHER,bow,NONE,,,,,,,,,,,,,,,,,,NO_COMPATIBLE_ITEM,-136.25,0.0,-136.25,84,-327816.0,-327816.0,,0,9,100000.0,True,4,35000.0
79,12,BUY_FROM_SHOP,GUNNER,heavy_weapon,NONE,,,,,,,,,,,,,,,,,,NO_COMPATIBLE_ITEM,-136.25,0.0,-136.25,84,-327816.0,-327816.0,,0,9,100000.0,True,4,35000.0
80,12,BUY_FROM_SHOP,MAGE,staff,NONE,,,,,,,,,,,,,,,,,,NO_COMPATIBLE_ITEM,-136.25,0.0,-136.25,84,-327816.0,-327816.0,,0,9,100000.0,True,4,35000.0
80,12,BUY_FROM_SHOP,ROGUE,dagger,NONE,,,,,,,,,,,,,,,,,,NO_COMPATIBLE_ITEM,-136.25,0.0,-136.25,84,-327816.0,-327816.0,,0,9,100000.0,True,4,35000.0
80,12,BUY_FROM_SHOP,ROGUE,dagger,NONE,,,,,,,,,,,,,,,,,,NO_COMPATIBLE_ITEM,-136.25,0.0,-136.25,84,-327816.0,-327816.0,,0,9,100000.0,True,4,35000.0
80,12,SELL_TO_SHOP,ROGUE,,NONE,43,WARRIOR,spear,3,,,,,,14300,14300,,,,,,,MISSED_PURCHASE_DUE_TO_CASH,-136.25,0.0,-136.25,84,-327816.0,-327816.0,,0,9,100000.0,True,4,35000.0
80,12,SELL_TO_SHOP,ARCHER,,NONE,43,ARCHER,bow,2,,,,,,3211,3211,,,,,,,MISSED_PURCHASE_DUE_TO_CASH,-136.25,-2.0,-138.25,84,-327816.0,-327816.0,,0,9,100000.0,True,4,35000.0
80,12,BUY_FROM_SHOP,WARRIOR,axe,NONE,,,,,,,,,,,,,,,,,,NO_COMPATIBLE_ITEM,-138.25,0.0,-138.25,84,-327816.0,-327816.0,,0,9,100000.0,True,4,35000.0
80,12,SELL_TO_SHOP,WARRIOR,,NONE,43,WARRIOR,spear,1,,,,,,2306,2306,,,,,,,MISSED_PURCHASE_DUE_TO_CASH,-138.25,-2.0,-140.25,84,-327816.0,-327816.0,,0,9,100000.0,True,4,35000.0
81,12,BUY_FROM_SHOP,MAGE,grimoire,NONE,,,,,,,,,,,,,,,,,,NO_COMPATIBLE_ITEM,-140.25,0.0,-140.25,84,-327816.0,-327816.0,,0,9,100000.0,True,4,35000.0
81,12,SELL_TO_SHOP,ARCHER,,NONE,43,ARCHER,crossbow,1,,,,,,500,500,,,,,,,MISSED_PURCHASE_DUE_TO_CASH,-140.25,-2.0,-142.25,84,-327816.0,-327816.0,,0,9,100000.0,True,4,35000.0
81,12,SELL_TO_SHOP,CLERIC,,NONE,43,GUNNER,heavy_weapon,2,,,,,,2850,2850,,,,,,,MISSED_PURCHASE_DUE_TO_CASH,-142.25,0.0,-142.25,84,-327816.0,-327816.0,,0,9,100000.0,True,4,35000.0
81,12,BUY_FROM_SHOP,WARRIOR,spear,NONE,,,,,,,,,,,,,,,,,,NO_COMPATIBLE_ITEM,-142.25,0.0,-142.25,84,-327816.0,-327816.0,,0,9,100000.0,True,4,35000.0
81,12,SELL_TO_SHOP,GUNNER,,NONE,43,GUNNER,heavy_weapon,2,,,,,,2076,2076,,,,,,,MISSED_PURCHASE_DUE_TO_CASH,-142.25,0.0,-142.25,84,-327816.0,-327816.0,,0,9,100000.0,True,4,35000.0
81,12,SELL_TO_SHOP,ROGUE,,NONE,43,ROGUE,dagger,1,,,,,,2792,2792,,,,,,,MISSED_PURCHASE_DUE_TO_CASH,-142.25,-2.0,-144.25,84,-327816.0,-327816.0,,0,9,100000.0,True,4,35000.0
81,12,BUY_FROM_SHOP,MAGE,grimoire,NONE,,,,,,,,,,,,,,,,,,NO_COMPATIBLE_ITEM,-144.25,0.0,-144.25,84,-327816.0,-327816.0,,0,9,100000.0,True,4,35000.0
82,12,SELL_TO_SHOP,WARRIOR,,NONE,43,CLERIC,gauntlet,1,,,,,,2535,2535,,,,,,,REJECTED_OVERPRICED,-144.25,0.0,-144.25,84,-327816.0,-327816.0,,0,9,100000.0,True,4,35000.0
82,12,SELL_TO_SHOP,CLERIC,,NONE,43,WARRIOR,spear,1,,,,,,1160,1160,,,,,,,MISSED_PURCHASE_DUE_TO_CASH,-144.25,-2.0,-146.25,84,-327816.0,-327816.0,,0,9,100000.0,True,4,35000.0
82,12,BUY_FROM_SHOP,MAGE,wand,NONE,,,,,,,,,,,,,,,,,,NO_COMPATIBLE_ITEM,-146.25,0.0,-146.25,84,-327816.0,-327816.0,,0,9,100000.0,True,4,35000.0
82,12,BUY_FROM_SHOP,MAGE,wand,NONE,,,,,,,,,,,,,,,,,,NO_COMPATIBLE_ITEM,-146.25,0.0,-146.25,84,-327816.0,-327816.0,,0,9,100000.0,True,4,35000.0
82,12,SELL_TO_SHOP,MAGE,,NONE,43,MAGE,staff,4,,,,,,1500,1500,,,,,,,REJECTED_OVERPRICED,-146.25,-2.0,-148.25,84,-327816.0,-327816.0,,0,9,100000.0,True,4,35000.0
82,12,SELL_TO_SHOP,CLERIC,,NONE,43,CLERIC,mace,1,,,,,,1979,1979,,,,,,,REJECTED_SCAMMER,-148.25,-5,-153.25,84,-327816.0,-327816.0,,0,9,100000.0,True,4,35000.0
82,12,BUY_FROM_SHOP,ARCHER,bow,NONE,,,,,,,,,,,,,,,,,,NO_COMPATIBLE_ITEM,-153.25,0.0,-153.25,84,-327816.0,-327816.0,,0,9,100000.0,True,4,35000.0
82,12,BUY_FROM_SHOP,CLERIC,staff,NONE,,,,,,,,,,,,,,,,,,NO_COMPATIBLE_ITEM,-153.25,0.0,-153.25,84,-327816.0,-327816.0,,0,9,100000.0,True,4,35000.0
83,12,SELL_TO_SHOP,ARCHER,,NONE,43,ARCHER,crossbow,1,,,,,,100,100,,,,,,,REJECTED_OVERPRICED,-153.25,0.0,-153.25,84,-327816.0,-327816.0,,0,9,100000.0,True,4,35000.0
83,12,BUY_FROM_SHOP,CLERIC,gauntlet,NONE,,,,,,,,,,,,,,,,,,NO_COMPATIBLE_ITEM,-153.25,0.0,-153.25,84,-327816.0,-327816.0,,0,9,100000.0,True,4,35000.0
83,12,SELL_TO_SHOP,MAGE,,NONE,43,ARCHER,bow,2,,,,,,3770,3770,,,,,,,MISSED_PURCHASE_DUE_TO_CASH,-153.25,0.0,-153.25,84,-327816.0,-327816.0,,0,9,100000.0,True,4,35000.0
83,12,BUY_FROM_SHOP,MAGE,staff,NONE,,,,,,,,,,,,,,,,,,NO_COMPATIBLE_ITEM,-153.25,0.0,-153.25,84,-327816.0,-327816.0,,0,9,100000.0,True,4,35000.0
83,12,BUY_FROM_SHOP,MAGE,wand,NONE,,,,,,,,,,,,,,,,,,NO_COMPATIBLE_ITEM,-153.25,0.0,-153.25,84,-327816.0,-327816.0,,0,9,100000.0,True,4,35000.0
83,12,SELL_TO_SHOP,GUNNER,,NONE,43,GUNNER,gun,1,,,,,,1730,1730,,,,,,,MISSED_PURCHASE_DUE_TO_CASH,-153.25,-2.0,-155.25,84,-327816.0,-327816.0,,0,9,100000.0,True,4,35000.0
84,12,SELL_TO_SHOP,ROGUE,,NONE,43,ARCHER,crossbow,3,,,,,,18375,18375,,,,,,,REJECTED_SCAMMER,-155.25,-5,-160.25,84,-327816.0,-327816.0,,0,9,100000.0,True,4,35000.0
84,12,SELL_TO_SHOP,MAGE,,NONE,43,MAGE,grimoire,1,,,,,,2236,2236,,,,,,,MISSED_PURCHASE_DUE_TO_CASH,-160.25,-2.0,-162.25,84,-327816.0,-327816.0,,0,9,100000.0,True,4,35000.0
84,12,SELL_TO_SHOP,ARCHER,,NONE,43,GUNNER,gun,1,,,,,,2405,2405,,,,,,,MISSED_PURCHASE_DUE_TO_CASH,-162.25,0.0,-162.25,84,-327816.0,-327816.0,,0,9,100000.0,True,4,35000.0
84,12,BUY_FROM_SHOP,MAGE,staff,NONE,,,,,,,,,,,,,,,,,,NO_COMPATIBLE_ITEM,-162.25,0.0,-162.25,84,-327816.0,-327816.0,,0,9,100000.0,True,4,35000.0
84,12,BUY_FROM_SHOP,MAGE,wand,NONE,,,,,,,,,,,,,,,,,,NO_COMPATIBLE_ITEM,-162.25,0.0,-162.25,84,-327816.0,-327816.0,,0,9,100000.0,True,4,35000.0
84,12,SELL_TO_SHOP,ROGUE,,NONE,43,ROGUE,throwing_weapon,1,,,,,,875,875,,,,,,,MISSED_PURCHASE_DUE_TO_CASH,-162.25,0.0,-162.25,84,-327816.0,-327816.0,,0,9,100000.0,True,4,35000.0
84,12,BUY_FROM_SHOP,WARRIOR,spear,NONE,,,,,,,,,,,,,,,,,,NO_COMPATIBLE_ITEM,-162.25,0.0,-162.25,84,-327816.0,-327816.0,,0,9,100000.0,True,4,35000.0
84,12,BUY_FROM_SHOP,GUNNER,gun,NONE,,,,,,,,,,,,,,,,,,NO_COMPATIBLE_ITEM,-162.25,0.0,-162.25,84,-327816.0,-327816.0,,0,9,100000.0,True,4,35000.0
