day,week,customer_role,guest_class,preferred_weapon_type,transaction_type,item_id,item_class,item_type,item_tier,buyer_fit_score,tier_fit,preference_match,fit_band,purchase_price,purchase_appraised_price,current_appraised_price,listing_price,buyer_offer_price,final_sale_price,gross_profit,margin_rate,haggle_count,outcome,reputation_before,reputation_delta,reputation_after,trade_count,cash_before,cash_after,days_in_inventory,inventory_count,inventory_capacity,debt,debt_remaining,cash_deficit,inventory_expansion_count,inventory_expansion_spending
1,1,SELL_TO_SHOP,WARRIOR,,BUY_FROM_CUSTOMER,1,WARRIOR,spear,2,,,,,12035,12035,12035,14442,,,,,,SUCCESSFUL_PURCHASE,0.0,2.0,2.0,1,50000.0,37965.0,,1,5,0.0,0.0,False,0,0.0
1,1,SELL_TO_SHOP,GUNNER,,BUY_FROM_CUSTOMER,2,GUNNER,gun,1,,,,,2391,2491,2491,2989,,,,,,SUCCESSFUL_PURCHASE,2.0,6.0,8.0,2,37965.0,35574.0,,2,5,0.0,0.0,False,0,0.0
1,1,SELL_TO_SHOP,WARRIOR,,BUY_FROM_CUSTOMER,3,WARRIOR,greatsword,1,,,,,1501,1501,1501,1801,,,,,,SUCCESSFUL_PURCHASE,8.0,2.0,10.0,3,35574.0,34073.0,,3,5,0.0,0.0,False,0,0.0
1,1,SELL_TO_SHOP,ROGUE,,NONE,4,MAGE,grimoire,1,,,,,,3055,3055,,,,,,,REJECTED_OVERPRICED,10.0,-2.0,8.0,3,34073.0,34073.0,,3,5,0.0,0.0,False,0,0.0
1,1,SELL_TO_SHOP,GUNNER,,NONE,4,GUNNER,heavy_weapon,1,,,,,,2172,2172,,,,,,,REJECTED_OVERPRICED,8.0,-2.0,6.0,3,34073.0,34073.0,,3,5,0.0,0.0,False,0,0.0
1,1,SELL_TO_SHOP,ARCHER,,BUY_FROM_CUSTOMER,4,ARCHER,bow,2,,,,,4914,5584,5584,6701,,,,,,SUCCESSFUL_PURCHASE,6.0,6.0,12.0,4,34073.0,29159.0,,4,5,0.0,0.0,False,0,0.0
1,1,SELL_TO_SHOP,MAGE,,NONE,5,MAGE,staff,1,,,,,,648,648,,,,,,,REJECTED_SCAMMER,12.0,-5,7.0,4,29159.0,29159.0,,4,5,0.0,0.0,False,0,0.0
1,1,SELL_TO_SHOP,ROGUE,,NONE,5,ROGUE,dagger,2,,,,,,1220,1220,,,,,,,REJECTED_OVERPRICED,7.0,-2.0,5.0,4,29159.0,29159.0,,4,5,0.0,0.0,False,0,0.0
2,1,BUY_FROM_SHOP,CLERIC,gauntlet,NONE,,,,,,,,,,,,,,,,,,NO_COMPATIBLE_ITEM,5.0,0.0,5.0,4,29159.0,29159.0,,4,5,0.0,0.0,False,0,0.0
2,1,SELL_TO_SHOP,GUNNER,,NONE,5,GUNNER,heavy_weapon,1,,,,,,3820,3820,,,,,,,REJECTED_SCAMMER,5.0,-5,0.0,4,29159.0,29159.0,,4,5,0.0,0.0,False,0,0.0
2,1,BUY_FROM_SHOP,WARRIOR,axe,NONE,3,WARRIOR,greatsword,1,61.88,1.0,False,MEDIUM_INTEREST,1501,1501,1501,1801,1501,,,,2,PRICE_NEGOTIATION_FAILURE,0.0,0.0,0.0,4,29159.0,29159.0,1,4,5,0.0,0.0,False,0,0.0
2,1,SELL_TO_SHOP,ROGUE,,NONE,5,ROGUE,dagger,1,,,,,,1179,1179,,,,,,,REJECTED_SCAMMER,0.0,-5,-5.0,4,29159.0,29159.0,,4,5,0.0,0.0,False,0,0.0
2,1,BUY_FROM_SHOP,CLERIC,gauntlet,NONE,,,,,,,,,,,,,,,,,,NO_COMPATIBLE_ITEM,-5.0,0.0,-5.0,4,29159.0,29159.0,,4,5,0.0,0.0,False,0,0.0
2,1,SELL_TO_SHOP,CLERIC,,BUY_FROM_CUSTOMER,5,CLERIC,mace,1,,,,,2036,2314,2314,2777,,,,,,SUCCESSFUL_PURCHASE,-5.0,6.0,1.0,5,29159.0,27123.0,,5,5,0.0,0.0,False,0,0.0
2,1,BUY_FROM_SHOP,MAGE,staff,NONE,,,,,,,,,,,,,,,,,,NO_COMPATIBLE_ITEM,1.0,0.0,1.0,5,27123.0,27123.0,,5,5,0.0,0.0,False,0,0.0
2,1,BUY_FROM_SHOP,WARRIOR,greatsword,SELL_TO_CUSTOMER,3,WARRIOR,greatsword,1,75.04875,1.0,True,HIGH_INTEREST,1501,1501,1501,1801,1651,1651,150,0.09993337774816789,1,BUYER_PURCHASES,1.0,1.0,2.0,6,27123.0,28774.0,1,4,5,0.0,0.0,False,0,0.0
3,1,BUY_FROM_SHOP,WARRIOR,spear,SELL_TO_CUSTOMER,1,WARRIOR,spear,2,78.18,0.5,True,HIGH_INTEREST,12035,12035,12035,14442,12637,12637,602,0.050020772746157044,1,BUYER_PURCHASES,2.0,1.0,3.0,7,28774.0,41411.0,2,3,5,0.0,0.0,False,0,0.0
3,1,SELL_TO_SHOP,WARRIOR,,NONE,6,CLERIC,mace,1,,,,,,3000,3000,,,,,,,REJECTED_OVERPRICED,3.0,-2.0,1.0,7,41411.0,41411.0,,3,5,0.0,0.0,False,0,0.0
3,1,SELL_TO_SHOP,CLERIC,,BUY_FROM_CUSTOMER,6,CLERIC,staff,1,,,,,554,630,630,756,,,,,,SUCCESSFUL_PURCHASE,1.0,4.0,5.0,8,41411.0,40857.0,,4,5,0.0,0.0,False,0,0.0
3,1,SELL_TO_SHOP,ROGUE,,BUY_FROM_CUSTOMER,7,ROGUE,throwing_weapon,2,,,,,6556,6829,6829,8195,,,,,,SUCCESSFUL_PURCHASE,5.0,6.0,11.0,9,40857.0,34301.0,,5,5,0.0,0.0,False,0,0.0
3,1,SELL_TO_SHOP,MAGE,,BUY_FROM_CUSTOMER,8,MAGE,grimoire,2,,,,,3817,4771,4771,5725,,,,,,SUCCESSFUL_PURCHASE,11.0,6.0,17.0,10,34301.0,25484.0,,6,6,0.0,0.0,False,1,5000.0
3,1,SELL_TO_SHOP,GUNNER,,BUY_FROM_CUSTOMER,9,GUNNER,gun,1,,,,,1180,2361,2361,2833,,,,,,SUCCESSFUL_PURCHASE,17.0,0,17.0,11,25484.0,16804.0,,7,7,0.0,0.0,False,2,12500.0
4,1,SELL_TO_SHOP,WARRIOR,,BUY_FROM_CUSTOMER,10,WARRIOR,one_handed_sword,1,,,,,1458,1519,1519,1823,,,,,,SUCCESSFUL_PURCHASE,17.0,6.0,23.0,12,16804.0,5346.0,,8,8,0.0,0.0,False,3,22500.0
4,1,BUY_FROM_SHOP,CLERIC,staff,SELL_TO_CUSTOMER,6,CLERIC,staff,1,68.11333333333333,1.0,True,MEDIUM_INTEREST,554,630,630,756,630,630,76,0.1371841155234657,2,BUYER_PURCHASES,23.0,0,23.0,13,5346.0,5976.0,1,7,8,0.0,0.0,False,3,22500.0
4,1,SELL_TO_SHOP,CLERIC,,BUY_FROM_CUSTOMER,11,CLERIC,gauntlet,1,,,,,1670,3340,3340,4008,,,,,,SUCCESSFUL_PURCHASE,23.0,2.0,25.0,14,5976.0,4306.0,,8,8,0.0,0.0,False,3,22500.0
4,1,SELL_TO_SHOP,MAGE,,NONE,12,MAGE,grimoire,1,,,,,,1083,1083,,,,,,,INVENTORY_FULL,25.0,-2.0,23.0,14,4306.0,4306.0,,8,8,0.0,0.0,False,3,22500.0
4,1,SELL_TO_SHOP,CLERIC,,NONE,12,CLERIC,gauntlet,1,,,,,,2965,2965,,,,,,,INVENTORY_FULL,23.0,-2.0,21.0,14,4306.0,4306.0,,8,8,0.0,0.0,False,3,22500.0
4,1,BUY_FROM_SHOP,WARRIOR,one_handed_sword,SELL_TO_CUSTOMER,10,WARRIOR,one_handed_sword,1,89.315,1.0,True,VERY_HIGH_INTEREST,1458,1519,1519,1823,1747,1747,289,0.19821673525377229,0,BUYER_PURCHASES,21.0,2.0,23.0,15,4306.0,6053.0,0,7,8,0.0,0.0,False,3,22500.0
4,1,SELL_TO_SHOP,MAGE,,BUY_FROM_CUSTOMER,12,MAGE,staff,2,,,,,3102,3525,3525,4230,,,,,,SUCCESSFUL_PURCHASE,23.0,6.0,29.0,16,6053.0,2951.0,,8,8,0.0,0.0,False,3,22500.0
5,1,BUY_FROM_SHOP,ARCHER,crossbow,SELL_TO_CUSTOMER,4,ARCHER,bow,2,71.6425,1.0,False,HIGH_INTEREST,4914,5584,5584,6701,6366,6366,1452,0.2954822954822955,1,BUYER_PURCHASES,29.0,1.0,30.0,17,2951.0,9317.0,4,7,8,0.0,0.0,False,3,22500.0
5,1,SELL_TO_SHOP,CLERIC,,BUY_FROM_CUSTOMER,13,ARCHER,crossbow,1,,,,,1872,1950,1950,2340,,,,,,SUCCESSFUL_PURCHASE,30.0,8.0,38.0,18,9317.0,7445.0,,8,8,0.0,0.0,False,3,22500.0
5,1,BUY_FROM_SHOP,GUNNER,gun,SELL_TO_CUSTOMER,2,GUNNER,gun,1,74.35666666666667,1.0,True,HIGH_INTEREST,2391,2491,2491,2989,2616,2616,225,0.09410288582183186,1,BUYER_PURCHASES,38.0,1.0,39.0,19,7445.0,10061.0,4,7,8,0.0,0.0,False,3,22500.0
5,1,BUY_FROM_SHOP,ROGUE,throwing_weapon,NONE,7,ROGUE,throwing_weapon,2,61.88,0.5,True,MEDIUM_INTEREST,6556,6829,6829,8195,6829,,,,2,PRICE_NEGOTIATION_FAILURE,39.0,0.0,39.0,19,10061.0,10061.0,2,7,8,0.0,0.0,False,3,22500.0
5,1,BUY_FROM_SHOP,ROGUE,throwing_weapon,NONE,7,ROGUE,throwing_weapon,2,49.2475,0.25,True,LOW_INTEREST,6556,6829,6829,8195,6488,,,,3,PRICE_NEGOTIATION_FAILURE,39.0,0.0,39.0,19,10061.0,10061.0,2,7,8,0.0,0.0,False,3,22500.0
5,1,BUY_FROM_SHOP,CLERIC,gauntlet,SELL_TO_CUSTOMER,11,CLERIC,gauntlet,1,93.11333333333333,1.0,True,VERY_HIGH_INTEREST,1670,3340,3340,4008,4008,4008,2338,1.4,0,BUYER_PURCHASES,39.0,2.0,41.0,20,10061.0,14069.0,1,6,8,0.0,0.0,False,3,22500.0
5,1,SELL_TO_SHOP,GUNNER,,BUY_FROM_CUSTOMER,14,GUNNER,gun,2,,,,,3439,3908,3908,4690,,,,,,SUCCESSFUL_PURCHASE,41.0,6.0,47.0,21,14069.0,10630.0,,7,8,0.0,0.0,False,3,22500.0
6,1,BUY_FROM_SHOP,CLERIC,staff,SELL_TO_CUSTOMER,5,CLERIC,mace,1,78.2,1.0,False,HIGH_INTEREST,2036,2314,2314,2777,2545,2545,509,0.25,1,BUYER_PURCHASES,47.0,1.0,48.0,22,10630.0,13175.0,4,6,8,0.0,0.0,False,3,22500.0
6,1,SELL_TO_SHOP,CLERIC,,BUY_FROM_CUSTOMER,15,CLERIC,gauntlet,2,,,,,5073,5284,5284,6341,,,,,,SUCCESSFUL_PURCHASE,48.0,6.0,54.0,23,13175.0,8102.0,,7,8,0.0,0.0,False,3,22500.0
6,1,SELL_TO_SHOP,GUNNER,,BUY_FROM_CUSTOMER,16,GUNNER,heavy_weapon,1,,,,,1452,2903,2903,3484,,,,,,SUCCESSFUL_PURCHASE,54.0,4.0,58.0,24,8102.0,6650.0,,8,8,0.0,0.0,False,3,22500.0
6,1,SELL_TO_SHOP,GUNNER,,NONE,17,GUNNER,heavy_weapon,1,,,,,,1813,1813,,,,,,,INVENTORY_FULL,58.0,-2.0,56.0,24,6650.0,6650.0,,8,8,0.0,0.0,False,3,22500.0
6,1,BUY_FROM_SHOP,MAGE,wand,SELL_TO_CUSTOMER,8,MAGE,grimoire,2,58.615833333333335,0.5,False,MEDIUM_INTEREST,3817,4771,4771,5725,4771,4771,954,0.24993450353680902,2,BUYER_PURCHASES,56.0,0,56.0,25,6650.0,11421.0,3,7,8,0.0,0.0,False,3,22500.0
6,1,SELL_TO_SHOP,MAGE,,BUY_FROM_CUSTOMER,17,MAGE,grimoire,1,,,,,2293,2866,2866,3439,,,,,,SUCCESSFUL_PURCHASE,56.0,6.0,62.0,26,11421.0,9128.0,,8,8,0.0,0.0,False,3,22500.0
6,1,BUY_FROM_SHOP,MAGE,grimoire,SELL_TO_CUSTOMER,17,MAGE,grimoire,1,67.965,0.5,True,MEDIUM_INTEREST,2293,2866,2866,3439,3095,3095,802,0.3497601395551679,2,BUYER_PURCHASES,62.0,0,62.0,27,9128.0,12223.0,0,7,8,0.0,0.0,False,3,22500.0
7,1,SELL_TO_SHOP,WARRIOR,,NONE,18,WARRIOR,axe,1,,,,,,3074,3074,,,,,,,REJECTED_OVERPRICED,62.0,-2.0,60.0,27,12223.0,12223.0,,7,8,0.0,0.0,False,3,22500.0
7,1,BUY_FROM_SHOP,CLERIC,gauntlet,SELL_TO_CUSTOMER,15,CLERIC,gauntlet,2,69.87,0.5,True,MEDIUM_INTEREST,5073,5284,5284,6341,5548,5548,475,0.09363295880149813,2,BUYER_PURCHASES,60.0,0,60.0,28,12223.0,17771.0,1,6,8,0.0,0.0,False,3,22500.0
7,1,BUY_FROM_SHOP,ARCHER,bow,NONE,13,ARCHER,crossbow,1,51.550000000000004,0.5,False,LOW_INTEREST,1872,1950,1950,2340,1950,,,,3,PRICE_NEGOTIATION_FAILURE,60.0,0.0,60.0,28,17771.0,17771.0,2,6,8,0.0,0.0,False,3,22500.0
7,1,BUY_FROM_SHOP,ROGUE,dagger,SELL_TO_CUSTOMER,7,ROGUE,throwing_weapon,2,70.5475,1.0,False,HIGH_INTEREST,6556,6829,6829,8195,7170,7170,614,0.09365466748017083,1,BUYER_PURCHASES,60.0,1.0,61.0,29,17771.0,24941.0,4,5,8,0.0,0.0,False,3,22500.0
7,1,BUY_FROM_SHOP,MAGE,grimoire,SELL_TO_CUSTOMER,12,MAGE,staff,2,62.465833333333336,0.5,False,MEDIUM_INTEREST,3102,3525,3525,4230,3525,3525,423,0.13636363636363635,2,BUYER_PURCHASES,61.0,0,61.0,30,24941.0,28466.0,3,4,8,0.0,0.0,False,3,22500.0
7,1,SELL_TO_SHOP,CLERIC,,BUY_FROM_CUSTOMER,18,CLERIC,staff,4,,,,,10243,11640,11640,13968,,,,,,SUCCESSFUL_PURCHASE,61.0,6.0,67.0,31,28466.0,18223.0,,5,8,0.0,0.0,False,3,22500.0
7,1,BUY_FROM_SHOP,MAGE,staff,NONE,,,,,,,,,,,,,,,,,,NO_COMPATIBLE_ITEM,67.0,0.0,67.0,31,18223.0,18223.0,,5,8,0.0,0.0,False,3,22500.0
7,1,BUY_FROM_SHOP,ROGUE,dagger,NONE,,,,,,,,,,,,,,,,,,NO_COMPATIBLE_ITEM,67.0,0.0,67.0,31,18223.0,18223.0,,5,8,0.0,0.0,False,3,22500.0
8,2,SELL_TO_SHOP,MAGE,,NONE,19,MAGE,staff,1,,,,,,2548,2548,,,,,,,REJECTED_OVERPRICED,67.0,0.0,67.0,31,16223.0,16223.0,,5,8,0.0,0.0,False,3,22500.0
8,2,BUY_FROM_SHOP,WARRIOR,greatsword,NONE,,,,,,,,,,,,,,,,,,NO_COMPATIBLE_ITEM,67.0,0.0,67.0,31,16223.0,16223.0,,5,8,0.0,0.0,False,3,22500.0
8,2,BUY_FROM_SHOP,GUNNER,heavy_weapon,NONE,14,GUNNER,gun,2,69.095,1.0,False,MEDIUM_INTEREST,3439,3908,3258,3910,3258,,,,2,PRICE_NEGOTIATION_FAILURE,67.0,0.0,67.0,31,16223.0,16223.0,3,5,8,0.0,0.0,False,3,22500.0
8,2,SELL_TO_SHOP,WARRIOR,,BUY_FROM_CUSTOMER,19,WARRIOR,spear,1,,,,,1203,2187,2187,2624,,,,,,SUCCESSFUL_PURCHASE,67.0,6.0,73.0,32,16223.0,15020.0,,6,8,0.0,0.0,False,3,22500.0
8,2,BUY_FROM_SHOP,MAGE,wand,NONE,,,,,,,,,,,,,,,,,,NO_COMPATIBLE_ITEM,73.0,0.0,73.0,32,15020.0,15020.0,,6,8,0.0,0.0,False,3,22500.0
8,2,BUY_FROM_SHOP,ARCHER,crossbow,SELL_TO_CUSTOMER,13,ARCHER,crossbow,1,61.55,1.0,True,MEDIUM_INTEREST,1872,1950,2470,2964,2668,2668,796,0.4252136752136752,2,BUYER_PURCHASES,73.0,0,73.0,33,15020.0,17688.0,3,5,8,0.0,0.0,False,3,22500.0
8,2,BUY_FROM_SHOP,ARCHER,crossbow,NONE,,,,,,,,,,,,,,,,,,NO_COMPATIBLE_ITEM,73.0,0.0,73.0,33,17688.0,17688.0,,5,8,0.0,0.0,False,3,22500.0
9,2,BUY_FROM_SHOP,ROGUE,throwing_weapon,NONE,,,,,,,,,,,,,,,,,,NO_COMPATIBLE_ITEM,73.0,0.0,73.0,33,17688.0,17688.0,,5,8,0.0,0.0,False,3,22500.0
9,2,BUY_FROM_SHOP,ROGUE,throwing_weapon,NONE,,,,,,,,,,,,,,,,,,NO_COMPATIBLE_ITEM,73.0,0.0,73.0,33,17688.0,17688.0,,5,8,0.0,0.0,False,3,22500.0
9,2,SELL_TO_SHOP,GUNNER,,BUY_FROM_CUSTOMER,20,GUNNER,heavy_weapon,2,,,,,2096,2382,2382,2858,,,,,,SUCCESSFUL_PURCHASE,73.0,4.0,77.0,34,17688.0,15592.0,,6,8,0.0,0.0,False,3,22500.0
9,2,SELL_TO_SHOP,ARCHER,,BUY_FROM_CUSTOMER,21,ARCHER,bow,2,,,,,8276,8621,8621,10345,,,,,,SUCCESSFUL_PURCHASE,77.0,6.0,83.0,35,15592.0,7316.0,,7,8,0.0,0.0,False,3,22500.0
9,2,BUY_FROM_SHOP,ARCHER,bow,NONE,21,ARCHER,bow,2,67.335,0.5,True,MEDIUM_INTEREST,8276,8621,8621,10345,8621,,,,2,PRICE_NEGOTIATION_FAILURE,83.0,0.0,83.0,35,7316.0,7316.0,0,7,8,0.0,0.0,False,3,22500.0
9,2,BUY_FROM_SHOP,GUNNER,heavy_weapon,SELL_TO_CUSTOMER,16,GUNNER,heavy_weapon,1,80.745,1.0,True,HIGH_INTEREST,1452,2903,2653,3184,3025,3025,1573,1.0833333333333333,1,BUYER_PURCHASES,83.0,1.0,84.0,36,7316.0,10341.0,3,6,8,0.0,0.0,False,3,22500.0
9,2,SELL_TO_SHOP,CLERIC,,NONE,22,CLERIC,staff,4,,,,,,33488,33488,,,,,,,MISSED_PURCHASE_DUE_TO_CASH,84.0,0.0,84.0,36,10341.0,10341.0,,6,8,0.0,0.0,False,3,22500.0
10,2,SELL_TO_SHOP,CLERIC,,NONE,22,CLERIC,gauntlet,1,,,,,,3954,3954,,,,,,,REJECTED_OVERPRICED,84.0,0.0,84.0,36,10341.0,10341.0,,6,8,0.0,0.0,False,3,22500.0
10,2,SELL_TO_SHOP,ROGUE,,BUY_FROM_CUSTOMER,22,ROGUE,dagger,2,,,,,1136,2065,2065,2478,,,,,,SUCCESSFUL_PURCHASE,84.0,4.0,88.0,37,10341.0,9205.0,,7,8,0.0,0.0,False,3,22500.0
10,2,SELL_TO_SHOP,WARRIOR,,NONE,23,WARRIOR,axe,2,,,,,,1800,1800,,,,,,,REJECTED_OVERPRICED,88.0,0.0,88.0,37,9205.0,9205.0,,7,8,0.0,0.0,False,3,22500.0
10,2,SELL_TO_SHOP,ARCHER,,BUY_FROM_CUSTOMER,23,ARCHER,crossbow,2,,,,,1747,3176,3176,3811,,,,,,SUCCESSFUL_PURCHASE,88.0,6.0,94.0,38,9205.0,7458.0,,8,8,0.0,0.0,False,3,22500.0
10,2,BUY_FROM_SHOP,GUNNER,gun,NONE,9,GUNNER,gun,1,51.045,0.0,True,LOW_INTEREST,1180,2361,2111,2533,2005,,,,3,PRICE_NEGOTIATION_FAILURE,94.0,0.0,94.0,38,7458.0,7458.0,7,8,8,0.0,0.0,False,3,22500.0
10,2,BUY_FROM_SHOP,ARCHER,crossbow,NONE,21,ARCHER,bow,2,69.735,0.5,False,MEDIUM_INTEREST,8276,8621,8621,10345,8621,,,,2,PRICE_NEGOTIATION_FAILURE,94.0,0.0,94.0,38,7458.0,7458.0,1,8,8,0.0,0.0,False,3,22500.0
10,2,SELL_TO_SHOP,CLERIC,,NONE,24,CLERIC,mace,2,,,,,,2896,2896,,,,,,,INVENTORY_FULL,94.0,0.0,94.0,38,7458.0,7458.0,,8,8,0.0,0.0,False,3,22500.0
11,2,SELL_TO_SHOP,GUNNER,,NONE,24,CLERIC,staff,3,,,,,,15750,15750,,,,,,,INVENTORY_FULL,94.0,-2.0,92.0,38,7458.0,7458.0,,8,8,0.0,0.0,False,3,22500.0
11,2,BUY_FROM_SHOP,MAGE,staff,NONE,,,,,,,,,,,,,,,,,,NO_COMPATIBLE_ITEM,92.0,0.0,92.0,38,7458.0,7458.0,,8,8,0.0,0.0,False,3,22500.0
11,2,BUY_FROM_SHOP,WARRIOR,spear,SELL_TO_CUSTOMER,19,WARRIOR,spear,1,53.541666666666664,0.0,True,LOW_INTEREST,1203,2187,2187,2624,2230,2230,1027,0.8536990856192851,3,BUYER_PURCHASES,92.0,-1,91.0,39,7458.0,9688.0,3,7,8,0.0,0.0,False,3,22500.0
11,2,BUY_FROM_SHOP,WARRIOR,spear,NONE,,,,,,,,,,,,,,,,,,NO_COMPATIBLE_ITEM,91.0,0.0,91.0,39,9688.0,9688.0,,7,8,0.0,0.0,False,3,22500.0
11,2,BUY_FROM_SHOP,CLERIC,mace,SELL_TO_CUSTOMER,18,CLERIC,staff,4,65.51583333333333,1.0,False,MEDIUM_INTEREST,10243,11640,11640,13968,12222,12222,1979,0.19320511568876306,2,BUYER_PURCHASES,91.0,0,91.0,40,9688.0,21910.0,4,6,8,0.0,0.0,False,3,22500.0
11,2,SELL_TO_SHOP,WARRIOR,,BUY_FROM_CUSTOMER,24,WARRIOR,one_handed_sword,1,,,,,1972,1972,1972,2366,,,,,,SUCCESSFUL_PURCHASE,91.0,0,91.0,41,21910.0,19938.0,,7,8,0.0,0.0,False,3,22500.0
11,2,SELL_TO_SHOP,ARCHER,,NONE,25,ARCHER,crossbow,3,,,,,,19490,19490,,,,,,,REJECTED_SCAMMER,91.0,-5,86.0,41,19938.0,19938.0,,7,8,0.0,0.0,False,3,22500.0
12,2,SELL_TO_SHOP,ARCHER,,BUY_FROM_CUSTOMER,25,ARCHER,crossbow,1,,,,,1692,1763,1763,2116,,,,,,SUCCESSFUL_PURCHASE,86.0,4.0,90.0,42,19938.0,18246.0,,8,8,0.0,0.0,False,3,22500.0
12,2,BUY_FROM_SHOP,CLERIC,staff,NONE,,,,,,,,,,,,,,,,,,NO_COMPATIBLE_ITEM,90.0,0.0,90.0,42,18246.0,18246.0,,8,8,0.0,0.0,False,3,22500.0
12,2,SELL_TO_SHOP,CLERIC,,BUY_FROM_CUSTOMER,26,CLERIC,staff,2,,,,,1315,2192,2192,2630,,,,,,SUCCESSFUL_PURCHASE,90.0,4.0,94.0,43,18246.0,4431.0,,9,9,0.0,0.0,False,4,35000.0
12,2,SELL_TO_SHOP,GUNNER,,NONE,27,GUNNER,gun,1,,,,,,1182,1182,,,,,,,INVENTORY_FULL,94.0,0.0,94.0,43,4431.0,4431.0,,9,9,0.0,0.0,False,4,35000.0
12,2,SELL_TO_SHOP,WARRIOR,,NONE,27,WARRIOR,spear,1,,,,,,6773,6773,,,,,,,INVENTORY_FULL,94.0,-2.0,92.0,43,4431.0,4431.0,,9,9,0.0,0.0,False,4,35000.0
12,2,BUY_FROM_SHOP,MAGE,grimoire,NONE,,,,,,,,,,,,,,,,,,NO_COMPATIBLE_ITEM,92.0,0.0,92.0,43,4431.0,4431.0,,9,9,0.0,0.0,False,4,35000.0
12,2,BUY_FROM_SHOP,ROGUE,dagger,SELL_TO_CUSTOMER,22,ROGUE,dagger,2,79.64,1.0,True,HIGH_INTEREST,1136,2065,2065,2478,2168,2168,1032,0.9084507042253521,1,BUYER_PURCHASES,92.0,1.0,93.0,44,4431.0,6599.0,2,8,9,0.0,0.0,False,4,35000.0
12,2,SELL_TO_SHOP,ROGUE,,BUY_FROM_CUSTOMER,27,ROGUE,throwing_weapon,1,,,,,937,1065,1065,1278,,,,,,SUCCESSFUL_PURCHASE,93.0,6.0,99.0,45,6599.0,5662.0,,9,9,0.0,0.0,False,4,35000.0
13,2,SELL_TO_SHOP,WARRIOR,,NONE,28,WARRIOR,spear,1,,,,,,1402,1402,,,,,,,INVENTORY_FULL,99.0,0.0,99.0,45,5662.0,5662.0,,9,9,0.0,0.0,False,4,35000.0
13,2,SELL_TO_SHOP,GUNNER,,NONE,28,GUNNER,gun,4,,,,,,14340,14340,,,,,,,INVENTORY_FULL,99.0,-2.0,97.0,45,5662.0,5662.0,,9,9,0.0,0.0,False,4,35000.0
13,2,BUY_FROM_SHOP,CLERIC,gauntlet,SELL_TO_CUSTOMER,26,CLERIC,staff,2,64.08,1.0,False,MEDIUM_INTEREST,1315,2192,2192,2630,2302,2302,987,0.7505703422053231,2,BUYER_PURCHASES,97.0,0,97.0,46,5662.0,7964.0,1,8,9,0.0,0.0,False,4,35000.0
13,2,BUY_FROM_SHOP,GUNNER,heavy_weapon,SELL_TO_CUSTOMER,9,GUNNER,gun,1,75.54,1.0,False,HIGH_INTEREST,1180,2361,2111,2533,2217,2217,1037,0.8788135593220339,1,BUYER_PURCHASES,97.0,1.0,98.0,47,7964.0,10181.0,10,7,9,0.0,0.0,False,4,35000.0
13,2,BUY_FROM_SHOP,GUNNER,heavy_weapon,SELL_TO_CUSTOMER,20,GUNNER,heavy_weapon,2,67.145,1.0,True,MEDIUM_INTEREST,2096,2382,2382,2858,2501,2501,405,0.19322519083969467,2,BUYER_PURCHASES,98.0,0,98.0,48,10181.0,12682.0,4,6,9,0.0,0.0,False,4,35000.0
13,2,SELL_TO_SHOP,CLERIC,,BUY_FROM_CUSTOMER,28,CLERIC,mace,3,,,,,5049,5738,5738,6886,,,,,,SUCCESSFUL_PURCHASE,98.0,8.0,106.0,49,12682.0,7633.0,,7,9,0.0,0.0,False,4,35000.0
13,2,SELL_TO_SHOP,CLERIC,,NONE,29,CLERIC,mace,1,,,,,,1348,1348,,,,,,,REJECTED_OVERPRICED,106.0,0.0,106.0,49,7633.0,7633.0,,7,9,0.0,0.0,False,4,35000.0
14,2,BUY_FROM_SHOP,ARCHER,bow,NONE,21,ARCHER,bow,2,60.5,0.25,True,MEDIUM_INTEREST,8276,8621,8621,10345,8621,,,,2,PRICE_NEGOTIATION_FAILURE,106.0,0.0,106.0,49,7633.0,7633.0,5,7,9,0.0,0.0,False,4,35000.0
14,2,BUY_FROM_SHOP,MAGE,grimoire,NONE,,,,,,,,,,,,,,,,,,NO_COMPATIBLE_ITEM,106.0,0.0,106.0,49,7633.0,7633.0,,7,9,0.0,0.0,False,4,35000.0
14,2,SELL_TO_SHOP,CLERIC,,BUY_FROM_CUSTOMER,29,CLERIC,mace,1,,,,,1477,2685,2685,3222,,,,,,SUCCESSFUL_PURCHASE,106.0,4.5,110.5,50,7633.0,6156.0,,8,9,0.0,0.0,False,4,35000.0
14,2,BUY_FROM_SHOP,ARCHER,bow,SELL_TO_CUSTOMER,21,ARCHER,bow,2,73.2675,0.5,True,HIGH_INTEREST,8276,8621,8621,10345,9483,9483,1207,0.1458434026099565,1,BUYER_PURCHASES,110.5,0.75,111.25,51,6156.0,15639.0,5,7,9,0.0,0.0,False,4,35000.0
14,2,SELL_TO_SHOP,CLERIC,,BUY_FROM_CUSTOMER,30,CLERIC,gauntlet,1,,,,,2043,3715,3715,4458,,,,,,SUCCESSFUL_PURCHASE,111.25,3.0,114.25,52,15639.0,13596.0,,8,9,0.0,0.0,False,4,35000.0
14,2,SELL_TO_SHOP,ARCHER,,BUY_FROM_CUSTOMER,31,ARCHER,crossbow,1,,,,,1803,3279,3279,3935,,,,,,SUCCESSFUL_PURCHASE,114.25,4.5,118.75,53,13596.0,11793.0,,9,9,0.0,0.0,False,4,35000.0
14,2,SELL_TO_SHOP,GUNNER,,NONE,32,GUNNER,heavy_weapon,4,,,,,,14160,14160,,,,,,,INVENTORY_FULL,118.75,0.0,118.75,53,11793.0,11793.0,,9,9,0.0,0.0,False,4,35000.0
15,3,SELL_TO_SHOP,GUNNER,,NONE,32,GUNNER,heavy_weapon,1,,,,,,1867,1867,,,,,,,INVENTORY_FULL,118.75,-2.0,116.75,53,7793.0,7793.0,,9,9,0.0,0.0,False,4,35000.0
15,3,SELL_TO_SHOP,GUNNER,,NONE,32,GUNNER,gun,3,,,,,,11748,11748,,,,,,,INVENTORY_FULL,116.75,-2.0,114.75,53,7793.0,7793.0,,9,9,0.0,0.0,False,4,35000.0
15,3,BUY_FROM_SHOP,ARCHER,bow,SELL_TO_CUSTOMER,31,ARCHER,crossbow,1,84.2925,1.0,False,HIGH_INTEREST,1803,3279,3279,3935,3738,3738,1935,1.0732113144758735,1,BUYER_PURCHASES,114.75,0.75,115.5,54,7793.0,11531.0,1,8,9,0.0,0.0,False,4,35000.0
15,3,SELL_TO_SHOP,CLERIC,,BUY_FROM_CUSTOMER,32,CLERIC,staff,1,,,,,6151,6990,6990,8388,,,,,,SUCCESSFUL_PURCHASE,115.5,4.5,120.0,55,11531.0,5380.0,,9,9,0.0,0.0,False,4,35000.0
15,3,SELL_TO_SHOP,MAGE,,NONE,33,MAGE,wand,2,,,,,,820,820,,,,,,,INVENTORY_FULL,120.0,0.0,120.0,55,5380.0,5380.0,,9,9,0.0,0.0,False,4,35000.0
15,3,BUY_FROM_SHOP,CLERIC,gauntlet,SELL_TO_CUSTOMER,28,CLERIC,mace,3,71.645,1.0,False,HIGH_INTEREST,5049,5738,5738,6886,6312,6312,1263,0.2501485442661913,1,BUYER_PURCHASES,120.0,0.75,120.75,56,5380.0,11692.0,2,8,9,0.0,0.0,False,4,35000.0
15,3,SELL_TO_SHOP,ROGUE,,NONE,33,ROGUE,dagger,2,,,,,,2934,2934,,,,,,,REJECTED_OVERPRICED,120.75,0.0,120.75,56,11692.0,11692.0,,8,9,0.0,0.0,False,4,35000.0
16,3,BUY_FROM_SHOP,WARRIOR,axe,NONE,24,WARRIOR,one_handed_sword,1,69.67,0.5,False,MEDIUM_INTEREST,1972,1972,1652,1982,1735,,,,2,PRICE_NEGOTIATION_FAILURE,120.75,0.0,120.75,56,11692.0,11692.0,5,8,9,0.0,0.0,False,4,35000.0
16,3,SELL_TO_SHOP,ROGUE,,NONE,33,ROGUE,throwing_weapon,3,,,,,,12185,12185,,,,,,,MISSED_PURCHASE_DUE_TO_CASH,120.75,0.0,120.75,56,11692.0,11692.0,,8,9,0.0,0.0,False,4,35000.0
16,3,BUY_FROM_SHOP,MAGE,staff,NONE,,,,,,,,,,,,,,,,,,NO_COMPATIBLE_ITEM,120.75,0.0,120.75,56,11692.0,11692.0,,8,9,0.0,0.0,False,4,35000.0
16,3,BUY_FROM_SHOP,CLERIC,mace,SELL_TO_CUSTOMER,30,CLERIC,gauntlet,1,77.1675,0.5,False,HIGH_INTEREST,2043,3715,3715,4458,4235,4235,2192,1.0729319627998042,1,BUYER_PURCHASES,120.75,0.75,121.5,57,11692.0,15927.0,2,7,9,0.0,0.0,False,4,35000.0
16,3,SELL_TO_SHOP,ROGUE,,BUY_FROM_CUSTOMER,33,ROGUE,dagger,1,,,,,4641,4834,4834,5801,,,,,,SUCCESSFUL_PURCHASE,121.5,4.5,126.0,58,15927.0,11286.0,,8,9,0.0,0.0,False,4,35000.0
16,3,BUY_FROM_SHOP,CLERIC,staff,SELL_TO_CUSTOMER,32,CLERIC,staff,1,80.47,0.5,True,HIGH_INTEREST,6151,6990,6990,8388,7689,7689,1538,0.2500406437977565,1,BUYER_PURCHASES,126.0,0.75,126.75,59,11286.0,18975.0,1,7,9,0.0,0.0,False,4,35000.0
16,3,SELL_TO_SHOP,ROGUE,,BUY_FROM_CUSTOMER,34,ROGUE,throwing_weapon,1,,,,,1144,2288,2288,2746,,,,,,SUCCESSFUL_PURCHASE,126.75,1.5,128.25,60,18975.0,17831.0,,8,9,0.0,0.0,False,4,35000.0
16,3,SELL_TO_SHOP,GUNNER,,BUY_FROM_CUSTOMER,35,GUNNER,gun,3,,,,,5247,9540,9540,11448,,,,,,SUCCESSFUL_PURCHASE,128.25,4.5,132.75,61,17831.0,12584.0,,9,9,0.0,0.0,False,4,35000.0
17,3,BUY_FROM_SHOP,CLERIC,gauntlet,SELL_TO_CUSTOMER,29,CLERIC,mace,1,67.7,1.0,False,MEDIUM_INTEREST,1477,2685,2685,3222,2900,2900,1423,0.963439404197698,2,BUYER_PURCHASES,132.75,0,132.75,62,12584.0,15484.0,3,8,9,0.0,0.0,False,4,35000.0
17,3,BUY_FROM_SHOP,ARCHER,bow,SELL_TO_CUSTOMER,25,ARCHER,crossbow,1,63.47,1.0,False,MEDIUM_INTEREST,1692,1763,1763,2116,1904,1904,212,0.12529550827423167,2,BUYER_PURCHASES,132.75,0,132.75,63,15484.0,17388.0,5,7,9,0.0,0.0,False,4,35000.0
17,3,SELL_TO_SHOP,WARRIOR,,BUY_FROM_CUSTOMER,36,WARRIOR,greatsword,1,,,,,4526,7544,7544,9053,,,,,,SUCCESSFUL_PURCHASE,132.75,4.5,137.25,64,17388.0,12862.0,,8,9,0.0,0.0,False,4,35000.0
17,3,SELL_TO_SHOP,CLERIC,,BUY_FROM_CUSTOMER,37,CLERIC,staff,3,,,,,5146,5360,5360,6432,,,,,,SUCCESSFUL_PURCHASE,137.25,4.5,141.75,65,12862.0,7716.0,,9,9,0.0,0.0,False,4,35000.0
17,3,BUY_FROM_SHOP,CLERIC,mace,SELL_TO_CUSTOMER,37,CLERIC,staff,3,44.8,0.0,False,LOW_INTEREST,5146,5360,5360,6432,5467,5467,321,0.062378546443839875,3,BUYER_PURCHASES,141.75,-1,140.75,66,7716.0,13183.0,0,8,9,0.0,0.0,False,4,35000.0
17,3,BUY_FROM_SHOP,GUNNER,gun,NONE,14,GUNNER,gun,2,47.7475,0.5,True,LOW_INTEREST,3439,3908,4298,5158,4083,,,,3,PRICE_NEGOTIATION_FAILURE,140.75,0.0,140.75,66,13183.0,13183.0,12,8,9,0.0,0.0,False,4,35000.0
17,3,BUY_FROM_SHOP,GUNNER,heavy_weapon,SELL_TO_CUSTOMER,35,GUNNER,gun,3,61.31,0.6,False,MEDIUM_INTEREST,5247,9540,9540,11448,9540,9540,4293,0.8181818181818182,2,BUYER_PURCHASES,140.75,0,140.75,67,13183.0,22723.0,1,7,9,0.0,0.0,False,4,35000.0
18,3,SELL_TO_SHOP,ARCHER,,NONE,38,GUNNER,heavy_weapon,2,,,,,,8100,8100,,,,,,,REJECTED_OVERPRICED,140.75,-2.0,138.75,67,22723.0,22723.0,,7,9,0.0,0.0,False,4,35000.0
18,3,SELL_TO_SHOP,GUNNER,,NONE,38,GUNNER,gun,1,,,,,,3111,3111,,,,,,,REJECTED_OVERPRICED,138.75,-2.0,136.75,67,22723.0,22723.0,,7,9,0.0,0.0,False,4,35000.0
18,3,BUY_FROM_SHOP,WARRIOR,spear,SELL_TO_CUSTOMER,36,WARRIOR,greatsword,1,83.51,1.0,False,HIGH_INTEREST,4526,7544,7544,9053,8600,8600,4074,0.9001325673884224,1,BUYER_PURCHASES,136.75,0.75,137.5,68,22723.0,31323.0,1,6,9,0.0,0.0,False,4,35000.0
18,3,BUY_FROM_SHOP,GUNNER,heavy_weapon,SELL_TO_CUSTOMER,14,GUNNER,gun,2,61.545,0.5,False,MEDIUM_INTEREST,3439,3908,4298,5158,4298,4298,859,0.24978191334690317,2,BUYER_PURCHASES,137.5,0,137.5,69,31323.0,35621.0,13,5,9,0.0,0.0,False,4,35000.0
18,3,SELL_TO_SHOP,GUNNER,,BUY_FROM_CUSTOMER,38,GUNNER,gun,1,,,,,5038,5248,5248,6298,,,,,,SUCCESSFUL_PURCHASE,137.5,4.5,142.0,70,35621.0,30583.0,,6,9,0.0,0.0,False,4,35000.0
18,3,BUY_FROM_SHOP,ARCHER,crossbow,SELL_TO_CUSTOMER,23,ARCHER,crossbow,2,79.19,1.0,True,HIGH_INTEREST,1747,3176,3176,3811,3335,3335,1588,0.9089868345735547,1,BUYER_PURCHASES,142.0,0.75,142.75,71,30583.0,33918.0,8,5,9,0.0,0.0,False,4,35000.0
18,3,BUY_FROM_SHOP,ROGUE,dagger,NONE,33,ROGUE,dagger,1,56.0,0.0,True,MEDIUM_INTEREST,4641,4834,4834,5801,4834,,,,2,PRICE_NEGOTIATION_FAILURE,142.75,0.0,142.75,71,33918.0,33918.0,2,5,9,0.0,0.0,False,4,35000.0
19,3,SELL_TO_SHOP,ROGUE,,NONE,39,ROGUE,throwing_weapon,3,,,,,,17490,17490,,,,,,,REJECTED_OVERPRICED,142.75,0.0,142.75,71,33918.0,33918.0,,5,9,0.0,0.0,False,4,35000.0
19,3,SELL_TO_SHOP,ROGUE,,BUY_FROM_CUSTOMER,39,WARRIOR,one_handed_sword,1,,,,,1665,2775,2775,3330,,,,,,SUCCESSFUL_PURCHASE,142.75,3.0,145.75,72,33918.0,32253.0,,6,9,0.0,0.0,False,4,35000.0
19,3,SELL_TO_SHOP,CLERIC,,BUY_FROM_CUSTOMER,40,ROGUE,throwing_weapon,1,,,,,1495,1495,1495,1794,,,,,,SUCCESSFUL_PURCHASE,145.75,1.5,147.25,73,32253.0,30758.0,,7,9,0.0,0.0,False,4,35000.0
19,3,BUY_FROM_SHOP,WARRIOR,spear,NONE,24,WARRIOR,one_handed_sword,1,79.2675,1.0,False,HIGH_INTEREST,1972,1972,1652,1982,1735,,,,1,PRICE_NEGOTIATION_FAILURE,147.25,0.0,147.25,73,30758.0,30758.0,8,7,9,0.0,0.0,False,4,35000.0
19,3,BUY_FROM_SHOP,WARRIOR,greatsword,NONE,24,WARRIOR,one_handed_sword,1,77.9,1.0,False,HIGH_INTEREST,1972,1972,1652,1982,1883,,,,1,PRICE_NEGOTIATION_FAILURE,147.25,0.0,147.25,73,30758.0,30758.0,8,7,9,0.0,0.0,False,4,35000.0
19,3,SELL_TO_SHOP,ROGUE,,BUY_FROM_CUSTOMER,41,ARCHER,crossbow,2,,,,,1650,3000,3000,3600,,,,,,SUCCESSFUL_PURCHASE,147.25,4.5,151.75,74,30758.0,29108.0,,8,9,0.0,0.0,False,4,35000.0
19,3,SELL_TO_SHOP,CLERIC,,BUY_FROM_CUSTOMER,42,CLERIC,staff,1,,,,,5287,6008,6008,7210,,,,,,SUCCESSFUL_PURCHASE,151.75,4.5,156.25,75,29108.0,23821.0,,9,9,0.0,0.0,False,4,35000.0
20,3,BUY_FROM_SHOP,WARRIOR,axe,NONE,24,WARRIOR,one_handed_sword,1,65.535,1.0,False,MEDIUM_INTEREST,1972,1972,1652,1982,1784,,,,2,PRICE_NEGOTIATION_FAILURE,156.25,0.0,156.25,75,23821.0,23821.0,9,9,9,0.0,0.0,False,4,35000.0
20,3,BUY_FROM_SHOP,ARCHER,crossbow,NONE,,,,,38.75,0.25,True,,,,,,,,,,,NO_INTEREST,156.25,0.0,156.25,75,23821.0,23821.0,,9,9,0.0,0.0,False,4,35000.0
20,3,SELL_TO_SHOP,MAGE,,NONE,43,MAGE,wand,2,,,,,,2424,2424,,,,,,,REJECTED_OVERPRICED,156.25,0.0,156.25,75,23821.0,23821.0,,9,9,0.0,0.0,False,4,35000.0
20,3,SELL_TO_SHOP,GUNNER,,BUY_FROM_CUSTOMER,43,ARCHER,bow,3,,,,,8759,15925,15925,19110,,,,,,SUCCESSFUL_PURCHASE,156.25,4.5,160.75,76,23821.0,62.0,,10,10,0.0,0.0,False,5,50000.0
20,3,SELL_TO_SHOP,WARRIOR,,NONE,44,WARRIOR,one_handed_sword,1,,,,,,3582,3582,,,,,,,INVENTORY_FULL,160.75,-2.0,158.75,76,62.0,62.0,,10,10,0.0,0.0,False,5,50000.0
20,3,BUY_FROM_SHOP,GUNNER,gun,SELL_TO_CUSTOMER,38,GUNNER,gun,1,84.61333333333333,1.0,True,HIGH_INTEREST,5038,5248,5248,6298,5510,5510,472,0.09368797141722907,1,BUYER_PURCHASES,158.75,0.75,159.5,77,62.0,5572.0,2,9,10,0.0,0.0,False,5,50000.0
20,3,SELL_TO_SHOP,GUNNER,,NONE,44,GUNNER,heavy_weapon,1,,,,,,6922,6922,,,,,,,REJECTED_OVERPRICED,159.5,-2.0,157.5,77,5572.0,5572.0,,9,10,0.0,0.0,False,5,50000.0
21,3,BUY_FROM_SHOP,WARRIOR,spear,NONE,24,WARRIOR,one_handed_sword,1,76.4,1.0,False,HIGH_INTEREST,1972,1972,1652,1982,1883,,,,1,PRICE_NEGOTIATION_FAILURE,157.5,0.0,157.5,77,5572.0,5572.0,10,9,10,0.0,0.0,False,5,50000.0
21,3,SELL_TO_SHOP,GUNNER,,BUY_FROM_CUSTOMER,44,GUNNER,gun,1,,,,,2857,5194,5194,6233,,,,,,SUCCESSFUL_PURCHASE,157.5,4.5,162.0,78,5572.0,2715.0,,10,10,0.0,0.0,False,5,50000.0
21,3,BUY_FROM_SHOP,MAGE,staff,NONE,,,,,,,,,,,,,,,,,,NO_COMPATIBLE_ITEM,162.0,0.0,162.0,78,2715.0,2715.0,,10,10,0.0,0.0,False,5,50000.0
21,3,SELL_TO_SHOP,MAGE,,NONE,45,MAGE,wand,1,,,,,,5288,5288,,,,,,,REJECTED_OVERPRICED,162.0,-2.0,160.0,78,2715.0,2715.0,,10,10,0.0,0.0,False,5,50000.0
21,3,SELL_TO_SHOP,ARCHER,,NONE,45,ARCHER,crossbow,1,,,,,,3633,3633,,,,,,,INVENTORY_FULL,160.0,-2.0,158.0,78,2715.0,2715.0,,10,10,0.0,0.0,False,5,50000.0
21,3,SELL_TO_SHOP,ARCHER,,NONE,45,ARCHER,bow,1,,,,,,4260,4260,,,,,,,INVENTORY_FULL,158.0,0.0,158.0,78,2715.0,2715.0,,10,10,0.0,0.0,False,5,50000.0
21,3,BUY_FROM_SHOP,ARCHER,bow,SELL_TO_CUSTOMER,43,ARCHER,bow,3,57.85,0.16666666666666669,True,MEDIUM_INTEREST,8759,15925,15925,19110,17199,17199,8440,0.9635803173878297,2,BUYER_PURCHASES,158.0,0,158.0,79,2715.0,19914.0,1,9,10,0.0,0.0,False,5,50000.0
22,4,BUY_FROM_SHOP,CLERIC,staff,SELL_TO_CUSTOMER,42,CLERIC,staff,1,84.11,1.0,True,HIGH_INTEREST,5287,6008,5608,6730,6394,6394,1107,0.20938150179686021,1,BUYER_PURCHASES,158.0,0.75,158.75,80,13914.0,20308.0,3,8,10,0.0,0.0,False,5,50000.0
22,4,BUY_FROM_SHOP,WARRIOR,one_handed_sword,NONE,24,WARRIOR,one_handed_sword,1,87.3675,1.0,True,VERY_HIGH_INTEREST,1972,1972,1452,1742,1742,,,,0,PRICE_NEGOTIATION_FAILURE,158.75,0.0,158.75,80,20308.0,20308.0,11,8,10,0.0,0.0,False,5,50000.0
22,4,SELL_TO_SHOP,ROGUE,,NONE,45,ROGUE,dagger,5,,,,,,130900,130900,,,,,,,REJECTED_SCAMMER,158.75,-5,153.75,80,20308.0,20308.0,,8,10,0.0,0.0,False,5,50000.0
22,4,BUY_FROM_SHOP,WARRIOR,spear,NONE,24,WARRIOR,one_handed_sword,1,71.135,1.0,False,HIGH_INTEREST,1972,1972,1452,1742,1597,,,,1,PRICE_NEGOTIATION_FAILURE,153.75,0.0,153.75,80,20308.0,20308.0,11,8,10,0.0,0.0,False,5,50000.0
22,4,BUY_FROM_SHOP,ARCHER,crossbow,NONE,41,ARCHER,crossbow,2,43.15,0.25,True,LOW_INTEREST,1650,3000,1800,2160,1710,,,,3,PRICE_NEGOTIATION_FAILURE,153.75,0.0,153.75,80,20308.0,20308.0,3,8,10,0.0,0.0,False,5,50000.0
22,4,BUY_FROM_SHOP,WARRIOR,axe,NONE,24,WARRIOR,one_handed_sword,1,41.635,0.0,False,LOW_INTEREST,1972,1972,1452,1742,1481,,,,3,PRICE_NEGOTIATION_FAILURE,153.75,0.0,153.75,80,20308.0,20308.0,11,8,10,0.0,0.0,False,5,50000.0
22,4,BUY_FROM_SHOP,CLERIC,gauntlet,NONE,,,,,,,,,,,,,,,,,,NO_COMPATIBLE_ITEM,153.75,0.0,153.75,80,20308.0,20308.0,,8,10,0.0,0.0,False,5,50000.0
22,4,SELL_TO_SHOP,CLERIC,,BUY_FROM_CUSTOMER,45,CLERIC,gauntlet,3,,,,,5261,10522,10522,12626,,,,,,SUCCESSFUL_PURCHASE,153.75,3.0,156.75,81,20308.0,15047.0,,9,10,0.0,0.0,False,5,50000.0
23,4,BUY_FROM_SHOP,MAGE,grimoire,NONE,,,,,,,,,,,,,,,,,,NO_COMPATIBLE_ITEM,156.75,0.0,156.75,81,15047.0,15047.0,,9,10,0.0,0.0,False,5,50000.0
23,4,BUY_FROM_SHOP,ROGUE,dagger,SELL_TO_CUSTOMER,33,ROGUE,dagger,1,69.1675,0.5,True,MEDIUM_INTEREST,4641,4834,4714,5657,4950,4950,309,0.06658047834518423,2,BUYER_PURCHASES,156.75,0,156.75,82,15047.0,19997.0,7,8,10,0.0,0.0,False,5,50000.0
23,4,BUY_FROM_SHOP,MAGE,grimoire,NONE,,,,,,,,,,,,,,,,,,NO_COMPATIBLE_ITEM,156.75,0.0,156.75,82,19997.0,19997.0,,8,10,0.0,0.0,False,5,50000.0
23,4,SELL_TO_SHOP,ARCHER,,BUY_FROM_CUSTOMER,46,MAGE,wand,3,,,,,6825,6825,6825,8190,,,,,,SUCCESSFUL_PURCHASE,156.75,3.0,159.75,83,19997.0,13172.0,,9,10,0.0,0.0,False,5,50000.0
23,4,BUY_FROM_SHOP,CLERIC,gauntlet,NONE,,,,,36.745,0.0,True,,,,,,,,,,,NO_INTEREST,159.75,0.0,159.75,83,13172.0,13172.0,,9,10,0.0,0.0,False,5,50000.0
23,4,SELL_TO_SHOP,GUNNER,,NONE,47,GUNNER,heavy_weapon,1,,,,,,1769,1769,,,,,,,REJECTED_OVERPRICED,159.75,0.0,159.75,83,13172.0,13172.0,,9,10,0.0,0.0,False,5,50000.0
23,4,BUY_FROM_SHOP,GUNNER,gun,SELL_TO_CUSTOMER,44,GUNNER,gun,1,65.07,0.0,True,MEDIUM_INTEREST,2857,5194,5314,6377,5580,5580,2723,0.9530976548827441,2,BUYER_PURCHASES,159.75,0,159.75,84,13172.0,18752.0,2,8,10,0.0,0.0,False,5,50000.0
23,4,BUY_FROM_SHOP,MAGE,grimoire,NONE,,,,,31.35,0.0,False,,,,,,,,,,,NO_INTEREST,159.75,0.0,159.75,84,18752.0,18752.0,,8,10,0.0,0.0,False,5,50000.0
24,4,BUY_FROM_SHOP,CLERIC,gauntlet,SELL_TO_CUSTOMER,45,CLERIC,gauntlet,3,74.48,1.0,True,HIGH_INTEREST,5261,10522,10522,12626,11048,11048,5787,1.099980992206805,1,BUYER_PURCHASES,159.75,0.75,160.5,85,18752.0,29800.0,2,7,10,0.0,0.0,False,5,50000.0
24,4,BUY_FROM_SHOP,ARCHER,bow,NONE,,,,,39.35,0.25,False,,,,,,,,,,,NO_INTEREST,160.5,0.0,160.5,85,29800.0,29800.0,,7,10,0.0,0.0,False,5,50000.0
24,4,BUY_FROM_SHOP,MAGE,grimoire,SELL_TO_CUSTOMER,46,MAGE,wand,3,70.05,1.0,False,HIGH_INTEREST,6825,6825,6825,8190,7780,7780,955,0.13992673992673993,1,BUYER_PURCHASES,160.5,0.75,161.25,86,29800.0,37580.0,1,6,10,0.0,0.0,False,5,50000.0
24,4,SELL_TO_SHOP,WARRIOR,,BUY_FROM_CUSTOMER,47,WARRIOR,axe,2,,,,,955,1592,1592,1910,,,,,,SUCCESSFUL_PURCHASE,161.25,4.5,165.75,87,37580.0,36625.0,,7,10,0.0,0.0,False,5,50000.0
24,4,BUY_FROM_SHOP,GUNNER,heavy_weapon,NONE,,,,,,,,,,,,,,,,,,NO_COMPATIBLE_ITEM,165.75,0.0,165.75,87,36625.0,36625.0,,7,10,0.0,0.0,False,5,50000.0
24,4,BUY_FROM_SHOP,GUNNER,heavy_weapon,NONE,,,,,,,,,,,,,,,,,,NO_COMPATIBLE_ITEM,165.75,0.0,165.75,87,36625.0,36625.0,,7,10,0.0,0.0,False,5,50000.0
24,4,BUY_FROM_SHOP,GUNNER,heavy_weapon,NONE,,,,,,,,,,,,,,,,,,NO_COMPATIBLE_ITEM,165.75,0.0,165.75,87,36625.0,36625.0,,7,10,0.0,0.0,False,5,50000.0
24,4,SELL_TO_SHOP,ARCHER,,BUY_FROM_CUSTOMER,48,WARRIOR,spear,1,,,,,1584,1800,1800,2160,,,,,,SUCCESSFUL_PURCHASE,165.75,4.5,170.25,88,36625.0,35041.0,,8,10,0.0,0.0,False,5,50000.0
25,4,BUY_FROM_SHOP,ROGUE,dagger,SELL_TO_CUSTOMER,34,ROGUE,throwing_weapon,1,79.515,1.0,False,HIGH_INTEREST,1144,2288,2189,2627,2408,2408,1264,1.1048951048951048,1,BUYER_PURCHASES,170.25,0.75,171.0,89,35041.0,37449.0,9,7,10,0.0,0.0,False,5,50000.0
25,4,BUY_FROM_SHOP,ROGUE,dagger,SELL_TO_CUSTOMER,27,ROGUE,throwing_weapon,1,70.41583333333334,1.0,False,HIGH_INTEREST,937,1065,1005,1206,1146,1146,209,0.22305229455709713,1,BUYER_PURCHASES,171.0,0.75,171.75,90,37449.0,38595.0,13,6,10,0.0,0.0,False,5,50000.0
25,4,SELL_TO_SHOP,CLERIC,,BUY_FROM_CUSTOMER,49,CLERIC,staff,2,,,,,3620,3620,3620,4344,,,,,,SUCCESSFUL_PURCHASE,171.75,1.5,173.25,91,38595.0,34975.0,,7,10,0.0,0.0,False,5,50000.0
25,4,SELL_TO_SHOP,CLERIC,,NONE,50,CLERIC,staff,1,,,,,,224,224,,,,,,,REJECTED_OVERPRICED,173.25,-2.0,171.25,91,34975.0,34975.0,,7,10,0.0,0.0,False,5,50000.0
25,4,BUY_FROM_SHOP,MAGE,wand,NONE,,,,,,,,,,,,,,,,,,NO_COMPATIBLE_ITEM,171.25,0.0,171.25,91,34975.0,34975.0,,7,10,0.0,0.0,False,5,50000.0
25,4,BUY_FROM_SHOP,WARRIOR,greatsword,NONE,24,WARRIOR,one_handed_sword,1,83.535,1.0,False,HIGH_INTEREST,1972,1972,1452,1742,1597,,,,1,PRICE_NEGOTIATION_FAILURE,171.25,0.0,171.25,91,34975.0,34975.0,14,7,10,0.0,0.0,False,5,50000.0
26,4,BUY_FROM_SHOP,CLERIC,staff,SELL_TO_CUSTOMER,49,CLERIC,staff,2,80.78,1.0,True,HIGH_INTEREST,3620,3620,3620,4344,4127,4127,507,0.14005524861878452,1,BUYER_PURCHASES,171.25,0.75,172.0,92,34975.0,39102.0,1,6,10,0.0,0.0,False,5,50000.0
26,4,SELL_TO_SHOP,ARCHER,,NONE,50,ARCHER,bow,4,,,,,,47444,47444,,,,,,,REJECTED_OVERPRICED,172.0,-2.0,170.0,92,39102.0,39102.0,,6,10,0.0,0.0,False,5,50000.0
26,4,BUY_FROM_SHOP,GUNNER,heavy_weapon,NONE,,,,,,,,,,,,,,,,,,NO_COMPATIBLE_ITEM,170.0,0.0,170.0,92,39102.0,39102.0,,6,10,0.0,0.0,False,5,50000.0
26,4,SELL_TO_SHOP,CLERIC,,NONE,50,ARCHER,bow,1,,,,,,1760,1760,,,,,,,REJECTED_OVERPRICED,170.0,-2.0,168.0,92,39102.0,39102.0,,6,10,0.0,0.0,False,5,50000.0
26,4,BUY_FROM_SHOP,GUNNER,gun,NONE,,,,,,,,,,,,,,,,,,NO_COMPATIBLE_ITEM,168.0,0.0,168.0,92,39102.0,39102.0,,6,10,0.0,0.0,False,5,50000.0
26,4,BUY_FROM_SHOP,MAGE,staff,NONE,,,,,,,,,,,,,,,,,,NO_COMPATIBLE_ITEM,168.0,0.0,168.0,92,39102.0,39102.0,,6,10,0.0,0.0,False,5,50000.0
27,4,BUY_FROM_SHOP,CLERIC,gauntlet,NONE,,,,,,,,,,,,,,,,,,NO_COMPATIBLE_ITEM,168.0,0.0,168.0,92,39102.0,39102.0,,6,10,0.0,0.0,False,5,50000.0
27,4,SELL_TO_SHOP,WARRIOR,,NONE,50,WARRIOR,axe,4,,,,,,78768,78768,,,,,,,MISSED_PURCHASE_DUE_TO_CASH,168.0,-2.0,166.0,92,39102.0,39102.0,,6,10,0.0,0.0,False,5,50000.0
27,4,BUY_FROM_SHOP,ARCHER,bow,SELL_TO_CUSTOMER,41,ARCHER,crossbow,2,61.05,1.0,False,MEDIUM_INTEREST,1650,3000,1800,2160,1944,1944,294,0.1781818181818182,2,BUYER_PURCHASES,166.0,0,166.0,93,39102.0,41046.0,8,5,10,0.0,0.0,False,5,50000.0
27,4,SELL_TO_SHOP,GUNNER,,NONE,50,GUNNER,heavy_weapon,1,,,,,,2511,2511,,,,,,,REJECTED_OVERPRICED,166.0,-2.0,164.0,93,41046.0,41046.0,,5,10,0.0,0.0,False,5,50000.0
27,4,SELL_TO_SHOP,MAGE,,BUY_FROM_CUSTOMER,50,MAGE,wand,4,,,,,30338,50564,50564,60677,,,,,,SUCCESSFUL_PURCHASE,164.0,4.5,168.5,94,41046.0,10708.0,,6,10,0.0,0.0,False,5,50000.0
27,4,SELL_TO_SHOP,CLERIC,,BUY_FROM_CUSTOMER,51,CLERIC,gauntlet,2,,,,,3830,4352,4352,5222,,,,,,SUCCESSFUL_PURCHASE,168.5,4.5,173.0,95,10708.0,6878.0,,7,10,0.0,0.0,False,5,50000.0
27,4,BUY_FROM_SHOP,WARRIOR,axe,NONE,24,WARRIOR,one_handed_sword,1,68.5,1.0,False,MEDIUM_INTEREST,1972,1972,1452,1742,1452,,,,2,PRICE_NEGOTIATION_FAILURE,173.0,0.0,173.0,95,6878.0,6878.0,16,7,10,0.0,0.0,False,5,50000.0
27,4,SELL_TO_SHOP,WARRIOR,,BUY_FROM_CUSTOMER,52,WARRIOR,spear,1,,,,,1853,3706,3706,4447,,,,,,SUCCESSFUL_PURCHASE,173.0,1.5,174.5,96,6878.0,5025.0,,8,10,0.0,0.0,False,5,50000.0
28,4,BUY_FROM_SHOP,MAGE,grimoire,NONE,,,,,37.34875,0.0,False,,,,,,,,,,,NO_INTEREST,174.5,0.0,174.5,96,5025.0,5025.0,,8,10,0.0,0.0,False,5,50000.0
28,4,SELL_TO_SHOP,ARCHER,,NONE,53,WARRIOR,greatsword,3,,,,,,10075,10075,,,,,,,REJECTED_OVERPRICED,174.5,-2.0,172.5,96,5025.0,5025.0,,8,10,0.0,0.0,False,5,50000.0
28,4,BUY_FROM_SHOP,CLERIC,gauntlet,SELL_TO_CUSTOMER,51,CLERIC,gauntlet,2,94.77666666666667,1.0,True,VERY_HIGH_INTEREST,3830,4352,4352,5222,5222,5222,1392,0.36344647519582246,0,BUYER_PURCHASES,172.5,1.5,174.0,97,5025.0,10247.0,1,7,10,0.0,0.0,False,5,50000.0
28,4,BUY_FROM_SHOP,ROGUE,throwing_weapon,NONE,40,ROGUE,throwing_weapon,1,52.95,1.0,True,LOW_INTEREST,1495,1495,1365,1638,1392,,,,3,PRICE_NEGOTIATION_FAILURE,174.0,0.0,174.0,97,10247.0,10247.0,9,7,10,0.0,0.0,False,5,50000.0
28,4,SELL_TO_SHOP,CLERIC,,BUY_FROM_CUSTOMER,53,CLERIC,staff,2,,,,,5990,6240,6240,7488,,,,,,SUCCESSFUL_PURCHASE,174.0,4.5,178.5,98,10247.0,4257.0,,8,10,0.0,0.0,False,5,50000.0
28,4,BUY_FROM_SHOP,MAGE,staff,SELL_TO_CUSTOMER,50,MAGE,wand,4,74.7475,1.0,False,HIGH_INTEREST,30338,50564,50564,60677,57643,57643,27305,0.9000263695695168,1,BUYER_PURCHASES,178.5,0.75,179.25,99,4257.0,61900.0,1,7,10,0.0,0.0,False,5,50000.0
28,4,SELL_TO_SHOP,GUNNER,,BUY_FROM_CUSTOMER,54,GUNNER,gun,3,,,,,9581,9980,9980,11976,,,,,,SUCCESSFUL_PURCHASE,179.25,4.5,183.75,100,61900.0,52319.0,,8,10,0.0,0.0,False,5,50000.0
28,4,BUY_FROM_SHOP,MAGE,staff,NONE,,,,,,,,,,,,,,,,,,NO_COMPATIBLE_ITEM,183.75,0.0,183.75,100,52319.0,52319.0,,8,10,0.0,0.0,False,5,50000.0
29,5,SELL_TO_SHOP,MAGE,,BUY_FROM_CUSTOMER,55,ROGUE,throwing_weapon,1,,,,,1980,2250,2250,2700,,,,,,SUCCESSFUL_PURCHASE,183.75,4.5,188.25,101,44319.0,42339.0,,9,10,0.0,0.0,False,5,50000.0
29,5,BUY_FROM_SHOP,GUNNER,heavy_weapon,NONE,54,GUNNER,gun,3,51.67,0.16666666666666669,False,LOW_INTEREST,9581,9980,7380,8856,7011,,,,3,PRICE_NEGOTIATION_FAILURE,188.25,0.0,188.25,101,42339.0,42339.0,1,9,10,0.0,0.0,False,5,50000.0
29,5,SELL_TO_SHOP,ROGUE,,BUY_FROM_CUSTOMER,56,ROGUE,dagger,2,,,,,2289,2384,2384,2861,,,,,,SUCCESSFUL_PURCHASE,188.25,4.5,192.75,102,42339.0,40050.0,,10,10,0.0,0.0,False,5,50000.0
29,5,SELL_TO_SHOP,ARCHER,,NONE,57,ARCHER,bow,4,,,,,,19488,19488,,,,,,,REJECTED_OVERPRICED,192.75,0.0,192.75,102,40050.0,40050.0,,10,10,0.0,0.0,False,5,50000.0
29,5,BUY_FROM_SHOP,GUNNER,gun,NONE,54,GUNNER,gun,3,63.57,0.16666666666666669,True,MEDIUM_INTEREST,9581,9980,7380,8856,7970,,,,2,PRICE_NEGOTIATION_FAILURE,192.75,0.0,192.75,102,40050.0,40050.0,1,10,10,0.0,0.0,False,5,50000.0
29,5,SELL_TO_SHOP,CLERIC,,NONE,57,CLERIC,gauntlet,3,,,,,,6711,6711,,,,,,,REJECTED_OVERPRICED,192.75,0.0,192.75,102,40050.0,40050.0,,10,10,0.0,0.0,False,5,50000.0
29,5,SELL_TO_SHOP,CLERIC,,NONE,57,CLERIC,staff,4,,,,,,45158,45158,,,,,,,INVENTORY_FULL,192.75,0.0,192.75,102,40050.0,40050.0,,10,10,0.0,0.0,False,5,50000.0
29,5,SELL_TO_SHOP,WARRIOR,,NONE,57,WARRIOR,one_handed_sword,1,,,,,,1109,1109,,,,,,,REJECTED_OVERPRICED,192.75,-2.0,190.75,102,40050.0,40050.0,,10,10,0.0,0.0,False,5,50000.0
30,5,SELL_TO_SHOP,GUNNER,,BUY_FROM_CUSTOMER,57,GUNNER,gun,4,,,,,5959,7449,7449,8939,,,,,,SUCCESSFUL_PURCHASE,190.75,3.0,193.75,103,40050.0,16591.0,,11,11,0.0,0.0,False,6,67500.0
30,5,SELL_TO_SHOP,GUNNER,,NONE,58,GUNNER,gun,3,,,,,,17062,17062,,,,,,,INVENTORY_FULL,193.75,-2.0,191.75,103,16591.0,16591.0,,11,11,0.0,0.0,False,6,67500.0
30,5,BUY_FROM_SHOP,MAGE,wand,NONE,,,,,,,,,,,,,,,,,,NO_COMPATIBLE_ITEM,191.75,0.0,191.75,103,16591.0,16591.0,,11,11,0.0,0.0,False,6,67500.0
30,5,BUY_FROM_SHOP,ARCHER,bow,NONE,,,,,,,,,,,,,,,,,,NO_COMPATIBLE_ITEM,191.75,0.0,191.75,103,16591.0,16591.0,,11,11,0.0,0.0,False,6,67500.0
30,5,SELL_TO_SHOP,MAGE,,NONE,58,MAGE,staff,4,,,,,,74196,74196,,,,,,,INVENTORY_FULL,191.75,0.0,191.75,103,16591.0,16591.0,,11,11,0.0,0.0,False,6,67500.0
30,5,SELL_TO_SHOP,ARCHER,,NONE,58,ARCHER,crossbow,3,,,,,,16475,16475,,,,,,,INVENTORY_FULL,191.75,-2.0,189.75,103,16591.0,16591.0,,11,11,0.0,0.0,False,6,67500.0
30,5,SELL_TO_SHOP,ROGUE,,NONE,58,ROGUE,dagger,1,,,,,,1318,1318,,,,,,,INVENTORY_FULL,189.75,0.0,189.75,103,16591.0,16591.0,,11,11,0.0,0.0,False,6,67500.0
30,5,BUY_FROM_SHOP,GUNNER,heavy_weapon,NONE,54,GUNNER,gun,3,65.66,0.6,False,MEDIUM_INTEREST,9581,9980,7380,8856,7380,,,,2,PRICE_NEGOTIATION_FAILURE,189.75,0.0,189.75,103,16591.0,16591.0,2,11,11,0.0,0.0,False,6,67500.0
31,5,SELL_TO_SHOP,WARRIOR,,NONE,58,WARRIOR,one_handed_sword,2,,,,,,3302,3302,,,,,,,REJECTED_SCAMMER,189.75,-5,184.75,103,16591.0,16591.0,,11,11,0.0,0.0,False,6,67500.0
31,5,BUY_FROM_SHOP,ARCHER,crossbow,NONE,,,,,,,,,,,,,,,,,,NO_COMPATIBLE_ITEM,184.75,0.0,184.75,103,16591.0,16591.0,,11,11,0.0,0.0,False,6,67500.0
31,5,SELL_TO_SHOP,WARRIOR,,NONE,58,MAGE,grimoire,3,,,,,,12350,12350,,,,,,,INVENTORY_FULL,184.75,-2.0,182.75,103,16591.0,16591.0,,11,11,0.0,0.0,False,6,67500.0
31,5,BUY_FROM_SHOP,ARCHER,bow,NONE,,,,,,,,,,,,,,,,,,NO_COMPATIBLE_ITEM,182.75,0.0,182.75,103,16591.0,16591.0,,11,11,0.0,0.0,False,6,67500.0
31,5,SELL_TO_SHOP,WARRIOR,,NONE,58,GUNNER,gun,2,,,,,,200,200,,,,,,,INVENTORY_FULL,182.75,0.0,182.75,103,16591.0,16591.0,,11,11,0.0,0.0,False,6,67500.0
31,5,SELL_TO_SHOP,MAGE,,NONE,58,MAGE,grimoire,2,,,,,,4229,4229,,,,,,,INVENTORY_FULL,182.75,0.0,182.75,103,16591.0,16591.0,,11,11,0.0,0.0,False,6,67500.0
31,5,SELL_TO_SHOP,CLERIC,,NONE,58,ROGUE,throwing_weapon,1,,,,,,2175,2175,,,,,,,REJECTED_OVERPRICED,182.75,-2.0,180.75,103,16591.0,16591.0,,11,11,0.0,0.0,False,6,67500.0
32,5,SELL_TO_SHOP,CLERIC,,NONE,58,CLERIC,staff,1,,,,,,3455,3455,,,,,,,REJECTED_SCAMMER,180.75,-5,175.75,103,16591.0,16591.0,,11,11,0.0,0.0,False,6,67500.0
32,5,SELL_TO_SHOP,ROGUE,,NONE,58,ROGUE,throwing_weapon,1,,,,,,1728,1728,,,,,,,REJECTED_OVERPRICED,175.75,-2.0,173.75,103,16591.0,16591.0,,11,11,0.0,0.0,False,6,67500.0
32,5,BUY_FROM_SHOP,CLERIC,mace,SELL_TO_CUSTOMER,53,CLERIC,staff,2,56.513333333333335,0.25,False,MEDIUM_INTEREST,5990,6240,7340,8808,7927,7927,1937,0.3233722871452421,2,BUYER_PURCHASES,173.75,0,173.75,104,16591.0,24518.0,4,10,11,0.0,0.0,False,6,67500.0
32,5,BUY_FROM_SHOP,WARRIOR,axe,SELL_TO_CUSTOMER,47,WARRIOR,axe,2,56.97,0.5,True,MEDIUM_INTEREST,955,1592,1992,2390,1992,1992,1037,1.0858638743455498,2,BUYER_PURCHASES,173.75,0,173.75,105,24518.0,26510.0,8,9,11,0.0,0.0,False,6,67500.0
32,5,BUY_FROM_SHOP,GUNNER,gun,NONE,54,GUNNER,gun,3,55.34,0.0,True,MEDIUM_INTEREST,9581,9980,7380,8856,7749,,,,2,PRICE_NEGOTIATION_FAILURE,173.75,0.0,173.75,105,26510.0,26510.0,4,9,11,0.0,0.0,False,6,67500.0
32,5,SELL_TO_SHOP,ROGUE,,NONE,58,ROGUE,dagger,1,,,,,,1172,1172,,,,,,,REJECTED_OVERPRICED,173.75,0.0,173.75,105,26510.0,26510.0,,9,11,0.0,0.0,False,6,67500.0
33,5,SELL_TO_SHOP,WARRIOR,,NONE,58,WARRIOR,axe,1,,,,,,1730,1730,,,,,,,REJECTED_OVERPRICED,173.75,0.0,173.75,105,26510.0,26510.0,,9,11,0.0,0.0,False,6,67500.0
33,5,SELL_TO_SHOP,CLERIC,,BUY_FROM_CUSTOMER,58,CLERIC,gauntlet,4,,,,,14215,23692,23692,28430,,,,,,SUCCESSFUL_PURCHASE,173.75,4.5,178.25,106,26510.0,12295.0,,10,11,0.0,0.0,False,6,67500.0
33,5,SELL_TO_SHOP,CLERIC,,BUY_FROM_CUSTOMER,59,CLERIC,mace,3,,,,,5869,11738,11738,14086,,,,,,SUCCESSFUL_PURCHASE,178.25,1.5,179.75,107,12295.0,6426.0,,11,11,0.0,0.0,False,6,67500.0
33,5,BUY_FROM_SHOP,ARCHER,bow,NONE,,,,,,,,,,,,,,,,,,NO_COMPATIBLE_ITEM,179.75,0.0,179.75,107,6426.0,6426.0,,11,11,0.0,0.0,False,6,67500.0
33,5,BUY_FROM_SHOP,ROGUE,dagger,SELL_TO_CUSTOMER,56,ROGUE,dagger,2,71.52666666666667,1.0,True,HIGH_INTEREST,2289,2384,2384,2861,2718,2718,429,0.1874180865006553,1,BUYER_PURCHASES,179.75,0.75,180.5,108,6426.0,9144.0,4,10,11,0.0,0.0,False,6,67500.0
33,5,BUY_FROM_SHOP,GUNNER,gun,NONE,54,GUNNER,gun,3,81.31,1.0,True,HIGH_INTEREST,9581,9980,7380,8856,8413,,,,1,PRICE_NEGOTIATION_FAILURE,180.5,0.0,180.5,108,9144.0,9144.0,5,10,11,0.0,0.0,False,6,67500.0
34,5,BUY_FROM_SHOP,ARCHER,crossbow,NONE,,,,,,,,,,,,,,,,,,NO_COMPATIBLE_ITEM,180.5,0.0,180.5,108,9144.0,9144.0,,10,11,0.0,0.0,False,6,67500.0
34,5,BUY_FROM_SHOP,CLERIC,mace,SELL_TO_CUSTOMER,59,CLERIC,mace,3,90.27,1.0,True,VERY_HIGH_INTEREST,5869,11738,11738,14086,13499,13499,7630,1.3000511160333958,0,BUYER_PURCHASES,180.5,1.5,182.0,109,9144.0,22643.0,1,9,11,0.0,0.0,False,6,67500.0
34,5,BUY_FROM_SHOP,MAGE,wand,NONE,,,,,,,,,,,,,,,,,,NO_COMPATIBLE_ITEM,182.0,0.0,182.0,109,22643.0,22643.0,,9,11,0.0,0.0,False,6,67500.0
34,5,SELL_TO_SHOP,ARCHER,,NONE,60,ARCHER,bow,4,,,,,,17235,17235,,,,,,,REJECTED_OVERPRICED,182.0,0.0,182.0,109,22643.0,22643.0,,9,11,0.0,0.0,False,6,67500.0
34,5,SELL_TO_SHOP,MAGE,,BUY_FROM_CUSTOMER,60,MAGE,wand,1,,,,,1082,1082,1082,1298,,,,,,SUCCESSFUL_PURCHASE,182.0,1.5,183.5,110,22643.0,21561.0,,10,11,0.0,0.0,False,6,67500.0
34,5,BUY_FROM_SHOP,WARRIOR,axe,SELL_TO_CUSTOMER,52,WARRIOR,spear,1,86.51166666666667,1.0,False,VERY_HIGH_INTEREST,1853,3706,4006,4807,4807,4807,2954,1.5941716135995683,0,BUYER_PURCHASES,183.5,1.5,185.0,111,21561.0,26368.0,7,9,11,0.0,0.0,False,6,67500.0
34,5,BUY_FROM_SHOP,ROGUE,dagger,NONE,55,ROGUE,throwing_weapon,1,48.45,0.5,False,LOW_INTEREST,1980,2250,2250,2700,2138,,,,3,PRICE_NEGOTIATION_FAILURE,185.0,0.0,185.0,111,26368.0,26368.0,5,9,11,0.0,0.0,False,6,67500.0
34,5,SELL_TO_SHOP,GUNNER,,BUY_FROM_CUSTOMER,61,GUNNER,gun,2,,,,,3100,6201,6201,7441,,,,,,SUCCESSFUL_PURCHASE,185.0,1.5,186.5,112,26368.0,23268.0,,10,11,0.0,0.0,False,6,67500.0
35,5,BUY_FROM_SHOP,ROGUE,dagger,SELL_TO_CUSTOMER,55,ROGUE,throwing_weapon,1,67.55,1.0,False,MEDIUM_INTEREST,1980,2250,2250,2700,2362,2362,382,0.19292929292929292,2,BUYER_PURCHASES,186.5,0,186.5,113,23268.0,25630.0,6,9,11,0.0,0.0,False,6,67500.0
35,5,SELL_TO_SHOP,ARCHER,,BUY_FROM_CUSTOMER,62,ARCHER,bow,2,,,,,2240,4480,4480,5376,,,,,,SUCCESSFUL_PURCHASE,186.5,1.5,188.0,114,25630.0,23390.0,,10,11,0.0,0.0,False,6,67500.0
35,5,SELL_TO_SHOP,CLERIC,,BUY_FROM_CUSTOMER,63,CLERIC,mace,2,,,,,2971,3095,3095,3714,,,,,,SUCCESSFUL_PURCHASE,188.0,4.5,192.5,115,23390.0,20419.0,,11,11,0.0,0.0,False,6,67500.0
35,5,SELL_TO_SHOP,ROGUE,,NONE,64,CLERIC,mace,2,,,,,,3510,3510,,,,,,,INVENTORY_FULL,192.5,-2.0,190.5,115,20419.0,20419.0,,11,11,0.0,0.0,False,6,67500.0
35,5,SELL_TO_SHOP,GUNNER,,NONE,64,GUNNER,heavy_weapon,4,,,,,,32580,32580,,,,,,,REJECTED_SCAMMER,190.5,-5,185.5,115,20419.0,20419.0,,11,11,0.0,0.0,False,6,67500.0
35,5,BUY_FROM_SHOP,CLERIC,staff,SELL_TO_CUSTOMER,63,CLERIC,mace,2,61.8425,0.5,False,MEDIUM_INTEREST,2971,3095,3095,3714,3343,3343,372,0.12521036687983844,2,BUYER_PURCHASES,185.5,0,185.5,116,20419.0,23762.0,0,10,11,0.0,0.0,False,6,67500.0
35,5,SELL_TO_SHOP,ARCHER,,BUY_FROM_CUSTOMER,64,ARCHER,bow,2,,,,,4481,8962,8962,10754,,,,,,SUCCESSFUL_PURCHASE,185.5,1.5,187.0,117,23762.0,19281.0,,11,11,0.0,0.0,False,6,67500.0
36,6,SELL_TO_SHOP,GUNNER,,NONE,65,GUNNER,gun,2,,,,,,4378,4378,,,,,,,INVENTORY_FULL,187.0,0.0,187.0,117,9281.0,9281.0,,11,11,0.0,0.0,False,6,67500.0
36,6,BUY_FROM_SHOP,WARRIOR,greatsword,NONE,24,WARRIOR,one_handed_sword,1,70.97,1.0,False,HIGH_INTEREST,1972,1972,1652,1982,1883,,,,1,PRICE_NEGOTIATION_FAILURE,187.0,0.0,187.0,117,9281.0,9281.0,25,11,11,0.0,0.0,False,6,67500.0
36,6,SELL_TO_SHOP,ROGUE,,NONE,65,ROGUE,dagger,3,,,,,,7850,7850,,,,,,,INVENTORY_FULL,187.0,0.0,187.0,117,9281.0,9281.0,,11,11,0.0,0.0,False,6,67500.0
36,6,SELL_TO_SHOP,GUNNER,,NONE,65,GUNNER,gun,2,,,,,,5803,5803,,,,,,,REJECTED_SCAMMER,187.0,-5,182.0,117,9281.0,9281.0,,11,11,0.0,0.0,False,6,67500.0
36,6,SELL_TO_SHOP,ARCHER,,NONE,65,ARCHER,bow,2,,,,,,6447,6447,,,,,,,REJECTED_OVERPRICED,182.0,-2.0,180.0,117,9281.0,9281.0,,11,11,0.0,0.0,False,6,67500.0
36,6,SELL_TO_SHOP,ROGUE,,NONE,65,ROGUE,dagger,4,,,,,,47130,47130,,,,,,,REJECTED_OVERPRICED,180.0,-2.0,178.0,117,9281.0,9281.0,,11,11,0.0,0.0,False,6,67500.0
37,6,BUY_FROM_SHOP,GUNNER,gun,SELL_TO_CUSTOMER,54,GUNNER,gun,3,88.64,1.0,True,VERY_HIGH_INTEREST,9581,9980,9580,11496,11017,11017,1436,0.14987997077549317,0,BUYER_PURCHASES,178.0,1.5,179.5,118,9281.0,20298.0,9,10,11,0.0,0.0,False,6,67500.0
37,6,SELL_TO_SHOP,ROGUE,,BUY_FROM_CUSTOMER,65,ROGUE,dagger,2,,,,,3860,4386,4386,5263,,,,,,SUCCESSFUL_PURCHASE,179.5,4.5,184.0,119,20298.0,16438.0,,11,11,0.0,0.0,False,6,67500.0
37,6,SELL_TO_SHOP,WARRIOR,,NONE,66,MAGE,grimoire,2,,,,,,3900,3900,,,,,,,INVENTORY_FULL,184.0,0.0,184.0,119,16438.0,16438.0,,11,11,0.0,0.0,False,6,67500.0
37,6,BUY_FROM_SHOP,MAGE,staff,NONE,,,,,39.626666666666665,0.0,False,,,,,,,,,,,NO_INTEREST,184.0,0.0,184.0,119,16438.0,16438.0,,11,11,0.0,0.0,False,6,67500.0
37,6,BUY_FROM_SHOP,CLERIC,mace,NONE,,,,,35.1475,0.0,False,,,,,,,,,,,NO_INTEREST,184.0,0.0,184.0,119,16438.0,16438.0,,11,11,0.0,0.0,False,6,67500.0
37,6,SELL_TO_SHOP,GUNNER,,NONE,66,WARRIOR,greatsword,2,,,,,,3144,3144,,,,,,,INVENTORY_FULL,184.0,0.0,184.0,119,16438.0,16438.0,,11,11,0.0,0.0,False,6,67500.0
38,6,BUY_FROM_SHOP,WARRIOR,one_handed_sword,NONE,24,WARRIOR,one_handed_sword,1,83.7675,1.0,True,HIGH_INTEREST,1972,1972,1652,1982,1817,,,,1,PRICE_NEGOTIATION_FAILURE,184.0,0.0,184.0,119,16438.0,16438.0,27,11,11,0.0,0.0,False,6,67500.0
38,6,BUY_FROM_SHOP,WARRIOR,one_handed_sword,NONE,24,WARRIOR,one_handed_sword,1,48.935,0.0,True,LOW_INTEREST,1972,1972,1652,1982,1569,,,,3,PRICE_NEGOTIATION_FAILURE,184.0,0.0,184.0,119,16438.0,16438.0,27,11,11,0.0,0.0,False,6,67500.0
38,6,BUY_FROM_SHOP,MAGE,wand,NONE,60,MAGE,wand,1,81.95666666666666,1.0,True,HIGH_INTEREST,1082,1082,962,1154,1010,,,,1,PRICE_NEGOTIATION_FAILURE,184.0,0.0,184.0,119,16438.0,16438.0,4,11,11,0.0,0.0,False,6,67500.0
38,6,SELL_TO_SHOP,CLERIC,,NONE,66,CLERIC,mace,3,,,,,,7875,7875,,,,,,,INVENTORY_FULL,184.0,0.0,184.0,119,16438.0,16438.0,,11,11,0.0,0.0,False,6,67500.0
38,6,BUY_FROM_SHOP,MAGE,grimoire,NONE,60,MAGE,wand,1,44.026666666666664,0.0,False,LOW_INTEREST,1082,1082,962,1154,914,,,,3,PRICE_NEGOTIATION_FAILURE,184.0,0.0,184.0,119,16438.0,16438.0,4,11,11,0.0,0.0,False,6,67500.0
38,6,SELL_TO_SHOP,GUNNER,,NONE,66,GUNNER,gun,3,,,,,,11004,11004,,,,,,,REJECTED_OVERPRICED,184.0,0.0,184.0,119,16438.0,16438.0,,11,11,0.0,0.0,False,6,67500.0
39,6,SELL_TO_SHOP,GUNNER,,NONE,66,GUNNER,gun,3,,,,,,14520,14520,,,,,,,INVENTORY_FULL,184.0,-2.0,182.0,119,16438.0,16438.0,,11,11,0.0,0.0,False,6,67500.0
39,6,SELL_TO_SHOP,ARCHER,,NONE,66,ARCHER,crossbow,1,,,,,,2285,2285,,,,,,,INVENTORY_FULL,182.0,-2.0,180.0,119,16438.0,16438.0,,11,11,0.0,0.0,False,6,67500.0
39,6,SELL_TO_SHOP,CLERIC,,NONE,66,CLERIC,gauntlet,5,,,,,,83328,83328,,,,,,,INVENTORY_FULL,180.0,0.0,180.0,119,16438.0,16438.0,,11,11,0.0,0.0,False,6,67500.0
39,6,BUY_FROM_SHOP,MAGE,wand,NONE,60,MAGE,wand,1,58.156666666666666,0.5,True,MEDIUM_INTEREST,1082,1082,962,1154,962,,,,2,PRICE_NEGOTIATION_FAILURE,180.0,0.0,180.0,119,16438.0,16438.0,5,11,11,0.0,0.0,False,6,67500.0
39,6,BUY_FROM_SHOP,WARRIOR,spear,NONE,24,WARRIOR,one_handed_sword,1,72.135,0.5,False,HIGH_INTEREST,1972,1972,1652,1982,1883,,,,1,PRICE_NEGOTIATION_FAILURE,180.0,0.0,180.0,119,16438.0,16438.0,28,11,11,0.0,0.0,False,6,67500.0
39,6,BUY_FROM_SHOP,MAGE,wand,NONE,60,MAGE,wand,1,82.19166666666666,1.0,True,HIGH_INTEREST,1082,1082,962,1154,1058,,,,1,PRICE_NEGOTIATION_FAILURE,180.0,0.0,180.0,119,16438.0,16438.0,5,11,11,0.0,0.0,False,6,67500.0
39,6,SELL_TO_SHOP,ARCHER,,NONE,66,ARCHER,bow,3,,,,,,11730,11730,,,,,,,INVENTORY_FULL,180.0,-2.0,178.0,119,16438.0,16438.0,,11,11,0.0,0.0,False,6,67500.0
39,6,SELL_TO_SHOP,MAGE,,NONE,66,MAGE,wand,1,,,,,,3355,3355,,,,,,,INVENTORY_FULL,178.0,0.0,178.0,119,16438.0,16438.0,,11,11,0.0,0.0,False,6,67500.0
40,6,SELL_TO_SHOP,GUNNER,,NONE,66,GUNNER,gun,1,,,,,,948,948,,,,,,,INVENTORY_FULL,178.0,0.0,178.0,119,16438.0,16438.0,,11,11,0.0,0.0,False,6,67500.0
40,6,SELL_TO_SHOP,CLERIC,,NONE,66,CLERIC,gauntlet,1,,,,,,4179,4179,,,,,,,INVENTORY_FULL,178.0,0.0,178.0,119,16438.0,16438.0,,11,11,0.0,0.0,False,6,67500.0
40,6,SELL_TO_SHOP,ARCHER,,NONE,66,ARCHER,crossbow,1,,,,,,521,521,,,,,,,INVENTORY_FULL,178.0,0.0,178.0,119,16438.0,16438.0,,11,11,0.0,0.0,False,6,67500.0
40,6,BUY_FROM_SHOP,MAGE,grimoire,NONE,60,MAGE,wand,1,53.06166666666667,0.5,False,LOW_INTEREST,1082,1082,962,1154,981,,,,3,PRICE_NEGOTIATION_FAILURE,178.0,0.0,178.0,119,16438.0,16438.0,6,11,11,0.0,0.0,False,6,67500.0
40,6,SELL_TO_SHOP,GUNNER,,NONE,66,GUNNER,gun,1,,,,,,3364,3364,,,,,,,INVENTORY_FULL,178.0,-2.0,176.0,119,16438.0,16438.0,,11,11,0.0,0.0,False,6,67500.0
40,6,SELL_TO_SHOP,ARCHER,,NONE,66,ARCHER,bow,3,,,,,,14350,14350,,,,,,,INVENTORY_FULL,176.0,-2.0,174.0,119,16438.0,16438.0,,11,11,0.0,0.0,False,6,67500.0
40,6,SELL_TO_SHOP,CLERIC,,NONE,66,CLERIC,staff,1,,,,,,1704,1704,,,,,,,REJECTED_OVERPRICED,174.0,0.0,174.0,119,16438.0,16438.0,,11,11,0.0,0.0,False,6,67500.0
41,6,SELL_TO_SHOP,ARCHER,,NONE,66,ARCHER,bow,2,,,,,,1025,1025,,,,,,,INVENTORY_FULL,174.0,0.0,174.0,119,16438.0,16438.0,,11,11,0.0,0.0,False,6,67500.0
41,6,BUY_FROM_SHOP,MAGE,grimoire,NONE,,,,,38.95666666666666,0.0,False,,,,,,,,,,,NO_INTEREST,174.0,0.0,174.0,119,16438.0,16438.0,,11,11,0.0,0.0,False,6,67500.0
41,6,SELL_TO_SHOP,ROGUE,,NONE,66,ROGUE,dagger,3,,,,,,14618,14618,,,,,,,INVENTORY_FULL,174.0,-2.0,172.0,119,16438.0,16438.0,,11,11,0.0,0.0,False,6,67500.0
41,6,BUY_FROM_SHOP,CLERIC,gauntlet,NONE,,,,,38.18,0.0,True,,,,,,,,,,,NO_INTEREST,172.0,0.0,172.0,119,16438.0,16438.0,,11,11,0.0,0.0,False,6,67500.0
41,6,SELL_TO_SHOP,ARCHER,,NONE,66,ARCHER,bow,4,,,,,,80700,80700,,,,,,,INVENTORY_FULL,172.0,0.0,172.0,119,16438.0,16438.0,,11,11,0.0,0.0,False,6,67500.0
41,6,BUY_FROM_SHOP,CLERIC,gauntlet,SELL_TO_CUSTOMER,58,CLERIC,gauntlet,4,75.01,1.0,True,HIGH_INTEREST,14215,23692,25642,30770,26924,26924,12709,0.8940555750967288,1,BUYER_PURCHASES,172.0,0.75,172.75,120,16438.0,43362.0,8,10,11,0.0,0.0,False,6,67500.0
41,6,SELL_TO_SHOP,GUNNER,,BUY_FROM_CUSTOMER,66,GUNNER,heavy_weapon,1,,,,,1017,2034,2034,2441,,,,,,SUCCESSFUL_PURCHASE,172.75,1.5,174.25,121,43362.0,42345.0,,11,11,0.0,0.0,False,6,67500.0
42,6,SELL_TO_SHOP,MAGE,,BUY_FROM_CUSTOMER,67,MAGE,wand,3,,,,,4776,5970,5970,7164,,,,,,SUCCESSFUL_PURCHASE,174.25,1.5,175.75,122,42345.0,17569.0,,12,12,0.0,0.0,False,7,87500.0
42,6,SELL_TO_SHOP,CLERIC,,NONE,68,CLERIC,staff,2,,,,,,3944,3944,,,,,,,INVENTORY_FULL,175.75,0.0,175.75,122,17569.0,17569.0,,12,12,0.0,0.0,False,7,87500.0
42,6,SELL_TO_SHOP,MAGE,,NONE,68,MAGE,wand,1,,,,,,426,426,,,,,,,INVENTORY_FULL,175.75,0.0,175.75,122,17569.0,17569.0,,12,12,0.0,0.0,False,7,87500.0
42,6,SELL_TO_SHOP,MAGE,,NONE,68,MAGE,staff,3,,,,,,11995,11995,,,,,,,INVENTORY_FULL,175.75,-2.0,173.75,122,17569.0,17569.0,,12,12,0.0,0.0,False,7,87500.0
42,6,SELL_TO_SHOP,WARRIOR,,NONE,68,CLERIC,staff,1,,,,,,2795,2795,,,,,,,INVENTORY_FULL,173.75,-2.0,171.75,122,17569.0,17569.0,,12,12,0.0,0.0,False,7,87500.0
42,6,BUY_FROM_SHOP,CLERIC,gauntlet,NONE,,,,,,,,,,,,,,,,,,NO_COMPATIBLE_ITEM,171.75,0.0,171.75,122,17569.0,17569.0,,12,12,0.0,0.0,False,7,87500.0
43,7,SELL_TO_SHOP,ROGUE,,NONE,68,WARRIOR,greatsword,1,,,,,,2990,2990,,,,,,,REJECTED_OVERPRICED,171.75,0.0,171.75,122,5569.0,5569.0,,12,12,0.0,0.0,False,7,87500.0
43,7,SELL_TO_SHOP,GUNNER,,NONE,68,GUNNER,heavy_weapon,3,,,,,,21180,21180,,,,,,,INVENTORY_FULL,171.75,0.0,171.75,122,5569.0,5569.0,,12,12,0.0,0.0,False,7,87500.0
43,7,BUY_FROM_SHOP,CLERIC,staff,NONE,,,,,,,,,,,,,,,,,,NO_COMPATIBLE_ITEM,171.75,0.0,171.75,122,5569.0,5569.0,,12,12,0.0,0.0,False,7,87500.0
43,7,SELL_TO_SHOP,WARRIOR,,NONE,68,WARRIOR,axe,2,,,,,,8472,8472,,,,,,,REJECTED_SCAMMER,171.75,-5,166.75,122,5569.0,5569.0,,12,12,0.0,0.0,False,7,87500.0
43,7,SELL_TO_SHOP,WARRIOR,,NONE,68,WARRIOR,greatsword,1,,,,,,2355,2355,,,,,,,INVENTORY_FULL,166.75,0.0,166.75,122,5569.0,5569.0,,12,12,0.0,0.0,False,7,87500.0
43,7,BUY_FROM_SHOP,ROGUE,dagger,SELL_TO_CUSTOMER,40,ROGUE,throwing_weapon,1,68.45,1.0,False,MEDIUM_INTEREST,1495,1495,2015,2418,2015,2015,520,0.34782608695652173,2,BUYER_PURCHASES,166.75,0,166.75,123,5569.0,7584.0,24,11,12,0.0,0.0,False,7,87500.0
43,7,SELL_TO_SHOP,GUNNER,,BUY_FROM_CUSTOMER,68,GUNNER,gun,1,,,,,1089,1089,1089,1307,,,,,,SUCCESSFUL_PURCHASE,166.75,1.5,168.25,124,7584.0,6495.0,,12,12,0.0,0.0,False,7,87500.0
43,7,BUY_FROM_SHOP,WARRIOR,spear,NONE,24,WARRIOR,one_handed_sword,1,49.3675,0.0,False,LOW_INTEREST,1972,1972,1772,2126,1772,,,,3,PRICE_NEGOTIATION_FAILURE,168.25,0.0,168.25,124,6495.0,6495.0,32,12,12,0.0,0.0,False,7,87500.0
44,7,BUY_FROM_SHOP,MAGE,staff,NONE,,,,,36.41583333333333,0.0,False,,,,,,,,,,,NO_INTEREST,168.25,0.0,168.25,124,6495.0,6495.0,,12,12,0.0,0.0,False,7,87500.0
44,7,BUY_FROM_SHOP,ARCHER,bow,SELL_TO_CUSTOMER,64,ARCHER,bow,2,72.06166666666667,0.25,True,HIGH_INTEREST,4481,8962,8602,10322,9462,9462,4981,1.1115822361080117,1,BUYER_PURCHASES,168.25,0.75,169.0,125,6495.0,15957.0,9,11,12,0.0,0.0,False,7,87500.0
44,7,SELL_TO_SHOP,ROGUE,,BUY_FROM_CUSTOMER,69,ROGUE,dagger,1,,,,,2026,2302,2302,2762,,,,,,SUCCESSFUL_PURCHASE,169.0,4.5,173.5,126,15957.0,13931.0,,12,12,0.0,0.0,False,7,87500.0
44,7,BUY_FROM_SHOP,MAGE,staff,NONE,60,MAGE,wand,1,79.85666666666667,1.0,False,HIGH_INTEREST,1082,1082,882,1058,970,,,,1,PRICE_NEGOTIATION_FAILURE,173.5,0.0,173.5,126,13931.0,13931.0,10,12,12,0.0,0.0,False,7,87500.0
44,7,BUY_FROM_SHOP,MAGE,wand,NONE,60,MAGE,wand,1,76.96166666666667,1.0,True,HIGH_INTEREST,1082,1082,882,1058,970,,,,1,PRICE_NEGOTIATION_FAILURE,173.5,0.0,173.5,126,13931.0,13931.0,10,12,12,0.0,0.0,False,7,87500.0
44,7,SELL_TO_SHOP,WARRIOR,,NONE,70,WARRIOR,spear,3,,,,,,20775,20775,,,,,,,REJECTED_OVERPRICED,173.5,-2.0,171.5,126,13931.0,13931.0,,12,12,0.0,0.0,False,7,87500.0
45,7,BUY_FROM_SHOP,CLERIC,gauntlet,NONE,,,,,,,,,,,,,,,,,,NO_COMPATIBLE_ITEM,171.5,0.0,171.5,126,13931.0,13931.0,,12,12,0.0,0.0,False,7,87500.0
45,7,SELL_TO_SHOP,CLERIC,,NONE,70,CLERIC,staff,4,,,,,,91410,91410,,,,,,,REJECTED_OVERPRICED,171.5,0.0,171.5,126,13931.0,13931.0,,12,12,0.0,0.0,False,7,87500.0
45,7,SELL_TO_SHOP,MAGE,,NONE,70,MAGE,staff,1,,,,,,4061,4061,,,,,,,INVENTORY_FULL,171.5,-2.0,169.5,126,13931.0,13931.0,,12,12,0.0,0.0,False,7,87500.0
45,7,SELL_TO_SHOP,MAGE,,NONE,70,MAGE,wand,1,,,,,,3805,3805,,,,,,,INVENTORY_FULL,169.5,0.0,169.5,126,13931.0,13931.0,,12,12,0.0,0.0,False,7,87500.0
45,7,SELL_TO_SHOP,ROGUE,,NONE,70,CLERIC,mace,2,,,,,,4160,4160,,,,,,,REJECTED_OVERPRICED,169.5,0.0,169.5,126,13931.0,13931.0,,12,12,0.0,0.0,False,7,87500.0
45,7,SELL_TO_SHOP,CLERIC,,NONE,70,WARRIOR,greatsword,4,,,,,,64980,64980,,,,,,,REJECTED_OVERPRICED,169.5,-2.0,167.5,126,13931.0,13931.0,,12,12,0.0,0.0,False,7,87500.0
45,7,SELL_TO_SHOP,ARCHER,,NONE,70,ARCHER,bow,5,,,,,,41958,41958,,,,,,,INVENTORY_FULL,167.5,-2.0,165.5,126,13931.0,13931.0,,12,12,0.0,0.0,False,7,87500.0
46,7,BUY_FROM_SHOP,ROGUE,throwing_weapon,NONE,65,ROGUE,dagger,2,51.08,0.5,False,LOW_INTEREST,3860,4386,5036,6043,4784,,,,3,PRICE_NEGOTIATION_FAILURE,165.5,0.0,165.5,126,13931.0,13931.0,9,12,12,0.0,0.0,False,7,87500.0
46,7,BUY_FROM_SHOP,MAGE,grimoire,NONE,60,MAGE,wand,1,64.89166666666667,1.0,False,MEDIUM_INTEREST,1082,1082,882,1058,926,,,,2,PRICE_NEGOTIATION_FAILURE,165.5,0.0,165.5,126,13931.0,13931.0,12,12,12,0.0,0.0,False,7,87500.0
46,7,BUY_FROM_SHOP,GUNNER,gun,SELL_TO_CUSTOMER,66,GUNNER,heavy_weapon,1,77.97,1.0,False,HIGH_INTEREST,1017,2034,1914,2297,2010,2010,993,0.976401179941003,1,BUYER_PURCHASES,165.5,0.75,166.25,127,13931.0,15941.0,5,11,12,0.0,0.0,False,7,87500.0
46,7,SELL_TO_SHOP,WARRIOR,,BUY_FROM_CUSTOMER,70,WARRIOR,one_handed_sword,1,,,,,1539,1749,1749,2099,,,,,,SUCCESSFUL_PURCHASE,166.25,6.0,172.25,128,15941.0,14402.0,,12,12,0.0,0.0,False,7,87500.0
46,7,BUY_FROM_SHOP,WARRIOR,axe,NONE,24,WARRIOR,one_handed_sword,1,70.135,1.0,False,HIGH_INTEREST,1972,1972,1772,2126,2020,,,,1,PRICE_NEGOTIATION_FAILURE,172.25,0.0,172.25,128,14402.0,14402.0,35,12,12,0.0,0.0,False,7,87500.0
46,7,SELL_TO_SHOP,ARCHER,,NONE,71,WARRIOR,one_handed_sword,3,,,,,,11895,11895,,,,,,,INVENTORY_FULL,172.25,-2.0,170.25,128,14402.0,14402.0,,12,12,0.0,0.0,False,7,87500.0
46,7,BUY_FROM_SHOP,GUNNER,heavy_weapon,SELL_TO_CUSTOMER,57,GUNNER,gun,4,73.245,1.0,False,HIGH_INTEREST,5959,7449,15249,18299,16011,16011,10052,1.6868602114448732,1,BUYER_PURCHASES,170.25,0.75,171.0,129,14402.0,30413.0,16,11,12,0.0,0.0,False,7,87500.0
47,7,BUY_FROM_SHOP,ARCHER,crossbow,SELL_TO_CUSTOMER,62,ARCHER,bow,2,79.51583333333333,1.0,False,HIGH_INTEREST,2240,4480,4180,5016,4765,4765,2525,1.1272321428571428,1,BUYER_PURCHASES,171.0,0.75,171.75,130,30413.0,35178.0,12,10,12,0.0,0.0,False,7,87500.0
47,7,SELL_TO_SHOP,MAGE,,BUY_FROM_CUSTOMER,71,MAGE,staff,1,,,,,2174,2174,2174,2609,,,,,,SUCCESSFUL_PURCHASE,171.75,1.5,173.25,131,35178.0,33004.0,,11,12,0.0,0.0,False,7,87500.0
47,7,BUY_FROM_SHOP,ROGUE,dagger,SELL_TO_CUSTOMER,69,ROGUE,dagger,1,58.9475,0.0,True,MEDIUM_INTEREST,2026,2302,2302,2762,2486,2486,460,0.22704837117472854,2,BUYER_PURCHASES,173.25,0,173.25,132,33004.0,35490.0,3,10,12,0.0,0.0,False,7,87500.0
47,7,SELL_TO_SHOP,ROGUE,,BUY_FROM_CUSTOMER,72,ROGUE,dagger,3,,,,,6090,12180,12180,14616,,,,,,SUCCESSFUL_PURCHASE,173.25,3.0,176.25,133,35490.0,29400.0,,11,12,0.0,0.0,False,7,87500.0
47,7,BUY_FROM_SHOP,GUNNER,gun,SELL_TO_CUSTOMER,61,GUNNER,gun,2,70.21833333333333,0.5,True,HIGH_INTEREST,3100,6201,7241,8689,8255,8255,5155,1.6629032258064516,1,BUYER_PURCHASES,176.25,0.75,177.0,134,29400.0,37655.0,13,10,12,0.0,0.0,False,7,87500.0
47,7,BUY_FROM_SHOP,ARCHER,bow,NONE,,,,,,,,,,,,,,,,,,NO_COMPATIBLE_ITEM,177.0,0.0,177.0,134,37655.0,37655.0,,10,12,0.0,0.0,False,7,87500.0
48,7,BUY_FROM_SHOP,WARRIOR,axe,NONE,24,WARRIOR,one_handed_sword,1,75.7675,1.0,False,HIGH_INTEREST,1972,1972,1772,2126,1949,,,,1,PRICE_NEGOTIATION_FAILURE,177.0,0.0,177.0,134,37655.0,37655.0,37,10,12,0.0,0.0,False,7,87500.0
48,7,SELL_TO_SHOP,WARRIOR,,NONE,73,WARRIOR,axe,1,,,,,,1208,1208,,,,,,,REJECTED_OVERPRICED,177.0,-2.0,175.0,134,37655.0,37655.0,,10,12,0.0,0.0,False,7,87500.0
48,7,SELL_TO_SHOP,ARCHER,,BUY_FROM_CUSTOMER,73,ARCHER,bow,3,,,,,10517,19122,19122,22946,,,,,,SUCCESSFUL_PURCHASE,175.0,4.5,179.5,135,37655.0,27138.0,,11,12,0.0,0.0,False,7,87500.0
48,7,SELL_TO_SHOP,WARRIOR,,NONE,74,WARRIOR,greatsword,4,,,,,,62010,62010,,,,,,,REJECTED_OVERPRICED,179.5,0.0,179.5,135,27138.0,27138.0,,11,12,0.0,0.0,False,7,87500.0
48,7,SELL_TO_SHOP,GUNNER,,NONE,74,WARRIOR,greatsword,3,,,,,,15165,15165,,,,,,,REJECTED_OVERPRICED,179.5,-2.0,177.5,135,27138.0,27138.0,,11,12,0.0,0.0,False,7,87500.0
48,7,BUY_FROM_SHOP,GUNNER,heavy_weapon,NONE,,,,,39.3425,0.0,False,,,,,,,,,,,NO_INTEREST,177.5,0.0,177.5,135,27138.0,27138.0,,11,12,0.0,0.0,False,7,87500.0
49,7,SELL_TO_SHOP,MAGE,,BUY_FROM_CUSTOMER,74,MAGE,grimoire,4,,,,,14009,25470,25470,30564,,,,,,SUCCESSFUL_PURCHASE,177.5,4.5,182.0,136,27138.0,13129.0,,12,12,0.0,0.0,False,7,87500.0
49,7,BUY_FROM_SHOP,WARRIOR,spear,NONE,24,WARRIOR,one_handed_sword,1,52.8675,0.0,False,LOW_INTEREST,1972,1972,1772,2126,1772,,,,3,PRICE_NEGOTIATION_FAILURE,182.0,0.0,182.0,136,13129.0,13129.0,38,12,12,0.0,0.0,False,7,87500.0
49,7,BUY_FROM_SHOP,ROGUE,throwing_weapon,SELL_TO_CUSTOMER,72,ROGUE,dagger,3,51.845,0.0,False,LOW_INTEREST,6090,12180,12180,14616,12424,12424,6334,1.0400656814449918,3,BUYER_PURCHASES,182.0,-1,181.0,137,13129.0,25553.0,2,11,12,0.0,0.0,False,7,87500.0
49,7,BUY_FROM_SHOP,CLERIC,gauntlet,NONE,,,,,,,,,,,,,,,,,,NO_COMPATIBLE_ITEM,181.0,0.0,181.0,137,25553.0,25553.0,,11,12,0.0,0.0,False,7,87500.0
49,7,SELL_TO_SHOP,ARCHER,,BUY_FROM_CUSTOMER,75,ARCHER,bow,1,,,,,1454,1515,1515,1818,,,,,,SUCCESSFUL_PURCHASE,181.0,4.5,185.5,138,25553.0,24099.0,,12,12,0.0,0.0,False,7,87500.0
49,7,BUY_FROM_SHOP,CLERIC,staff,NONE,,,,,,,,,,,,,,,,,,NO_COMPATIBLE_ITEM,185.5,0.0,185.5,138,24099.0,24099.0,,12,12,0.0,0.0,False,7,87500.0
49,7,SELL_TO_SHOP,ARCHER,,NONE,76,ARCHER,crossbow,3,,,,,,11515,11515,,,,,,,REJECTED_OVERPRICED,185.5,0.0,185.5,138,24099.0,24099.0,,12,12,0.0,0.0,False,7,87500.0
49,7,SELL_TO_SHOP,GUNNER,,NONE,76,GUNNER,heavy_weapon,2,,,,,,16563,16563,,,,,,,INVENTORY_FULL,185.5,0.0,185.5,138,24099.0,24099.0,,12,12,0.0,0.0,False,7,87500.0
50,8,BUY_FROM_SHOP,ROGUE,throwing_weapon,NONE,65,ROGUE,dagger,2,43.847500000000004,0.0,False,LOW_INTEREST,3860,4386,3996,4795,3796,,,,3,PRICE_NEGOTIATION_FAILURE,185.5,0.0,185.5,138,10099.0,10099.0,13,12,12,0.0,0.0,False,7,87500.0
50,8,BUY_FROM_SHOP,CLERIC,gauntlet,NONE,,,,,,,,,,,,,,,,,,NO_COMPATIBLE_ITEM,185.5,0.0,185.5,138,10099.0,10099.0,,12,12,0.0,0.0,False,7,87500.0
50,8,BUY_FROM_SHOP,MAGE,wand,SELL_TO_CUSTOMER,60,MAGE,wand,1,75.45666666666666,1.0,True,HIGH_INTEREST,1082,1082,1082,1298,1190,1190,108,0.09981515711645102,1,BUYER_PURCHASES,185.5,0.75,186.25,139,10099.0,11289.0,16,11,12,0.0,0.0,False,7,87500.0
50,8,BUY_FROM_SHOP,WARRIOR,axe,NONE,24,WARRIOR,one_handed_sword,1,56.9675,0.5,False,MEDIUM_INTEREST,1972,1972,1452,1742,1452,,,,2,PRICE_NEGOTIATION_FAILURE,186.25,0.0,186.25,139,11289.0,11289.0,39,11,12,0.0,0.0,False,7,87500.0
50,8,SELL_TO_SHOP,CLERIC,,BUY_FROM_CUSTOMER,76,CLERIC,gauntlet,3,,,,,4369,7944,7944,9533,,,,,,SUCCESSFUL_PURCHASE,186.25,4.5,190.75,140,11289.0,6920.0,,12,12,0.0,0.0,False,7,87500.0
50,8,BUY_FROM_SHOP,WARRIOR,one_handed_sword,NONE,24,WARRIOR,one_handed_sword,1,62.2675,0.5,True,MEDIUM_INTEREST,1972,1972,1452,1742,1568,,,,2,PRICE_NEGOTIATION_FAILURE,190.75,0.0,190.75,140,6920.0,6920.0,39,12,12,0.0,0.0,False,7,87500.0
51,8,BUY_FROM_SHOP,CLERIC,gauntlet,SELL_TO_CUSTOMER,76,CLERIC,gauntlet,3,64.545,0.6,True,MEDIUM_INTEREST,4369,7944,7944,9533,7944,7944,3575,0.8182650492103456,2,BUYER_PURCHASES,190.75,0,190.75,141,6920.0,14864.0,1,11,12,0.0,0.0,False,7,87500.0
51,8,SELL_TO_SHOP,WARRIOR,,BUY_FROM_CUSTOMER,77,ARCHER,bow,1,,,,,578,1050,1050,1260,,,,,,SUCCESSFUL_PURCHASE,190.75,4.5,195.25,142,14864.0,14286.0,,12,12,0.0,0.0,False,7,87500.0
51,8,BUY_FROM_SHOP,CLERIC,mace,NONE,,,,,,,,,,,,,,,,,,NO_COMPATIBLE_ITEM,195.25,0.0,195.25,142,14286.0,14286.0,,12,12,0.0,0.0,False,7,87500.0
51,8,BUY_FROM_SHOP,ROGUE,dagger,SELL_TO_CUSTOMER,65,ROGUE,dagger,2,67.8975,0.5,True,MEDIUM_INTEREST,3860,4386,3996,4795,4316,4316,456,0.11813471502590674,2,BUYER_PURCHASES,195.25,0,195.25,143,14286.0,18602.0,14,11,12,0.0,0.0,False,7,87500.0
51,8,BUY_FROM_SHOP,ROGUE,throwing_weapon,NONE,,,,,,,,,,,,,,,,,,NO_COMPATIBLE_ITEM,195.25,0.0,195.25,143,18602.0,18602.0,,11,12,0.0,0.0,False,7,87500.0
51,8,SELL_TO_SHOP,MAGE,,BUY_FROM_CUSTOMER,78,MAGE,wand,2,,,,,2496,2600,2600,3120,,,,,,SUCCESSFUL_PURCHASE,195.25,6.0,201.25,144,18602.0,16106.0,,12,12,0.0,0.0,False,7,87500.0
52,8,SELL_TO_SHOP,CLERIC,,NONE,79,CLERIC,staff,1,,,,,,1632,1632,,,,,,,INVENTORY_FULL,201.25,0.0,201.25,144,16106.0,16106.0,,12,12,0.0,0.0,False,7,87500.0
52,8,SELL_TO_SHOP,ROGUE,,NONE,79,ROGUE,throwing_weapon,1,,,,,,1562,1562,,,,,,,INVENTORY_FULL,201.25,-2.0,199.25,144,16106.0,16106.0,,12,12,0.0,0.0,False,7,87500.0
52,8,SELL_TO_SHOP,MAGE,,NONE,79,MAGE,wand,3,,,,,,20670,20670,,,,,,,REJECTED_OVERPRICED,199.25,0.0,199.25,144,16106.0,16106.0,,12,12,0.0,0.0,False,7,87500.0
52,8,SELL_TO_SHOP,GUNNER,,NONE,79,GUNNER,gun,5,,,,,,81732,81732,,,,,,,INVENTORY_FULL,199.25,0.0,199.25,144,16106.0,16106.0,,12,12,0.0,0.0,False,7,87500.0
52,8,BUY_FROM_SHOP,GUNNER,heavy_weapon,NONE,68,GUNNER,gun,1,78.495,1.0,False,HIGH_INTEREST,1089,1089,969,1163,1066,,,,1,PRICE_NEGOTIATION_FAILURE,199.25,0.0,199.25,144,16106.0,16106.0,9,12,12,0.0,0.0,False,7,87500.0
52,8,SELL_TO_SHOP,CLERIC,,NONE,79,CLERIC,gauntlet,2,,,,,,2009,2009,,,,,,,INVENTORY_FULL,199.25,-2.0,197.25,144,16106.0,16106.0,,12,12,0.0,0.0,False,7,87500.0
53,8,SELL_TO_SHOP,GUNNER,,NONE,79,CLERIC,gauntlet,3,,,,,,12000,12000,,,,,,,INVENTORY_FULL,197.25,0.0,197.25,144,16106.0,16106.0,,12,12,0.0,0.0,False,7,87500.0
53,8,BUY_FROM_SHOP,ARCHER,bow,SELL_TO_CUSTOMER,73,ARCHER,bow,3,78.115,1.0,True,HIGH_INTEREST,10517,19122,21522,25826,22598,22598,12081,1.1487116097746506,1,BUYER_PURCHASES,197.25,0.75,198.0,145,16106.0,38704.0,5,11,12,0.0,0.0,False,7,87500.0
53,8,BUY_FROM_SHOP,WARRIOR,greatsword,NONE,24,WARRIOR,one_handed_sword,1,45.535,0.5,False,LOW_INTEREST,1972,1972,1452,1742,1481,,,,3,PRICE_NEGOTIATION_FAILURE,198.0,0.0,198.0,145,38704.0,38704.0,42,11,12,0.0,0.0,False,7,87500.0
53,8,BUY_FROM_SHOP,CLERIC,gauntlet,NONE,,,,,,,,,,,,,,,,,,NO_COMPATIBLE_ITEM,198.0,0.0,198.0,145,38704.0,38704.0,,11,12,0.0,0.0,False,7,87500.0
53,8,SELL_TO_SHOP,MAGE,,BUY_FROM_CUSTOMER,79,MAGE,wand,4,,,,,14424,14424,14424,17309,,,,,,SUCCESSFUL_PURCHASE,198.0,0,198.0,146,38704.0,24280.0,,12,12,0.0,0.0,False,7,87500.0
53,8,SELL_TO_SHOP,ROGUE,,NONE,80,ROGUE,dagger,2,,,,,,9056,9056,,,,,,,REJECTED_SCAMMER,198.0,-5,193.0,146,24280.0,24280.0,,12,12,0.0,0.0,False,7,87500.0
53,8,SELL_TO_SHOP,ROGUE,,NONE,80,ROGUE,throwing_weapon,1,,,,,,5191,5191,,,,,,,INVENTORY_FULL,193.0,-2.0,191.0,146,24280.0,24280.0,,12,12,0.0,0.0,False,7,87500.0
54,8,SELL_TO_SHOP,GUNNER,,NONE,80,GUNNER,heavy_weapon,2,,,,,,9852,9852,,,,,,,REJECTED_OVERPRICED,191.0,-2.0,189.0,146,24280.0,24280.0,,12,12,0.0,0.0,False,7,87500.0
54,8,SELL_TO_SHOP,CLERIC,,NONE,80,CLERIC,mace,1,,,,,,2859,2859,,,,,,,REJECTED_OVERPRICED,189.0,0.0,189.0,146,24280.0,24280.0,,12,12,0.0,0.0,False,7,87500.0
54,8,SELL_TO_SHOP,ROGUE,,NONE,80,WARRIOR,greatsword,1,,,,,,2795,2795,,,,,,,REJECTED_OVERPRICED,189.0,-2.0,187.0,146,24280.0,24280.0,,12,12,0.0,0.0,False,7,87500.0
54,8,BUY_FROM_SHOP,WARRIOR,spear,NONE,24,WARRIOR,one_handed_sword,1,49.2675,0.0,False,LOW_INTEREST,1972,1972,1452,1742,1452,,,,3,PRICE_NEGOTIATION_FAILURE,187.0,0.0,187.0,146,24280.0,24280.0,43,12,12,0.0,0.0,False,7,87500.0
54,8,SELL_TO_SHOP,WARRIOR,,NONE,80,WARRIOR,spear,2,,,,,,3525,3525,,,,,,,INVENTORY_FULL,187.0,-2.0,185.0,146,24280.0,24280.0,,12,12,0.0,0.0,False,7,87500.0
54,8,BUY_FROM_SHOP,ROGUE,throwing_weapon,NONE,,,,,,,,,,,,,,,,,,NO_COMPATIBLE_ITEM,185.0,0.0,185.0,146,24280.0,24280.0,,12,12,0.0,0.0,False,7,87500.0
55,8,SELL_TO_SHOP,ROGUE,,NONE,80,ROGUE,dagger,4,,,,,,9084,9084,,,,,,,REJECTED_OVERPRICED,185.0,-2.0,183.0,146,24280.0,24280.0,,12,12,0.0,0.0,False,7,87500.0
55,8,SELL_TO_SHOP,CLERIC,,BUY_FROM_CUSTOMER,80,ROGUE,dagger,1,,,,,429,780,780,936,,,,,,SUCCESSFUL_PURCHASE,183.0,4.5,187.5,147,24280.0,1351.0,,13,13,0.0,0.0,False,8,110000.0
55,8,BUY_FROM_SHOP,CLERIC,staff,NONE,,,,,,,,,,,,,,,,,,NO_COMPATIBLE_ITEM,187.5,0.0,187.5,147,1351.0,1351.0,,13,13,0.0,0.0,False,8,110000.0
55,8,SELL_TO_SHOP,MAGE,,NONE,81,MAGE,grimoire,3,,,,,,22452,22452,,,,,,,REJECTED_OVERPRICED,187.5,-2.0,185.5,147,1351.0,1351.0,,13,13,0.0,0.0,False,8,110000.0
55,8,BUY_FROM_SHOP,GUNNER,heavy_weapon,NONE,68,GUNNER,gun,1,48.745,0.0,False,LOW_INTEREST,1089,1089,969,1163,969,,,,3,PRICE_NEGOTIATION_FAILURE,185.5,0.0,185.5,147,1351.0,1351.0,12,13,13,0.0,0.0,False,8,110000.0
55,8,BUY_FROM_SHOP,WARRIOR,spear,NONE,24,WARRIOR,one_handed_sword,1,49.07,0.0,False,LOW_INTEREST,1972,1972,1452,1742,1481,,,,3,PRICE_NEGOTIATION_FAILURE,185.5,0.0,185.5,147,1351.0,1351.0,44,13,13,0.0,0.0,False,8,110000.0
55,8,BUY_FROM_SHOP,GUNNER,gun,NONE,68,GUNNER,gun,1,78.745,1.0,True,HIGH_INTEREST,1089,1089,969,1163,1017,,,,1,PRICE_NEGOTIATION_FAILURE,185.5,0.0,185.5,147,1351.0,1351.0,12,13,13,0.0,0.0,False,8,110000.0
55,8,BUY_FROM_SHOP,GUNNER,gun,NONE,68,GUNNER,gun,1,48.7425,0.0,True,LOW_INTEREST,1089,1089,969,1163,989,,,,3,PRICE_NEGOTIATION_FAILURE,185.5,0.0,185.5,147,1351.0,1351.0,12,13,13,0.0,0.0,False,8,110000.0
56,8,BUY_FROM_SHOP,MAGE,grimoire,SELL_TO_CUSTOMER,79,MAGE,wand,4,65.135,1.0,False,MEDIUM_INTEREST,14424,14424,14424,17309,15578,15578,1154,0.08000554631170272,2,BUYER_PURCHASES,185.5,0,185.5,148,1351.0,16929.0,3,12,13,0.0,0.0,False,8,110000.0
56,8,SELL_TO_SHOP,ROGUE,,BUY_FROM_CUSTOMER,81,WARRIOR,greatsword,3,,,,,4500,7500,7500,9000,,,,,,SUCCESSFUL_PURCHASE,185.5,4.5,190.0,149,16929.0,12429.0,,13,13,0.0,0.0,False,8,110000.0
56,8,BUY_FROM_SHOP,CLERIC,mace,NONE,,,,,,,,,,,,,,,,,,NO_COMPATIBLE_ITEM,190.0,0.0,190.0,149,12429.0,12429.0,,13,13,0.0,0.0,False,8,110000.0
56,8,BUY_FROM_SHOP,GUNNER,heavy_weapon,NONE,68,GUNNER,gun,1,50.94625,0.5,False,LOW_INTEREST,1089,1089,969,1163,921,,,,3,PRICE_NEGOTIATION_FAILURE,190.0,0.0,190.0,149,12429.0,12429.0,13,13,13,0.0,0.0,False,8,110000.0
56,8,SELL_TO_SHOP,GUNNER,,NONE,82,GUNNER,heavy_weapon,1,,,,,,979,979,,,,,,,INVENTORY_FULL,190.0,0.0,190.0,149,12429.0,12429.0,,13,13,0.0,0.0,False,8,110000.0
56,8,SELL_TO_SHOP,MAGE,,NONE,82,MAGE,staff,5,,,,,,54180,54180,,,,,,,INVENTORY_FULL,190.0,0.0,190.0,149,12429.0,12429.0,,13,13,0.0,0.0,False,8,110000.0
56,8,BUY_FROM_SHOP,WARRIOR,greatsword,SELL_TO_CUSTOMER,81,WARRIOR,greatsword,3,59.25,1.0,True,MEDIUM_INTEREST,4500,7500,7500,9000,8100,8100,3600,0.8,2,BUYER_PURCHASES,190.0,0,190.0,150,12429.0,20529.0,0,12,13,0.0,0.0,False,8,110000.0
56,8,SELL_TO_SHOP,GUNNER,,BUY_FROM_CUSTOMER,82,GUNNER,gun,2,,,,,2446,4076,4076,4891,,,,,,SUCCESSFUL_PURCHASE,190.0,4.5,194.5,151,20529.0,18083.0,,13,13,0.0,0.0,False,8,110000.0
57,9,SELL_TO_SHOP,WARRIOR,,NONE,83,WARRIOR,greatsword,3,,,,,,9380,9380,,,,,,,INVENTORY_FULL,194.5,0.0,194.5,151,2083.0,2083.0,,13,13,0.0,0.0,False,8,110000.0
57,9,SELL_TO_SHOP,ROGUE,,NONE,83,WARRIOR,one_handed_sword,2,,,,,,6600,6600,,,,,,,INVENTORY_FULL,194.5,-2.0,192.5,151,2083.0,2083.0,,13,13,0.0,0.0,False,8,110000.0
57,9,SELL_TO_SHOP,ARCHER,,NONE,83,ARCHER,bow,2,,,,,,3706,3706,,,,,,,INVENTORY_FULL,192.5,-2.0,190.5,151,2083.0,2083.0,,13,13,0.0,0.0,False,8,110000.0
57,9,BUY_FROM_SHOP,GUNNER,heavy_weapon,SELL_TO_CUSTOMER,82,GUNNER,gun,2,83.245,1.0,False,HIGH_INTEREST,2446,4076,4476,5371,4700,4700,2254,0.9215044971381848,1,BUYER_PURCHASES,190.5,0.75,191.25,152,2083.0,6783.0,1,12,13,0.0,0.0,False,8,110000.0
57,9,BUY_FROM_SHOP,ARCHER,bow,SELL_TO_CUSTOMER,75,ARCHER,bow,1,56.94,0.5,True,MEDIUM_INTEREST,1454,1515,2015,2418,2116,2116,662,0.45529573590096284,2,BUYER_PURCHASES,191.25,0,191.25,153,6783.0,8899.0,8,11,13,0.0,0.0,False,8,110000.0
57,9,SELL_TO_SHOP,MAGE,,NONE,83,MAGE,wand,2,,,,,,7088,7088,,,,,,,REJECTED_OVERPRICED,191.25,-2.0,189.25,153,8899.0,8899.0,,11,13,0.0,0.0,False,8,110000.0
58,9,BUY_FROM_SHOP,WARRIOR,greatsword,NONE,24,WARRIOR,one_handed_sword,1,81.3675,1.0,False,HIGH_INTEREST,1972,1972,1852,2222,1945,,,,1,PRICE_NEGOTIATION_FAILURE,189.25,0.0,189.25,153,8899.0,8899.0,47,11,13,0.0,0.0,False,8,110000.0
58,9,SELL_TO_SHOP,ARCHER,,BUY_FROM_CUSTOMER,83,ARCHER,bow,4,,,,,1609,2925,2925,3510,,,,,,SUCCESSFUL_PURCHASE,189.25,4.5,193.75,154,8899.0,7290.0,,12,13,0.0,0.0,False,8,110000.0
58,9,SELL_TO_SHOP,MAGE,,BUY_FROM_CUSTOMER,84,ARCHER,bow,3,,,,,6614,12025,12025,14430,,,,,,SUCCESSFUL_PURCHASE,193.75,4.5,198.25,155,7290.0,676.0,,13,13,0.0,0.0,False,8,110000.0
58,9,BUY_FROM_SHOP,ARCHER,bow,SELL_TO_CUSTOMER,77,ARCHER,bow,1,60.55,1.0,True,MEDIUM_INTEREST,578,1050,1150,1380,1150,1150,572,0.9896193771626297,2,BUYER_PURCHASES,198.25,0,198.25,156,676.0,1826.0,7,12,13,0.0,0.0,False,8,110000.0
58,9,SELL_TO_SHOP,GUNNER,,NONE,85,GUNNER,heavy_weapon,3,,,,,,8746,8746,,,,,,,MISSED_PURCHASE_DUE_TO_CASH,198.25,0.0,198.25,156,1826.0,1826.0,,12,13,0.0,0.0,False,8,110000.0
58,9,BUY_FROM_SHOP,ROGUE,dagger,SELL_TO_CUSTOMER,80,ROGUE,dagger,1,57.45,1.0,True,MEDIUM_INTEREST,429,780,975,1170,1024,1024,595,1.386946386946387,2,BUYER_PURCHASES,198.25,0,198.25,157,1826.0,2850.0,3,11,13,0.0,0.0,False,8,110000.0
58,9,SELL_TO_SHOP,ARCHER,,BUY_FROM_CUSTOMER,85,ARCHER,crossbow,1,,,,,1826,3044,3044,3653,,,,,,SUCCESSFUL_PURCHASE,198.25,4.5,202.75,158,2850.0,1024.0,,12,13,0.0,0.0,False,8,110000.0
58,9,SELL_TO_SHOP,GUNNER,,NONE,86,WARRIOR,axe,3,,,,,,14950,14950,,,,,,,REJECTED_OVERPRICED,202.75,0.0,202.75,158,1024.0,1024.0,,12,13,0.0,0.0,False,8,110000.0
59,9,SELL_TO_SHOP,ROGUE,,NONE,86,ROGUE,throwing_weapon,1,,,,,,2092,2092,,,,,,,REJECTED_SCAMMER,202.75,-5,197.75,158,1024.0,1024.0,,12,13,0.0,0.0,False,8,110000.0
59,9,SELL_TO_SHOP,GUNNER,,NONE,86,GUNNER,gun,1,,,,,,2526,2526,,,,,,,MISSED_PURCHASE_DUE_TO_CASH,197.75,0.0,197.75,158,1024.0,1024.0,,12,13,0.0,0.0,False,8,110000.0
59,9,BUY_FROM_SHOP,GUNNER,gun,SELL_TO_CUSTOMER,68,GUNNER,gun,1,71.94625,1.0,True,HIGH_INTEREST,1089,1089,1169,1403,1333,1333,244,0.22405876951331496,1,BUYER_PURCHASES,197.75,0.75,198.5,159,1024.0,2357.0,16,11,13,0.0,0.0,False,8,110000.0
59,9,SELL_TO_SHOP,WARRIOR,,NONE,86,WARRIOR,axe,2,,,,,,8894,8894,,,,,,,REJECTED_OVERPRICED,198.5,-2.0,196.5,159,2357.0,2357.0,,11,13,0.0,0.0,False,8,110000.0
59,9,BUY_FROM_SHOP,MAGE,wand,SELL_TO_CUSTOMER,71,MAGE,staff,1,79.41,1.0,False,HIGH_INTEREST,2174,2174,2574,3089,2703,2703,529,0.24333026678932843,1,BUYER_PURCHASES,196.5,0.75,197.25,160,2357.0,5060.0,12,10,13,0.0,0.0,False,8,110000.0
59,9,BUY_FROM_SHOP,ROGUE,dagger,NONE,,,,,,,,,,,,,,,,,,NO_COMPATIBLE_ITEM,197.25,0.0,197.25,160,5060.0,5060.0,,10,13,0.0,0.0,False,8,110000.0
60,9,SELL_TO_SHOP,ROGUE,,BUY_FROM_CUSTOMER,86,ROGUE,throwing_weapon,2,,,,,3724,3724,3724,4469,,,,,,SUCCESSFUL_PURCHASE,197.25,1.5,198.75,161,5060.0,1336.0,,11,13,0.0,0.0,False,8,110000.0
60,9,BUY_FROM_SHOP,WARRIOR,axe,NONE,24,WARRIOR,one_handed_sword,1,80.535,1.0,False,HIGH_INTEREST,1972,1972,1852,2222,1945,,,,1,PRICE_NEGOTIATION_FAILURE,198.75,0.0,198.75,161,1336.0,1336.0,49,11,13,0.0,0.0,False,8,110000.0
60,9,BUY_FROM_SHOP,ARCHER,crossbow,SELL_TO_CUSTOMER,85,ARCHER,crossbow,1,89.04625,1.0,True,VERY_HIGH_INTEREST,1826,3044,3044,3653,3653,3653,1827,1.0005476451259583,0,BUYER_PURCHASES,198.75,1.5,200.25,162,1336.0,4989.0,2,10,13,0.0,0.0,False,8,110000.0
60,9,BUY_FROM_SHOP,ARCHER,crossbow,SELL_TO_CUSTOMER,84,ARCHER,bow,3,47.85,0.16666666666666669,False,LOW_INTEREST,6614,12025,12025,14430,12025,12025,5411,0.8181130934381615,3,BUYER_PURCHASES,200.25,-1,199.25,163,4989.0,17014.0,2,9,13,0.0,0.0,False,8,110000.0
60,9,BUY_FROM_SHOP,CLERIC,staff,NONE,,,,,,,,,,,,,,,,,,NO_COMPATIBLE_ITEM,199.25,0.0,199.25,163,17014.0,17014.0,,9,13,0.0,0.0,False,8,110000.0
60,9,BUY_FROM_SHOP,ROGUE,throwing_weapon,NONE,86,ROGUE,throwing_weapon,2,63.365,0.5,True,MEDIUM_INTEREST,3724,3724,3724,4469,3724,,,,2,PRICE_NEGOTIATION_FAILURE,199.25,0.0,199.25,163,17014.0,17014.0,0,9,13,0.0,0.0,False,8,110000.0
60,9,BUY_FROM_SHOP,MAGE,staff,SELL_TO_CUSTOMER,78,MAGE,wand,2,59.663333333333334,0.5,False,MEDIUM_INTEREST,2496,2600,2840,3408,2840,2840,344,0.13782051282051283,2,BUYER_PURCHASES,199.25,0,199.25,164,17014.0,19854.0,9,8,13,0.0,0.0,False,8,110000.0
61,9,SELL_TO_SHOP,ARCHER,,BUY_FROM_CUSTOMER,87,ARCHER,crossbow,3,,,,,16394,18630,18630,22356,,,,,,SUCCESSFUL_PURCHASE,199.25,3.0,202.25,165,19854.0,3460.0,,9,13,0.0,0.0,False,8,110000.0
61,9,SELL_TO_SHOP,ARCHER,,BUY_FROM_CUSTOMER,88,ARCHER,crossbow,1,,,,,1146,2293,2293,2752,,,,,,SUCCESSFUL_PURCHASE,202.25,1.5,203.75,166,3460.0,2314.0,,10,13,0.0,0.0,False,8,110000.0
61,9,SELL_TO_SHOP,CLERIC,,BUY_FROM_CUSTOMER,89,CLERIC,gauntlet,1,,,,,1112,1158,1158,1390,,,,,,SUCCESSFUL_PURCHASE,203.75,4.5,208.25,167,2314.0,1202.0,,11,13,0.0,0.0,False,8,110000.0
61,9,SELL_TO_SHOP,ARCHER,,NONE,90,ARCHER,crossbow,4,,,,,,36975,36975,,,,,,,MISSED_PURCHASE_DUE_TO_CASH,208.25,-2.0,206.25,167,1202.0,1202.0,,11,13,0.0,0.0,False,8,110000.0
61,9,BUY_FROM_SHOP,CLERIC,mace,NONE,,,,,35.1475,0.0,False,,,,,,,,,,,NO_INTEREST,206.25,0.0,206.25,167,1202.0,1202.0,,11,13,0.0,0.0,False,8,110000.0
61,9,BUY_FROM_SHOP,CLERIC,gauntlet,SELL_TO_CUSTOMER,89,CLERIC,gauntlet,1,68.64750000000001,1.0,True,MEDIUM_INTEREST,1112,1158,1158,1390,1251,1251,139,0.125,2,BUYER_PURCHASES,206.25,0,206.25,168,1202.0,2453.0,0,10,13,0.0,0.0,False,8,110000.0
61,9,SELL_TO_SHOP,ARCHER,,NONE,90,ARCHER,bow,2,,,,,,4580,4580,,,,,,,MISSED_PURCHASE_DUE_TO_CASH,206.25,-2.0,204.25,168,2453.0,2453.0,,10,13,0.0,0.0,False,8,110000.0
61,9,SELL_TO_SHOP,ARCHER,,NONE,90,ARCHER,crossbow,3,,,,,,10060,10060,,,,,,,REJECTED_SCAMMER,204.25,-5,199.25,168,2453.0,2453.0,,10,13,0.0,0.0,False,8,110000.0
62,9,SELL_TO_SHOP,GUNNER,,NONE,90,GUNNER,gun,1,,,,,,4599,4599,,,,,,,MISSED_PURCHASE_DUE_TO_CASH,199.25,0.0,199.25,168,2453.0,2453.0,,10,13,0.0,0.0,False,8,110000.0
62,9,SELL_TO_SHOP,ARCHER,,NONE,90,ARCHER,crossbow,5,,,,,,134645,134645,,,,,,,MISSED_PURCHASE_DUE_TO_CASH,199.25,0.0,199.25,168,2453.0,2453.0,,10,13,0.0,0.0,False,8,110000.0
62,9,BUY_FROM_SHOP,GUNNER,gun,NONE,,,,,,,,,,,,,,,,,,NO_COMPATIBLE_ITEM,199.25,0.0,199.25,168,2453.0,2453.0,,10,13,0.0,0.0,False,8,110000.0
62,9,BUY_FROM_SHOP,CLERIC,gauntlet,NONE,,,,,,,,,,,,,,,,,,NO_COMPATIBLE_ITEM,199.25,0.0,199.25,168,2453.0,2453.0,,10,13,0.0,0.0,False,8,110000.0
62,9,SELL_TO_SHOP,WARRIOR,,NONE,90,WARRIOR,axe,2,,,,,,2748,2748,,,,,,,MISSED_PURCHASE_DUE_TO_CASH,199.25,-2.0,197.25,168,2453.0,2453.0,,10,13,0.0,0.0,False,8,110000.0
62,9,BUY_FROM_SHOP,ARCHER,bow,SELL_TO_CUSTOMER,87,ARCHER,crossbow,3,79.11333333333333,1.0,False,HIGH_INTEREST,16394,18630,18630,22356,20493,20493,4099,0.25003049896303525,1,BUYER_PURCHASES,197.25,0.75,198.0,169,2453.0,22946.0,1,9,13,0.0,0.0,False,8,110000.0
62,9,BUY_FROM_SHOP,GUNNER,gun,NONE,,,,,,,,,,,,,,,,,,NO_COMPATIBLE_ITEM,198.0,0.0,198.0,169,22946.0,22946.0,,9,13,0.0,0.0,False,8,110000.0
63,9,SELL_TO_SHOP,WARRIOR,,BUY_FROM_CUSTOMER,90,WARRIOR,one_handed_sword,3,,,,,7329,12215,12215,14658,,,,,,SUCCESSFUL_PURCHASE,198.0,4.5,202.5,170,22946.0,15617.0,,10,13,0.0,0.0,False,8,110000.0
63,9,BUY_FROM_SHOP,ROGUE,throwing_weapon,NONE,86,ROGUE,throwing_weapon,2,51.8475,0.5,True,LOW_INTEREST,3724,3724,3724,4469,3538,,,,3,PRICE_NEGOTIATION_FAILURE,202.5,0.0,202.5,170,15617.0,15617.0,3,10,13,0.0,0.0,False,8,110000.0
63,9,SELL_TO_SHOP,WARRIOR,,BUY_FROM_CUSTOMER,91,WARRIOR,one_handed_sword,1,,,,,1518,1725,1725,2070,,,,,,SUCCESSFUL_PURCHASE,202.5,4.5,207.0,171,15617.0,14099.0,,11,13,0.0,0.0,False,8,110000.0
63,9,SELL_TO_SHOP,WARRIOR,,NONE,92,WARRIOR,greatsword,4,,,,,,71640,71640,,,,,,,MISSED_PURCHASE_DUE_TO_CASH,207.0,0.0,207.0,171,14099.0,14099.0,,11,13,0.0,0.0,False,8,110000.0
63,9,BUY_FROM_SHOP,ARCHER,crossbow,SELL_TO_CUSTOMER,88,ARCHER,crossbow,1,74.47,1.0,True,HIGH_INTEREST,1146,2293,2293,2752,2614,2614,1468,1.280977312390925,1,BUYER_PURCHASES,207.0,0.75,207.75,172,14099.0,16713.0,2,10,13,0.0,0.0,False,8,110000.0
63,9,SELL_TO_SHOP,ROGUE,,NONE,92,ROGUE,throwing_weapon,5,,,,,,81620,81620,,,,,,,REJECTED_SCAMMER,207.75,-5,202.75,172,16713.0,16713.0,,10,13,0.0,0.0,False,8,110000.0
63,9,BUY_FROM_SHOP,ROGUE,throwing_weapon,NONE,,,,,38.04875,0.0,True,,,,,,,,,,,NO_INTEREST,202.75,0.0,202.75,172,16713.0,16713.0,,10,13,0.0,0.0,False,8,110000.0
63,9,BUY_FROM_SHOP,WARRIOR,axe,SELL_TO_CUSTOMER,24,WARRIOR,one_handed_sword,1,80.37,1.0,False,HIGH_INTEREST,1972,1972,1852,2222,2111,2111,139,0.0704868154158215,1,BUYER_PURCHASES,202.75,0.75,203.5,173,16713.0,18824.0,52,9,13,0.0,0.0,False,8,110000.0
64,10,SELL_TO_SHOP,CLERIC,,NONE,92,CLERIC,staff,2,,,,,,3994,3994,,,,,,,MISSED_PURCHASE_DUE_TO_CASH,203.5,-2.0,201.5,173,824.0,824.0,,9,13,0.0,0.0,False,8,110000.0
64,10,BUY_FROM_SHOP,MAGE,wand,SELL_TO_CUSTOMER,67,MAGE,wand,3,55.91833333333334,0.16666666666666669,True,MEDIUM_INTEREST,4776,5970,6420,7704,6741,6741,1965,0.4114321608040201,2,BUYER_PURCHASES,201.5,0,201.5,174,824.0,7565.0,22,8,13,0.0,0.0,False,8,110000.0
64,10,SELL_TO_SHOP,CLERIC,,BUY_FROM_CUSTOMER,92,CLERIC,mace,1,,,,,1270,1443,1443,1732,,,,,,SUCCESSFUL_PURCHASE,201.5,6.0,207.5,175,7565.0,6295.0,,9,13,0.0,0.0,False,8,110000.0
64,10,BUY_FROM_SHOP,ROGUE,dagger,NONE,86,ROGUE,throwing_weapon,2,49.0475,0.5,False,LOW_INTEREST,3724,3724,3074,3689,3074,,,,3,PRICE_NEGOTIATION_FAILURE,207.5,0.0,207.5,175,6295.0,6295.0,4,9,13,0.0,0.0,False,8,110000.0
64,10,BUY_FROM_SHOP,ROGUE,throwing_weapon,NONE,86,ROGUE,throwing_weapon,2,45.715,0.5,True,LOW_INTEREST,3724,3724,3074,3689,2920,,,,3,PRICE_NEGOTIATION_FAILURE,207.5,0.0,207.5,175,6295.0,6295.0,4,9,13,0.0,0.0,False,8,110000.0
64,10,SELL_TO_SHOP,ROGUE,,NONE,93,ROGUE,dagger,2,,,,,,6279,6279,,,,,,,REJECTED_OVERPRICED,207.5,-2.0,205.5,175,6295.0,6295.0,,9,13,0.0,0.0,False,8,110000.0
64,10,BUY_FROM_SHOP,MAGE,wand,SELL_TO_CUSTOMER,74,MAGE,grimoire,4,68.01,1.0,False,MEDIUM_INTEREST,14009,25470,31095,37314,33583,33583,19574,1.3972446284531372,2,BUYER_PURCHASES,205.5,0,205.5,176,6295.0,39878.0,15,8,13,0.0,0.0,False,8,110000.0
65,10,SELL_TO_SHOP,ARCHER,,BUY_FROM_CUSTOMER,93,ARCHER,crossbow,4,,,,,22548,25623,25623,30748,,,,,,SUCCESSFUL_PURCHASE,205.5,4.5,210.0,177,39878.0,17330.0,,9,13,0.0,0.0,False,8,110000.0
65,10,SELL_TO_SHOP,MAGE,,BUY_FROM_CUSTOMER,94,MAGE,grimoire,2,,,,,1449,2415,2415,2898,,,,,,SUCCESSFUL_PURCHASE,210.0,6.0,216.0,178,17330.0,15881.0,,10,13,0.0,0.0,False,8,110000.0
65,10,SELL_TO_SHOP,WARRIOR,,NONE,95,WARRIOR,axe,3,,,,,,10822,10822,,,,,,,REJECTED_OVERPRICED,216.0,0.0,216.0,178,15881.0,15881.0,,10,13,0.0,0.0,False,8,110000.0
65,10,SELL_TO_SHOP,CLERIC,,NONE,95,MAGE,grimoire,4,,,,,,28275,28275,,,,,,,REJECTED_OVERPRICED,216.0,0.0,216.0,178,15881.0,15881.0,,10,13,0.0,0.0,False,8,110000.0
65,10,SELL_TO_SHOP,ROGUE,,NONE,95,ROGUE,dagger,4,,,,,,52890,52890,,,,,,,MISSED_PURCHASE_DUE_TO_CASH,216.0,-2.0,214.0,178,15881.0,15881.0,,10,13,0.0,0.0,False,8,110000.0
65,10,BUY_FROM_SHOP,CLERIC,gauntlet,SELL_TO_CUSTOMER,92,CLERIC,mace,1,64.15666666666667,1.0,False,MEDIUM_INTEREST,1270,1443,1443,1732,1559,1559,289,0.22755905511811023,2,BUYER_PURCHASES,214.0,0,214.0,179,15881.0,17440.0,1,9,13,0.0,0.0,False,8,110000.0
65,10,BUY_FROM_SHOP,WARRIOR,spear,SELL_TO_CUSTOMER,90,WARRIOR,one_handed_sword,3,78.615,1.0,False,HIGH_INTEREST,7329,12215,11715,14058,12301,12301,4972,0.6784008732432801,1,BUYER_PURCHASES,214.0,0.75,214.75,180,17440.0,29741.0,2,8,13,0.0,0.0,False,8,110000.0
65,10,SELL_TO_SHOP,GUNNER,,BUY_FROM_CUSTOMER,95,GUNNER,heavy_weapon,3,,,,,2573,2680,2680,3216,,,,,,SUCCESSFUL_PURCHASE,214.75,6.0,220.75,181,29741.0,27168.0,,9,13,0.0,0.0,False,8,110000.0
66,10,SELL_TO_SHOP,WARRIOR,,NONE,96,ARCHER,crossbow,1,,,,,,3600,3600,,,,,,,REJECTED_OVERPRICED,220.75,-2.0,218.75,181,27168.0,27168.0,,9,13,0.0,0.0,False,8,110000.0
66,10,BUY_FROM_SHOP,ARCHER,crossbow,SELL_TO_CUSTOMER,93,ARCHER,crossbow,4,75.245,1.0,True,HIGH_INTEREST,22548,25623,25623,30748,26904,26904,4356,0.19318786588610964,1,BUYER_PURCHASES,218.75,0.75,219.5,182,27168.0,54072.0,1,8,13,0.0,0.0,False,8,110000.0
66,10,BUY_FROM_SHOP,ARCHER,crossbow,NONE,,,,,32.87,0.0,False,,,,,,,,,,,NO_INTEREST,219.5,0.0,219.5,182,54072.0,54072.0,,8,13,0.0,0.0,False,8,110000.0
66,10,SELL_TO_SHOP,CLERIC,,BUY_FROM_CUSTOMER,96,CLERIC,mace,4,,,,,32323,40404,40404,48485,,,,,,SUCCESSFUL_PURCHASE,219.5,1.5,221.0,183,54072.0,21749.0,,9,13,0.0,0.0,False,8,110000.0
66,10,BUY_FROM_SHOP,CLERIC,staff,SELL_TO_CUSTOMER,96,CLERIC,mace,4,74.24875,1.0,False,HIGH_INTEREST,32323,40404,40404,48485,46061,46061,13738,0.4250224298487145,1,BUYER_PURCHASES,221.0,0.75,221.75,184,21749.0,67810.0,0,8,13,0.0,0.0,False,8,110000.0
66,10,BUY_FROM_SHOP,GUNNER,gun,NONE,95,GUNNER,heavy_weapon,3,65.15333333333334,1.0,False,MEDIUM_INTEREST,2573,2680,2680,3216,2680,,,,2,PRICE_NEGOTIATION_FAILURE,221.75,0.0,221.75,184,67810.0,67810.0,1,8,13,0.0,0.0,False,8,110000.0
66,10,SELL_TO_SHOP,CLERIC,,BUY_FROM_CUSTOMER,97,WARRIOR,one_handed_sword,1,,,,,2280,2850,2850,3420,,,,,,SUCCESSFUL_PURCHASE,221.75,1.5,223.25,185,67810.0,65530.0,,9,13,0.0,0.0,False,8,110000.0
66,10,BUY_FROM_SHOP,WARRIOR,greatsword,NONE,91,WARRIOR,one_handed_sword,1,41.75333333333334,0.0,False,LOW_INTEREST,1518,1725,1625,1950,1544,,,,3,PRICE_NEGOTIATION_FAILURE,223.25,0.0,223.25,185,65530.0,65530.0,3,9,13,0.0,0.0,False,8,110000.0
67,10,SELL_TO_SHOP,WARRIOR,,BUY_FROM_CUSTOMER,98,WARRIOR,spear,2,,,,,5742,5981,5981,7177,,,,,,SUCCESSFUL_PURCHASE,223.25,4.5,227.75,186,65530.0,59788.0,,10,13,0.0,0.0,False,8,110000.0
67,10,SELL_TO_SHOP,GUNNER,,NONE,99,GUNNER,heavy_weapon,4,,,,,,57900,57900,,,,,,,REJECTED_OVERPRICED,227.75,-2.0,225.75,186,59788.0,59788.0,,10,13,0.0,0.0,False,8,110000.0
67,10,SELL_TO_SHOP,ROGUE,,BUY_FROM_CUSTOMER,99,ARCHER,crossbow,1,,,,,2444,3055,3055,3666,,,,,,SUCCESSFUL_PURCHASE,225.75,1.5,227.25,187,59788.0,57344.0,,11,13,0.0,0.0,False,8,110000.0
67,10,SELL_TO_SHOP,ARCHER,,BUY_FROM_CUSTOMER,100,WARRIOR,axe,4,,,,,15600,19500,19500,23400,,,,,,SUCCESSFUL_PURCHASE,227.25,1.5,228.75,188,57344.0,41744.0,,12,13,0.0,0.0,False,8,110000.0
67,10,SELL_TO_SHOP,MAGE,,BUY_FROM_CUSTOMER,101,MAGE,staff,3,,,,,9087,15145,15145,18174,,,,,,SUCCESSFUL_PURCHASE,228.75,4.5,233.25,189,41744.0,32657.0,,13,13,0.0,0.0,False,8,110000.0
67,10,BUY_FROM_SHOP,MAGE,grimoire,NONE,94,MAGE,grimoire,2,46.51,0.25,True,LOW_INTEREST,1449,2415,2415,2898,2294,,,,3,PRICE_NEGOTIATION_FAILURE,233.25,0.0,233.25,189,32657.0,32657.0,2,13,13,0.0,0.0,False,8,110000.0
67,10,BUY_FROM_SHOP,MAGE,staff,SELL_TO_CUSTOMER,101,MAGE,staff,3,66.94625,0.16666666666666669,True,MEDIUM_INTEREST,9087,15145,15145,18174,15145,15145,6058,0.6666666666666666,2,BUYER_PURCHASES,233.25,0,233.25,190,32657.0,47802.0,0,12,13,0.0,0.0,False,8,110000.0
68,10,SELL_TO_SHOP,WARRIOR,,BUY_FROM_CUSTOMER,102,WARRIOR,one_handed_sword,1,,,,,3754,3754,3754,4505,,,,,,SUCCESSFUL_PURCHASE,233.25,1.5,234.75,191,47802.0,44048.0,,13,13,0.0,0.0,False,8,110000.0
68,10,BUY_FROM_SHOP,CLERIC,mace,NONE,,,,,,,,,,,,,,,,,,NO_COMPATIBLE_ITEM,234.75,0.0,234.75,191,44048.0,44048.0,,13,13,0.0,0.0,False,8,110000.0
68,10,BUY_FROM_SHOP,MAGE,wand,SELL_TO_CUSTOMER,94,MAGE,grimoire,2,69.14,1.0,False,MEDIUM_INTEREST,1449,2415,2415,2898,2536,2536,1087,0.7501725327812284,2,BUYER_PURCHASES,234.75,0,234.75,192,44048.0,46584.0,3,12,13,0.0,0.0,False,8,110000.0
68,10,SELL_TO_SHOP,ROGUE,,NONE,103,ROGUE,dagger,1,,,,,,4482,4482,,,,,,,REJECTED_SCAMMER,234.75,-5,229.75,192,46584.0,46584.0,,12,13,0.0,0.0,False,8,110000.0
68,10,SELL_TO_SHOP,ARCHER,,BUY_FROM_CUSTOMER,103,ARCHER,bow,3,,,,,10130,10552,10552,12662,,,,,,SUCCESSFUL_PURCHASE,229.75,4.5,234.25,193,46584.0,36454.0,,13,13,0.0,0.0,False,8,110000.0
68,10,BUY_FROM_SHOP,ROGUE,dagger,NONE,86,ROGUE,throwing_weapon,2,51.54875,0.5,False,LOW_INTEREST,3724,3724,3074,3689,3136,,,,3,PRICE_NEGOTIATION_FAILURE,234.25,0.0,234.25,193,36454.0,36454.0,8,13,13,0.0,0.0,False,8,110000.0
68,10,SELL_TO_SHOP,ARCHER,,BUY_FROM_CUSTOMER,104,ARCHER,crossbow,3,,,,,10632,12082,12082,14498,,,,,,SUCCESSFUL_PURCHASE,234.25,6.0,240.25,194,36454.0,822.0,,14,14,0.0,0.0,False,9,135000.0
68,10,SELL_TO_SHOP,ROGUE,,NONE,105,ROGUE,dagger,3,,,,,,7197,7197,,,,,,,INVENTORY_FULL,240.25,-2.0,238.25,194,822.0,822.0,,14,14,0.0,0.0,False,9,135000.0
69,10,SELL_TO_SHOP,WARRIOR,,NONE,105,WARRIOR,one_handed_sword,2,,,,,,3824,3824,,,,,,,INVENTORY_FULL,238.25,0.0,238.25,194,822.0,822.0,,14,14,0.0,0.0,False,9,135000.0
69,10,SELL_TO_SHOP,ARCHER,,NONE,105,ARCHER,bow,2,,,,,,7398,7398,,,,,,,INVENTORY_FULL,238.25,-2.0,236.25,194,822.0,822.0,,14,14,0.0,0.0,False,9,135000.0
69,10,SELL_TO_SHOP,GUNNER,,NONE,105,GUNNER,heavy_weapon,1,,,,,,1280,1280,,,,,,,INVENTORY_FULL,236.25,-2.0,234.25,194,822.0,822.0,,14,14,0.0,0.0,False,9,135000.0
69,10,BUY_FROM_SHOP,CLERIC,mace,NONE,,,,,,,,,,,,,,,,,,NO_COMPATIBLE_ITEM,234.25,0.0,234.25,194,822.0,822.0,,14,14,0.0,0.0,False,9,135000.0
69,10,SELL_TO_SHOP,CLERIC,,NONE,105,CLERIC,gauntlet,2,,,,,,3580,3580,,,,,,,INVENTORY_FULL,234.25,-2.0,232.25,194,822.0,822.0,,14,14,0.0,0.0,False,9,135000.0
69,10,BUY_FROM_SHOP,MAGE,wand,NONE,,,,,,,,,,,,,,,,,,NO_COMPATIBLE_ITEM,232.25,0.0,232.25,194,822.0,822.0,,14,14,0.0,0.0,False,9,135000.0
69,10,BUY_FROM_SHOP,ARCHER,bow,SELL_TO_CUSTOMER,103,ARCHER,bow,3,83.89166666666667,1.0,True,HIGH_INTEREST,10130,10552,10552,12662,12029,12029,1899,0.1874629812438302,1,BUYER_PURCHASES,232.25,0.75,233.0,195,822.0,12851.0,1,13,14,0.0,0.0,False,9,135000.0
69,10,BUY_FROM_SHOP,CLERIC,mace,NONE,,,,,,,,,,,,,,,,,,NO_COMPATIBLE_ITEM,233.0,0.0,233.0,195,12851.0,12851.0,,13,14,0.0,0.0,False,9,135000.0
70,10,BUY_FROM_SHOP,ROGUE,dagger,NONE,86,ROGUE,throwing_weapon,2,58.715,1.0,False,MEDIUM_INTEREST,3724,3724,3074,3689,3320,,,,2,PRICE_NEGOTIATION_FAILURE,233.0,0.0,233.0,195,12851.0,12851.0,10,13,14,0.0,0.0,False,9,135000.0
70,10,SELL_TO_SHOP,WARRIOR,,BUY_FROM_CUSTOMER,105,ROGUE,dagger,1,,,,,1056,1320,1320,1584,,,,,,SUCCESSFUL_PURCHASE,233.0,1.5,234.5,196,12851.0,11795.0,,14,14,0.0,0.0,False,9,135000.0
70,10,SELL_TO_SHOP,GUNNER,,NONE,106,GUNNER,gun,1,,,,,,1985,1985,,,,,,,INVENTORY_FULL,234.5,0.0,234.5,196,11795.0,11795.0,,14,14,0.0,0.0,False,9,135000.0
70,10,BUY_FROM_SHOP,WARRIOR,one_handed_sword,SELL_TO_CUSTOMER,100,WARRIOR,axe,4,66.25,1.0,False,MEDIUM_INTEREST,15600,19500,19500,23400,19500,19500,3900,0.25,2,BUYER_PURCHASES,234.5,0,234.5,197,11795.0,31295.0,3,13,14,0.0,0.0,False,9,135000.0
70,10,SELL_TO_SHOP,GUNNER,,NONE,106,ARCHER,crossbow,1,,,,,,2775,2775,,,,,,,REJECTED_OVERPRICED,234.5,-2.0,232.5,197,31295.0,31295.0,,13,14,0.0,0.0,False,9,135000.0
70,10,BUY_FROM_SHOP,CLERIC,gauntlet,NONE,,,,,,,,,,,,,,,,,,NO_COMPATIBLE_ITEM,232.5,0.0,232.5,197,31295.0,31295.0,,13,14,0.0,0.0,False,9,135000.0
70,10,BUY_FROM_SHOP,ARCHER,crossbow,SELL_TO_CUSTOMER,99,ARCHER,crossbow,1,79.55,1.0,True,HIGH_INTEREST,2444,3055,3055,3666,3208,3208,764,0.31260229132569556,1,BUYER_PURCHASES,232.5,0.75,233.25,198,31295.0,34503.0,3,12,14,0.0,0.0,False,9,135000.0
70,10,BUY_FROM_SHOP,WARRIOR,axe,SELL_TO_CUSTOMER,98,WARRIOR,spear,2,85.26166666666667,1.0,False,VERY_HIGH_INTEREST,5742,5981,5981,7177,6878,6878,1136,0.19784047370254268,0,BUYER_PURCHASES,233.25,1.5,234.75,199,34503.0,41381.0,3,11,14,0.0,0.0,False,9,135000.0
71,11,BUY_FROM_SHOP,ARCHER,bow,SELL_TO_CUSTOMER,104,ARCHER,crossbow,3,62.64625,1.0,False,MEDIUM_INTEREST,10632,12082,11333,13600,11333,11333,701,0.06593303235515426,2,BUYER_PURCHASES,234.75,0,234.75,200,21381.0,32714.0,3,10,14,0.0,0.0,False,9,135000.0
71,11,BUY_FROM_SHOP,ARCHER,bow,SELL_TO_CUSTOMER,83,ARCHER,bow,4,63.835,1.0,True,MEDIUM_INTEREST,1609,2925,3675,4410,3859,3859,2250,1.3983840894965818,2,BUYER_PURCHASES,234.75,0,234.75,201,32714.0,36573.0,13,9,14,0.0,0.0,False,9,135000.0
71,11,SELL_TO_SHOP,GUNNER,,BUY_FROM_CUSTOMER,106,GUNNER,heavy_weapon,2,,,,,4787,5440,5440,6528,,,,,,SUCCESSFUL_PURCHASE,234.75,6.0,240.75,202,36573.0,31786.0,,10,14,0.0,0.0,False,9,135000.0
71,11,SELL_TO_SHOP,MAGE,,BUY_FROM_CUSTOMER,107,WARRIOR,one_handed_sword,1,,,,,2178,2475,2475,2970,,,,,,SUCCESSFUL_PURCHASE,240.75,4.5,245.25,203,31786.0,29608.0,,11,14,0.0,0.0,False,9,135000.0
71,11,BUY_FROM_SHOP,CLERIC,staff,NONE,,,,,,,,,,,,,,,,,,NO_COMPATIBLE_ITEM,245.25,0.0,245.25,203,29608.0,29608.0,,11,14,0.0,0.0,False,9,135000.0
71,11,SELL_TO_SHOP,WARRIOR,,BUY_FROM_CUSTOMER,108,WARRIOR,axe,2,,,,,1680,3054,3054,3665,,,,,,SUCCESSFUL_PURCHASE,245.25,4.5,249.75,204,29608.0,27928.0,,12,14,0.0,0.0,False,9,135000.0
72,11,SELL_TO_SHOP,GUNNER,,NONE,109,GUNNER,gun,4,,,,,,60630,60630,,,,,,,MISSED_PURCHASE_DUE_TO_CASH,249.75,0.0,249.75,204,27928.0,27928.0,,12,14,0.0,0.0,False,9,135000.0
72,11,BUY_FROM_SHOP,GUNNER,heavy_weapon,SELL_TO_CUSTOMER,106,GUNNER,heavy_weapon,2,67.85666666666667,0.25,True,MEDIUM_INTEREST,4787,5440,5440,6528,5440,5440,653,0.13641111343221224,2,BUYER_PURCHASES,249.75,0,249.75,205,27928.0,33368.0,1,11,14,0.0,0.0,False,9,135000.0
72,11,BUY_FROM_SHOP,GUNNER,gun,NONE,95,GUNNER,heavy_weapon,3,42.01833333333333,0.0,False,LOW_INTEREST,2573,2680,1680,2016,1680,,,,3,PRICE_NEGOTIATION_FAILURE,249.75,0.0,249.75,205,33368.0,33368.0,7,11,14,0.0,0.0,False,9,135000.0
72,11,SELL_TO_SHOP,MAGE,,BUY_FROM_CUSTOMER,109,MAGE,wand,4,,,,,27183,27183,27183,32620,,,,,,SUCCESSFUL_PURCHASE,249.75,1.5,251.25,206,33368.0,6185.0,,12,14,0.0,0.0,False,9,135000.0
72,11,SELL_TO_SHOP,ARCHER,,NONE,110,ARCHER,bow,3,,,,,,22104,22104,,,,,,,MISSED_PURCHASE_DUE_TO_CASH,251.25,-2.0,249.25,206,6185.0,6185.0,,12,14,0.0,0.0,False,9,135000.0
72,11,SELL_TO_SHOP,MAGE,,BUY_FROM_CUSTOMER,110,MAGE,grimoire,2,,,,,3130,3130,3130,3756,,,,,,SUCCESSFUL_PURCHASE,249.25,1.5,250.75,207,6185.0,3055.0,,13,14,0.0,0.0,False,9,135000.0
72,11,BUY_FROM_SHOP,ROGUE,dagger,SELL_TO_CUSTOMER,105,ROGUE,dagger,1,75.35000000000001,1.0,True,HIGH_INTEREST,1056,1320,1520,1824,1733,1733,677,0.6410984848484849,1,BUYER_PURCHASES,250.75,0.5,251.25,208,3055.0,4788.0,2,12,14,0.0,0.0,False,9,135000.0
73,11,BUY_FROM_SHOP,ARCHER,crossbow,NONE,,,,,,,,,,,,,,,,,,NO_COMPATIBLE_ITEM,251.25,0.0,251.25,208,4788.0,4788.0,,12,14,0.0,0.0,False,9,135000.0
73,11,SELL_TO_SHOP,GUNNER,,NONE,111,GUNNER,heavy_weapon,2,,,,,,1432,1432,,,,,,,REJECTED_OVERPRICED,251.25,0.0,251.25,208,4788.0,4788.0,,12,14,0.0,0.0,False,9,135000.0
73,11,SELL_TO_SHOP,MAGE,,NONE,111,MAGE,grimoire,4,,,,,,20588,20588,,,,,,,MISSED_PURCHASE_DUE_TO_CASH,251.25,-2.0,249.25,208,4788.0,4788.0,,12,14,0.0,0.0,False,9,135000.0
73,11,SELL_TO_SHOP,ROGUE,,NONE,111,ROGUE,dagger,3,,,,,,24300,24300,,,,,,,MISSED_PURCHASE_DUE_TO_CASH,249.25,0.0,249.25,208,4788.0,4788.0,,12,14,0.0,0.0,False,9,135000.0
73,11,SELL_TO_SHOP,ARCHER,,BUY_FROM_CUSTOMER,111,ARCHER,bow,1,,,,,1134,2267,2267,2720,,,,,,SUCCESSFUL_PURCHASE,249.25,4.5,253.75,209,4788.0,3654.0,,13,14,0.0,0.0,False,9,135000.0
73,11,BUY_FROM_SHOP,MAGE,staff,NONE,109,MAGE,wand,4,63.18,1.0,False,MEDIUM_INTEREST,27183,27183,27183,32620,28542,,,,2,PRICE_NEGOTIATION_FAILURE,253.75,0.0,253.75,209,3654.0,3654.0,1,13,14,0.0,0.0,False,9,135000.0
73,11,BUY_FROM_SHOP,ARCHER,bow,SELL_TO_CUSTOMER,111,ARCHER,bow,1,82.1,1.0,True,HIGH_INTEREST,1134,2267,2267,2720,2494,2494,1360,1.199294532627866,1,BUYER_PURCHASES,253.75,0.5,254.25,210,3654.0,6148.0,0,12,14,0.0,0.0,False,9,135000.0
73,11,BUY_FROM_SHOP,CLERIC,gauntlet,NONE,,,,,,,,,,,,,,,,,,NO_COMPATIBLE_ITEM,254.25,0.0,254.25,210,6148.0,6148.0,,12,14,0.0,0.0,False,9,135000.0
74,11,SELL_TO_SHOP,ROGUE,,NONE,112,ROGUE,throwing_weapon,5,,,,,,94481,94481,,,,,,,MISSED_PURCHASE_DUE_TO_CASH,254.25,0.0,254.25,210,6148.0,6148.0,,12,14,0.0,0.0,False,9,135000.0
74,11,SELL_TO_SHOP,GUNNER,,BUY_FROM_CUSTOMER,112,MAGE,wand,1,,,,,720,1200,1200,1440,,,,,,SUCCESSFUL_PURCHASE,254.25,3.0,257.25,211,6148.0,5428.0,,13,14,0.0,0.0,False,9,135000.0
74,11,BUY_FROM_SHOP,WARRIOR,spear,SELL_TO_CUSTOMER,108,WARRIOR,axe,2,50.95666666666666,0.5,False,LOW_INTEREST,1680,3054,3054,3665,3054,3054,1374,0.8178571428571428,3,BUYER_PURCHASES,257.25,-1,256.25,212,5428.0,8482.0,3,12,14,0.0,0.0,False,9,135000.0
74,11,SELL_TO_SHOP,GUNNER,,NONE,113,GUNNER,heavy_weapon,5,,,,,,78050,78050,,,,,,,MISSED_PURCHASE_DUE_TO_CASH,256.25,0.0,256.25,212,8482.0,8482.0,,12,14,0.0,0.0,False,9,135000.0
74,11,SELL_TO_SHOP,GUNNER,,BUY_FROM_CUSTOMER,113,MAGE,grimoire,2,,,,,1890,3150,3150,3780,,,,,,SUCCESSFUL_PURCHASE,256.25,2.0,258.25,213,8482.0,6592.0,,13,14,0.0,0.0,False,9,135000.0
74,11,BUY_FROM_SHOP,CLERIC,gauntlet,NONE,,,,,,,,,,,,,,,,,,NO_COMPATIBLE_ITEM,258.25,0.0,258.25,213,6592.0,6592.0,,13,14,0.0,0.0,False,9,135000.0
75,11,SELL_TO_SHOP,GUNNER,,BUY_FROM_CUSTOMER,114,GUNNER,heavy_weapon,4,,,,,5062,6327,6327,7592,,,,,,SUCCESSFUL_PURCHASE,258.25,3.0,261.25,214,6592.0,1530.0,,14,14,0.0,0.0,False,9,135000.0
75,11,BUY_FROM_SHOP,CLERIC,mace,NONE,,,,,,,,,,,,,,,,,,NO_COMPATIBLE_ITEM,261.25,0.0,261.25,214,1530.0,1530.0,,14,14,0.0,0.0,False,9,135000.0
75,11,BUY_FROM_SHOP,MAGE,grimoire,NONE,110,MAGE,grimoire,2,68.24,0.5,True,MEDIUM_INTEREST,3130,3130,3130,3756,3130,,,,2,PRICE_NEGOTIATION_FAILURE,261.25,0.0,261.25,214,1530.0,1530.0,3,14,14,0.0,0.0,False,9,135000.0
75,11,SELL_TO_SHOP,ROGUE,,NONE,115,ROGUE,throwing_weapon,1,,,,,,4042,4042,,,,,,,INVENTORY_FULL,261.25,0.0,261.25,214,1530.0,1530.0,,14,14,0.0,0.0,False,9,135000.0
75,11,BUY_FROM_SHOP,CLERIC,mace,NONE,,,,,,,,,,,,,,,,,,NO_COMPATIBLE_ITEM,261.25,0.0,261.25,214,1530.0,1530.0,,14,14,0.0,0.0,False,9,135000.0
75,11,SELL_TO_SHOP,CLERIC,,NONE,115,CLERIC,mace,4,,,,,,38475,38475,,,,,,,REJECTED_OVERPRICED,261.25,0.0,261.25,214,1530.0,1530.0,,14,14,0.0,0.0,False,9,135000.0
75,11,BUY_FROM_SHOP,GUNNER,gun,NONE,95,GUNNER,heavy_weapon,3,47.25333333333333,0.0,False,LOW_INTEREST,2573,2680,1680,2016,1714,,,,3,PRICE_NEGOTIATION_FAILURE,261.25,0.0,261.25,214,1530.0,1530.0,10,14,14,0.0,0.0,False,9,135000.0
76,11,BUY_FROM_SHOP,ARCHER,bow,NONE,,,,,,,,,,,,,,,,,,NO_COMPATIBLE_ITEM,261.25,0.0,261.25,214,1530.0,1530.0,,14,14,0.0,0.0,False,9,135000.0
76,11,BUY_FROM_SHOP,GUNNER,heavy_weapon,NONE,95,GUNNER,heavy_weapon,3,51.615833333333335,0.16666666666666669,True,LOW_INTEREST,2573,2680,1680,2016,1714,,,,3,PRICE_NEGOTIATION_FAILURE,261.25,0.0,261.25,214,1530.0,1530.0,11,14,14,0.0,0.0,False,9,135000.0
76,11,BUY_FROM_SHOP,MAGE,staff,NONE,110,MAGE,grimoire,2,64.295,0.5,False,MEDIUM_INTEREST,3130,3130,3130,3756,3130,,,,2,PRICE_NEGOTIATION_FAILURE,261.25,0.0,261.25,214,1530.0,1530.0,4,14,14,0.0,0.0,False,9,135000.0
76,11,BUY_FROM_SHOP,CLERIC,staff,NONE,,,,,,,,,,,,,,,,,,NO_COMPATIBLE_ITEM,261.25,0.0,261.25,214,1530.0,1530.0,,14,14,0.0,0.0,False,9,135000.0
76,11,BUY_FROM_SHOP,GUNNER,gun,SELL_TO_CUSTOMER,114,GUNNER,heavy_weapon,4,74.66,1.0,False,HIGH_INTEREST,5062,6327,6327,7592,6643,6643,1581,0.31232714342157253,1,BUYER_PURCHASES,261.25,0.5,261.75,215,1530.0,8173.0,1,13,14,0.0,0.0,False,9,135000.0
76,11,SELL_TO_SHOP,GUNNER,,NONE,115,WARRIOR,spear,1,,,,,,1440,1440,,,,,,,REJECTED_OVERPRICED,261.75,0.0,261.75,215,8173.0,8173.0,,13,14,0.0,0.0,False,9,135000.0
76,11,SELL_TO_SHOP,ARCHER,,BUY_FROM_CUSTOMER,115,ARCHER,bow,2,,,,,4294,7156,7156,8587,,,,,,SUCCESSFUL_PURCHASE,261.75,3.0,264.75,216,8173.0,3879.0,,14,14,0.0,0.0,False,9,135000.0
77,11,SELL_TO_SHOP,WARRIOR,,NONE,116,WARRIOR,axe,4,,,,,,34188,34188,,,,,,,REJECTED_OVERPRICED,264.75,0.0,264.75,216,3879.0,3879.0,,14,14,0.0,0.0,False,9,135000.0
77,11,BUY_FROM_SHOP,CLERIC,gauntlet,NONE,,,,,,,,,,,,,,,,,,NO_COMPATIBLE_ITEM,264.75,0.0,264.75,216,3879.0,3879.0,,14,14,0.0,0.0,False,9,135000.0
77,11,BUY_FROM_SHOP,MAGE,wand,NONE,110,MAGE,grimoire,2,55.91,1.0,False,MEDIUM_INTEREST,3130,3130,3130,3756,3286,,,,2,PRICE_NEGOTIATION_FAILURE,264.75,0.0,264.75,216,3879.0,3879.0,5,14,14,0.0,0.0,False,9,135000.0
77,11,BUY_FROM_SHOP,GUNNER,gun,NONE,95,GUNNER,heavy_weapon,3,52.61833333333333,0.6,False,LOW_INTEREST,2573,2680,1680,2016,1714,,,,3,PRICE_NEGOTIATION_FAILURE,264.75,0.0,264.75,216,3879.0,3879.0,12,14,14,0.0,0.0,False,9,135000.0
77,11,SELL_TO_SHOP,GUNNER,,NONE,116,MAGE,staff,1,,,,,,3225,3225,,,,,,,INVENTORY_FULL,264.75,0.0,264.75,216,3879.0,3879.0,,14,14,0.0,0.0,False,9,135000.0
77,11,SELL_TO_SHOP,ARCHER,,NONE,116,ARCHER,bow,2,,,,,,6830,6830,,,,,,,INVENTORY_FULL,264.75,-2.0,262.75,216,3879.0,3879.0,,14,14,0.0,0.0,False,9,135000.0
77,11,SELL_TO_SHOP,GUNNER,,NONE,116,GUNNER,heavy_weapon,2,,,,,,7506,7506,,,,,,,INVENTORY_FULL,262.75,0.0,262.75,216,3879.0,3879.0,,14,14,0.0,0.0,False,9,135000.0
77,11,SELL_TO_SHOP,CLERIC,,NONE,116,CLERIC,staff,3,,,,,,10488,10488,,,,,,,INVENTORY_FULL,262.75,-2.0,260.75,216,3879.0,3879.0,,14,14,0.0,0.0,False,9,135000.0
78,12,SELL_TO_SHOP,CLERIC,,NONE,116,CLERIC,staff,1,,,,,,1707,1707,,,,,,,INVENTORY_FULL,260.75,-2.0,258.75,216,-18121.0,-18121.0,,14,14,0.0,0.0,True,9,135000.0
78,12,SELL_TO_SHOP,MAGE,,NONE,116,MAGE,grimoire,1,,,,,,2438,2438,,,,,,,INVENTORY_FULL,258.75,0.0,258.75,216,-18121.0,-18121.0,,14,14,0.0,0.0,True,9,135000.0
78,12,BUY_FROM_SHOP,WARRIOR,greatsword,NONE,102,WARRIOR,one_handed_sword,1,58.42666666666667,0.0,False,MEDIUM_INTEREST,3754,3754,3559,4271,3737,,,,2,PRICE_NEGOTIATION_FAILURE,258.75,0.0,258.75,216,-18121.0,-18121.0,10,14,14,0.0,0.0,True,9,135000.0
78,12,BUY_FROM_SHOP,CLERIC,staff,NONE,,,,,,,,,,,,,,,,,,NO_COMPATIBLE_ITEM,258.75,0.0,258.75,216,-18121.0,-18121.0,,14,14,0.0,0.0,True,9,135000.0
78,12,SELL_TO_SHOP,CLERIC,,NONE,116,WARRIOR,spear,5,,,,,,76125,76125,,,,,,,REJECTED_SCAMMER,258.75,-5,253.75,216,-18121.0,-18121.0,,14,14,0.0,0.0,True,9,135000.0
78,12,SELL_TO_SHOP,WARRIOR,,NONE,116,CLERIC,staff,4,,,,,,23661,23661,,,,,,,REJECTED_OVERPRICED,253.75,0.0,253.75,216,-18121.0,-18121.0,,14,14,0.0,0.0,True,9,135000.0
78,12,SELL_TO_SHOP,ROGUE,,NONE,116,ROGUE,throwing_weapon,4,,,,,,28688,28688,,,,,,,INVENTORY_FULL,253.75,0.0,253.75,216,-18121.0,-18121.0,,14,14,0.0,0.0,True,9,135000.0
79,12,BUY_FROM_SHOP,ROGUE,dagger,NONE,86,ROGUE,throwing_weapon,2,43.8975,0.25,False,LOW_INTEREST,3724,3724,3334,4001,3334,,,,3,PRICE_NEGOTIATION_FAILURE,253.75,0.0,253.75,216,-18121.0,-18121.0,19,14,14,0.0,0.0,True,9,135000.0
79,12,SELL_TO_SHOP,CLERIC,,NONE,116,CLERIC,gauntlet,2,,,,,,6176,6176,,,,,,,INVENTORY_FULL,253.75,-2.0,251.75,216,-18121.0,-18121.0,,14,14,0.0,0.0,True,9,135000.0
79,12,SELL_TO_SHOP,CLERIC,,NONE,116,ARCHER,crossbow,2,,,,,,2756,2756,,,,,,,INVENTORY_FULL,251.75,0.0,251.75,216,-18121.0,-18121.0,,14,14,0.0,0.0,True,9,135000.0
79,12,SELL_TO_SHOP,ARCHER,,NONE,116,ARCHER,crossbow,2,,,,,,7632,7632,,,,,,,INVENTORY_FULL,251.75,-2.0,249.75,216,-18121.0,-18121.0,,14,14,0.0,0.0,True,9,135000.0
79,12,BUY_FROM_SHOP,ARCHER,bow,SELL_TO_CUSTOMER,115,ARCHER,bow,2,67.335,0.5,True,MEDIUM_INTEREST,4294,7156,6056,7267,6359,6359,2065,0.4809035863996274,2,BUYER_PURCHASES,249.75,0,249.75,217,-18121.0,-11762.0,3,13,14,0.0,0.0,True,9,135000.0
79,12,BUY_FROM_SHOP,GUNNER,heavy_weapon,SELL_TO_CUSTOMER,95,GUNNER,heavy_weapon,3,41.45333333333333,0.0,True,LOW_INTEREST,2573,2680,3680,4416,3754,3754,1181,0.458997279440342,3,BUYER_PURCHASES,249.75,-1,248.75,218,-11762.0,-8008.0,14,12,14,0.0,0.0,True,9,135000.0
80,12,BUY_FROM_SHOP,MAGE,staff,NONE,110,MAGE,grimoire,2,63.17,0.5,False,MEDIUM_INTEREST,3130,3130,2930,3516,3076,,,,2,PRICE_NEGOTIATION_FAILURE,248.75,0.0,248.75,218,-8008.0,-8008.0,8,12,14,0.0,0.0,True,9,135000.0
80,12,BUY_FROM_SHOP,ROGUE,dagger,NONE,,,,,37.9475,0.5,False,,,,,,,,,,,NO_INTEREST,248.75,0.0,248.75,218,-8008.0,-8008.0,,12,14,0.0,0.0,True,9,135000.0
80,12,BUY_FROM_SHOP,ROGUE,dagger,NONE,,,,,37.215,0.0,False,,,,,,,,,,,NO_INTEREST,248.75,0.0,248.75,218,-8008.0,-8008.0,,12,14,0.0,0.0,True,9,135000.0
80,12,SELL_TO_SHOP,ROGUE,,NONE,116,WARRIOR,spear,3,,,,,,14300,14300,,,,,,,MISSED_PURCHASE_DUE_TO_CASH,248.75,0.0,248.75,218,-8008.0,-8008.0,,12,14,0.0,0.0,True,9,135000.0
80,12,SELL_TO_SHOP,ARCHER,,NONE,116,ARCHER,bow,3,,,,,,8678,8678,,,,,,,MISSED_PURCHASE_DUE_TO_CASH,248.75,0.0,248.75,218,-8008.0,-8008.0,,12,14,0.0,0.0,True,9,135000.0
80,12,BUY_FROM_SHOP,WARRIOR,axe,NONE,102,WARRIOR,one_handed_sword,1,51.76166666666667,0.0,False,LOW_INTEREST,3754,3754,3559,4271,3559,,,,3,PRICE_NEGOTIATION_FAILURE,248.75,0.0,248.75,218,-8008.0,-8008.0,12,12,14,0.0,0.0,True,9,135000.0
80,12,SELL_TO_SHOP,WARRIOR,,NONE,116,WARRIOR,spear,2,,,,,,4613,4613,,,,,,,MISSED_PURCHASE_DUE_TO_CASH,248.75,-2.0,246.75,218,-8008.0,-8008.0,,12,14,0.0,0.0,True,9,135000.0
81,12,BUY_FROM_SHOP,MAGE,grimoire,NONE,110,MAGE,grimoire,2,63.14,0.25,True,MEDIUM_INTEREST,3130,3130,2930,3516,3164,,,,2,PRICE_NEGOTIATION_FAILURE,246.75,0.0,246.75,218,-8008.0,-8008.0,9,12,14,0.0,0.0,True,9,135000.0
81,12,SELL_TO_SHOP,ARCHER,,NONE,116,ARCHER,crossbow,1,,,,,,500,500,,,,,,,MISSED_PURCHASE_DUE_TO_CASH,246.75,-2.0,244.75,218,-8008.0,-8008.0,,12,14,0.0,0.0,True,9,135000.0
81,12,SELL_TO_SHOP,CLERIC,,NONE,116,GUNNER,heavy_weapon,2,,,,,,2850,2850,,,,,,,MISSED_PURCHASE_DUE_TO_CASH,244.75,0.0,244.75,218,-8008.0,-8008.0,,12,14,0.0,0.0,True,9,135000.0
81,12,BUY_FROM_SHOP,WARRIOR,spear,SELL_TO_CUSTOMER,102,WARRIOR,one_handed_sword,1,89.22666666666666,1.0,False,VERY_HIGH_INTEREST,3754,3754,3559,4271,4093,4093,339,0.09030367607884923,0,BUYER_PURCHASES,244.75,1.5,246.25,219,-8008.0,-3915.0,13,11,14,0.0,0.0,True,9,135000.0
81,12,SELL_TO_SHOP,GUNNER,,NONE,116,GUNNER,heavy_weapon,3,,,,,,9075,9075,,,,,,,MISSED_PURCHASE_DUE_TO_CASH,246.25,0.0,246.25,219,-3915.0,-3915.0,,11,14,0.0,0.0,True,9,135000.0
81,12,SELL_TO_SHOP,ROGUE,,NONE,116,ROGUE,dagger,1,,,,,,2792,2792,,,,,,,MISSED_PURCHASE_DUE_TO_CASH,246.25,-2.0,244.25,219,-3915.0,-3915.0,,11,14,0.0,0.0,True,9,135000.0
81,12,BUY_FROM_SHOP,MAGE,grimoire,NONE,110,MAGE,grimoire,2,70.39,1.0,True,HIGH_INTEREST,3130,3130,2930,3516,3076,,,,1,PRICE_NEGOTIATION_FAILURE,244.25,0.0,244.25,219,-3915.0,-3915.0,9,11,14,0.0,0.0,True,9,135000.0
82,12,SELL_TO_SHOP,WARRIOR,,NONE,116,CLERIC,gauntlet,2,,,,,,5070,5070,,,,,,,REJECTED_OVERPRICED,244.25,0.0,244.25,219,-3915.0,-3915.0,,11,14,0.0,0.0,True,9,135000.0
82,12,SELL_TO_SHOP,CLERIC,,NONE,116,WARRIOR,spear,1,,,,,,1160,1160,,,,,,,MISSED_PURCHASE_DUE_TO_CASH,244.25,-2.0,242.25,219,-3915.0,-3915.0,,11,14,0.0,0.0,True,9,135000.0
82,12,BUY_FROM_SHOP,MAGE,wand,SELL_TO_CUSTOMER,112,MAGE,wand,1,61.25,1.0,True,MEDIUM_INTEREST,720,1200,1050,1260,1050,1050,330,0.4583333333333333,2,BUYER_PURCHASES,242.25,0,242.25,220,-3915.0,-2865.0,8,10,14,0.0,0.0,True,9,135000.0
82,12,BUY_FROM_SHOP,MAGE,wand,SELL_TO_CUSTOMER,110,MAGE,grimoire,2,76.36,1.0,False,HIGH_INTEREST,3130,3130,2930,3516,3340,3340,210,0.0670926517571885,1,BUYER_PURCHASES,242.25,0.75,243.0,221,-2865.0,475.0,10,9,14,0.0,0.0,False,9,135000.0
82,12,SELL_TO_SHOP,MAGE,,NONE,116,MAGE,staff,4,,,,,,15888,15888,,,,,,,REJECTED_OVERPRICED,243.0,-2.0,241.0,221,475.0,475.0,,9,14,0.0,0.0,False,9,135000.0
82,12,SELL_TO_SHOP,CLERIC,,NONE,116,CLERIC,mace,1,,,,,,3188,3188,,,,,,,MISSED_PURCHASE_DUE_TO_CASH,241.0,-2.0,239.0,221,475.0,475.0,,9,14,0.0,0.0,False,9,135000.0
82,12,BUY_FROM_SHOP,ARCHER,bow,NONE,,,,,,,,,,,,,,,,,,NO_COMPATIBLE_ITEM,239.0,0.0,239.0,221,475.0,475.0,,9,14,0.0,0.0,False,9,135000.0
82,12,BUY_FROM_SHOP,CLERIC,staff,NONE,,,,,,,,,,,,,,,,,,NO_COMPATIBLE_ITEM,239.0,0.0,239.0,221,475.0,475.0,,9,14,0.0,0.0,False,9,135000.0
83,12,SELL_TO_SHOP,ARCHER,,NONE,116,ARCHER,crossbow,1,,,,,,533,533,,,,,,,REJECTED_OVERPRICED,239.0,0.0,239.0,221,475.0,475.0,,9,14,0.0,0.0,False,9,135000.0
83,12,BUY_FROM_SHOP,CLERIC,gauntlet,NONE,,,,,,,,,,,,,,,,,,NO_COMPATIBLE_ITEM,239.0,0.0,239.0,221,475.0,475.0,,9,14,0.0,0.0,False,9,135000.0
83,12,SELL_TO_SHOP,MAGE,,NONE,116,ARCHER,bow,3,,,,,,9425,9425,,,,,,,MISSED_PURCHASE_DUE_TO_CASH,239.0,0.0,239.0,221,475.0,475.0,,9,14,0.0,0.0,False,9,135000.0
83,12,BUY_FROM_SHOP,MAGE,staff,NONE,109,MAGE,wand,4,63.18,1.0,False,MEDIUM_INTEREST,27183,27183,25233,30280,26495,,,,2,PRICE_NEGOTIATION_FAILURE,239.0,0.0,239.0,221,475.0,475.0,11,9,14,0.0,0.0,False,9,135000.0
83,12,BUY_FROM_SHOP,MAGE,wand,SELL_TO_CUSTOMER,113,MAGE,grimoire,2,61.75,1.0,False,MEDIUM_INTEREST,1890,3150,2850,3420,2992,2992,1102,0.5830687830687831,2,BUYER_PURCHASES,239.0,0,239.0,222,475.0,3467.0,9,8,14,0.0,0.0,False,9,135000.0
83,12,SELL_TO_SHOP,GUNNER,,BUY_FROM_CUSTOMER,116,GUNNER,gun,1,,,,,1384,1730,1730,2076,,,,,,SUCCESSFUL_PURCHASE,239.0,3.0,242.0,223,3467.0,2083.0,,9,14,0.0,0.0,False,9,135000.0
84,12,SELL_TO_SHOP,ROGUE,,NONE,117,ARCHER,crossbow,4,,,,,,55125,55125,,,,,,,MISSED_PURCHASE_DUE_TO_CASH,242.0,-2.0,240.0,223,2083.0,2083.0,,9,14,0.0,0.0,False,9,135000.0
84,12,SELL_TO_SHOP,MAGE,,NONE,117,MAGE,grimoire,1,,,,,,4392,4392,,,,,,,MISSED_PURCHASE_DUE_TO_CASH,240.0,-2.0,238.0,223,2083.0,2083.0,,9,14,0.0,0.0,False,9,135000.0
84,12,SELL_TO_SHOP,ARCHER,,NONE,117,GUNNER,gun,2,,,,,,4810,4810,,,,,,,MISSED_PURCHASE_DUE_TO_CASH,238.0,0.0,238.0,223,2083.0,2083.0,,9,14,0.0,0.0,False,9,135000.0
84,12,BUY_FROM_SHOP,MAGE,staff,NONE,,,,,29.28,0.0,False,,,,,,,,,,,NO_INTEREST,238.0,0.0,238.0,223,2083.0,2083.0,,9,14,0.0,0.0,False,9,135000.0
84,12,BUY_FROM_SHOP,MAGE,wand,SELL_TO_CUSTOMER,109,MAGE,wand,4,71.58,1.0,True,HIGH_INTEREST,27183,27183,25233,30280,28766,28766,1583,0.05823492624066512,1,BUYER_PURCHASES,238.0,0.75,238.75,224,2083.0,30849.0,12,8,14,0.0,0.0,False,9,135000.0
84,12,SELL_TO_SHOP,ROGUE,,BUY_FROM_CUSTOMER,117,ROGUE,throwing_weapon,2,,,,,1224,1530,1530,1836,,,,,,SUCCESSFUL_PURCHASE,238.75,1.5,240.25,225,30849.0,29625.0,,9,14,0.0,0.0,False,9,135000.0
84,12,BUY_FROM_SHOP,WARRIOR,spear,NONE,91,WARRIOR,one_handed_sword,1,78.81833333333334,1.0,False,HIGH_INTEREST,1518,1725,1475,1770,1549,,,,1,PRICE_NEGOTIATION_FAILURE,240.25,0.0,240.25,225,29625.0,29625.0,21,9,14,0.0,0.0,False,9,135000.0
84,12,BUY_FROM_SHOP,GUNNER,gun,NONE,,,,,37.4425,0.0,True,,,,,,,,,,,NO_INTEREST,240.25,0.0,240.25,225,29625.0,29625.0,,9,14,0.0,0.0,False,9,135000.0
