day,week,customer_role,guest_class,preferred_weapon_type,transaction_type,item_id,item_class,item_type,item_tier,buyer_fit_score,tier_fit,preference_match,fit_band,purchase_price,purchase_appraised_price,current_appraised_price,listing_price,buyer_offer_price,final_sale_price,gross_profit,margin_rate,haggle_count,outcome,reputation_before,reputation_delta,reputation_after,trade_count,cash_before,cash_after,days_in_inventory,inventory_count,inventory_capacity,debt,debt_remaining,cash_deficit,inventory_expansion_count,inventory_expansion_spending
1,1,SELL_TO_SHOP,WARRIOR,,BUY_FROM_CUSTOMER,1,WARRIOR,spear,2,,,,,12035,12035,12035,14442,,,,,,SUCCESSFUL_PURCHASE,0.0,2.0,2.0,1,100000.0,87965.0,,1,10,0.0,0.0,False,0,0.0
1,1,SELL_TO_SHOP,GUNNER,,BUY_FROM_CUSTOMER,2,GUNNER,gun,1,,,,,2391,2491,2491,2989,,,,,,SUCCESSFUL_PURCHASE,2.0,6.0,8.0,2,87965.0,85574.0,,2,10,0.0,0.0,False,0,0.0
1,1,SELL_TO_SHOP,WARRIOR,,BUY_FROM_CUSTOMER,3,WARRIOR,greatsword,1,,,,,1501,1501,1501,1801,,,,,,SUCCESSFUL_PURCHASE,8.0,2.0,10.0,3,85574.0,84073.0,,3,10,0.0,0.0,False,0,0.0
1,1,SELL_TO_SHOP,ROGUE,,NONE,4,MAGE,grimoire,1,,,,,,3055,3055,,,,,,,REJECTED_OVERPRICED,10.0,-2.0,8.0,3,84073.0,84073.0,,3,10,0.0,0.0,False,0,0.0
1,1,SELL_TO_SHOP,GUNNER,,NONE,4,GUNNER,heavy_weapon,1,,,,,,2172,2172,,,,,,,REJECTED_OVERPRICED,8.0,-2.0,6.0,3,84073.0,84073.0,,3,10,0.0,0.0,False,0,0.0
1,1,SELL_TO_SHOP,ARCHER,,BUY_FROM_CUSTOMER,4,ARCHER,bow,2,,,,,4914,5584,5584,6701,,,,,,SUCCESSFUL_PURCHASE,6.0,6.0,12.0,4,84073.0,79159.0,,4,10,0.0,0.0,False,0,0.0
1,1,SELL_TO_SHOP,MAGE,,NONE,5,MAGE,staff,1,,,,,,648,648,,,,,,,REJECTED_SCAMMER,12.0,-5,7.0,4,79159.0,79159.0,,4,10,0.0,0.0,False,0,0.0
1,1,SELL_TO_SHOP,ROGUE,,NONE,5,ROGUE,dagger,2,,,,,,1220,1220,,,,,,,REJECTED_OVERPRICED,7.0,-2.0,5.0,4,79159.0,79159.0,,4,10,0.0,0.0,False,0,0.0
2,1,BUY_FROM_SHOP,CLERIC,gauntlet,NONE,,,,,,,,,,,,,,,,,,NO_COMPATIBLE_ITEM,5.0,0.0,5.0,4,79159.0,79159.0,,4,10,0.0,0.0,False,0,0.0
2,1,SELL_TO_SHOP,GUNNER,,NONE,5,GUNNER,heavy_weapon,1,,,,,,3820,3820,,,,,,,REJECTED_SCAMMER,5.0,-5,0.0,4,79159.0,79159.0,,4,10,0.0,0.0,False,0,0.0
2,1,BUY_FROM_SHOP,WARRIOR,axe,NONE,3,WARRIOR,greatsword,1,61.88,1.0,False,MEDIUM_INTEREST,1501,1501,1501,1801,1501,,,,2,PRICE_NEGOTIATION_FAILURE,0.0,0.0,0.0,4,79159.0,79159.0,1,4,10,0.0,0.0,False,0,0.0
2,1,SELL_TO_SHOP,ROGUE,,NONE,5,ROGUE,dagger,1,,,,,,1179,1179,,,,,,,REJECTED_SCAMMER,0.0,-5,-5.0,4,79159.0,79159.0,,4,10,0.0,0.0,False,0,0.0
2,1,BUY_FROM_SHOP,CLERIC,gauntlet,NONE,,,,,,,,,,,,,,,,,,NO_COMPATIBLE_ITEM,-5.0,0.0,-5.0,4,79159.0,79159.0,,4,10,0.0,0.0,False,0,0.0
2,1,SELL_TO_SHOP,CLERIC,,BUY_FROM_CUSTOMER,5,CLERIC,mace,1,,,,,2036,2314,2314,2777,,,,,,SUCCESSFUL_PURCHASE,-5.0,6.0,1.0,5,79159.0,77123.0,,5,10,0.0,0.0,False,0,0.0
2,1,BUY_FROM_SHOP,MAGE,staff,NONE,,,,,,,,,,,,,,,,,,NO_COMPATIBLE_ITEM,1.0,0.0,1.0,5,77123.0,77123.0,,5,10,0.0,0.0,False,0,0.0
2,1,BUY_FROM_SHOP,WARRIOR,greatsword,SELL_TO_CUSTOMER,3,WARRIOR,greatsword,1,75.04875,1.0,True,HIGH_INTEREST,1501,1501,1501,1801,1651,1651,150,0.09993337774816789,1,BUYER_PURCHASES,1.0,1.0,2.0,6,77123.0,78774.0,1,4,10,0.0,0.0,False,0,0.0
3,1,BUY_FROM_SHOP,WARRIOR,spear,SELL_TO_CUSTOMER,1,WARRIOR,spear,2,78.18,0.5,True,HIGH_INTEREST,12035,12035,12035,14442,12637,12637,602,0.050020772746157044,1,BUYER_PURCHASES,2.0,1.0,3.0,7,78774.0,91411.0,2,3,10,0.0,0.0,False,0,0.0
3,1,SELL_TO_SHOP,WARRIOR,,NONE,6,CLERIC,mace,1,,,,,,3000,3000,,,,,,,REJECTED_OVERPRICED,3.0,-2.0,1.0,7,91411.0,91411.0,,3,10,0.0,0.0,False,0,0.0
3,1,SELL_TO_SHOP,CLERIC,,BUY_FROM_CUSTOMER,6,CLERIC,staff,1,,,,,554,630,630,756,,,,,,SUCCESSFUL_PURCHASE,1.0,4.0,5.0,8,91411.0,90857.0,,4,10,0.0,0.0,False,0,0.0
3,1,SELL_TO_SHOP,ROGUE,,BUY_FROM_CUSTOMER,7,ROGUE,throwing_weapon,2,,,,,6556,6829,6829,8195,,,,,,SUCCESSFUL_PURCHASE,5.0,6.0,11.0,9,90857.0,84301.0,,5,10,0.0,0.0,False,0,0.0
3,1,SELL_TO_SHOP,MAGE,,BUY_FROM_CUSTOMER,8,MAGE,grimoire,2,,,,,3817,4771,4771,5725,,,,,,SUCCESSFUL_PURCHASE,11.0,6.0,17.0,10,84301.0,80484.0,,6,10,0.0,0.0,False,0,0.0
3,1,SELL_TO_SHOP,GUNNER,,BUY_FROM_CUSTOMER,9,GUNNER,gun,1,,,,,1180,2361,2361,2833,,,,,,SUCCESSFUL_PURCHASE,17.0,0,17.0,11,80484.0,79304.0,,7,10,0.0,0.0,False,0,0.0
4,1,SELL_TO_SHOP,WARRIOR,,BUY_FROM_CUSTOMER,10,WARRIOR,one_handed_sword,1,,,,,1458,1519,1519,1823,,,,,,SUCCESSFUL_PURCHASE,17.0,6.0,23.0,12,79304.0,77846.0,,8,10,0.0,0.0,False,0,0.0
4,1,BUY_FROM_SHOP,CLERIC,staff,SELL_TO_CUSTOMER,6,CLERIC,staff,1,68.11333333333333,1.0,True,MEDIUM_INTEREST,554,630,630,756,630,630,76,0.1371841155234657,2,BUYER_PURCHASES,23.0,0,23.0,13,77846.0,78476.0,1,7,10,0.0,0.0,False,0,0.0
4,1,SELL_TO_SHOP,CLERIC,,BUY_FROM_CUSTOMER,11,CLERIC,gauntlet,1,,,,,1670,3340,3340,4008,,,,,,SUCCESSFUL_PURCHASE,23.0,2.0,25.0,14,78476.0,76806.0,,8,10,0.0,0.0,False,0,0.0
4,1,SELL_TO_SHOP,MAGE,,BUY_FROM_CUSTOMER,12,MAGE,grimoire,1,,,,,953,1083,1083,1300,,,,,,SUCCESSFUL_PURCHASE,25.0,6.0,31.0,15,76806.0,75853.0,,9,10,0.0,0.0,False,0,0.0
4,1,SELL_TO_SHOP,CLERIC,,BUY_FROM_CUSTOMER,13,CLERIC,gauntlet,1,,,,,2846,2965,2965,3558,,,,,,SUCCESSFUL_PURCHASE,31.0,4.0,35.0,16,75853.0,73007.0,,10,10,0.0,0.0,False,0,0.0
4,1,BUY_FROM_SHOP,WARRIOR,one_handed_sword,SELL_TO_CUSTOMER,10,WARRIOR,one_handed_sword,1,89.315,1.0,True,VERY_HIGH_INTEREST,1458,1519,1519,1823,1747,1747,289,0.19821673525377229,0,BUYER_PURCHASES,35.0,2.0,37.0,17,73007.0,74754.0,0,9,10,0.0,0.0,False,0,0.0
4,1,SELL_TO_SHOP,MAGE,,BUY_FROM_CUSTOMER,14,MAGE,staff,2,,,,,3102,3525,3525,4230,,,,,,SUCCESSFUL_PURCHASE,37.0,6.0,43.0,18,74754.0,71652.0,,10,10,0.0,0.0,False,0,0.0
5,1,BUY_FROM_SHOP,ARCHER,crossbow,SELL_TO_CUSTOMER,4,ARCHER,bow,2,71.6425,1.0,False,HIGH_INTEREST,4914,5584,5584,6701,6366,6366,1452,0.2954822954822955,1,BUYER_PURCHASES,43.0,1.0,44.0,19,71652.0,78018.0,4,9,10,0.0,0.0,False,0,0.0
5,1,SELL_TO_SHOP,CLERIC,,BUY_FROM_CUSTOMER,15,ARCHER,crossbow,1,,,,,1872,1950,1950,2340,,,,,,SUCCESSFUL_PURCHASE,44.0,8.0,52.0,20,78018.0,76146.0,,10,10,0.0,0.0,False,0,0.0
5,1,BUY_FROM_SHOP,GUNNER,gun,SELL_TO_CUSTOMER,2,GUNNER,gun,1,74.35666666666667,1.0,True,HIGH_INTEREST,2391,2491,2491,2989,2616,2616,225,0.09410288582183186,1,BUYER_PURCHASES,52.0,1.0,53.0,21,76146.0,78762.0,4,9,10,0.0,0.0,False,0,0.0
5,1,BUY_FROM_SHOP,ROGUE,throwing_weapon,NONE,7,ROGUE,throwing_weapon,2,61.88,0.5,True,MEDIUM_INTEREST,6556,6829,6829,8195,6829,,,,2,PRICE_NEGOTIATION_FAILURE,53.0,0.0,53.0,21,78762.0,78762.0,2,9,10,0.0,0.0,False,0,0.0
5,1,BUY_FROM_SHOP,ROGUE,throwing_weapon,NONE,7,ROGUE,throwing_weapon,2,49.2475,0.25,True,LOW_INTEREST,6556,6829,6829,8195,6488,,,,3,PRICE_NEGOTIATION_FAILURE,53.0,0.0,53.0,21,78762.0,78762.0,2,9,10,0.0,0.0,False,0,0.0
5,1,BUY_FROM_SHOP,CLERIC,gauntlet,SELL_TO_CUSTOMER,11,CLERIC,gauntlet,1,93.11333333333333,1.0,True,VERY_HIGH_INTEREST,1670,3340,3340,4008,4008,4008,2338,1.4,0,BUYER_PURCHASES,53.0,2.0,55.0,22,78762.0,82770.0,1,8,10,0.0,0.0,False,0,0.0
5,1,SELL_TO_SHOP,GUNNER,,BUY_FROM_CUSTOMER,16,GUNNER,gun,2,,,,,3439,3908,3908,4690,,,,,,SUCCESSFUL_PURCHASE,55.0,6.0,61.0,23,82770.0,79331.0,,9,10,0.0,0.0,False,0,0.0
6,1,BUY_FROM_SHOP,CLERIC,staff,SELL_TO_CUSTOMER,13,CLERIC,gauntlet,1,85.2,1.0,False,VERY_HIGH_INTEREST,2846,2965,2965,3558,3558,3558,712,0.2501756851721715,0,BUYER_PURCHASES,61.0,2.0,63.0,24,79331.0,82889.0,2,8,10,0.0,0.0,False,0,0.0
6,1,SELL_TO_SHOP,CLERIC,,BUY_FROM_CUSTOMER,17,CLERIC,gauntlet,2,,,,,5073,5284,5284,6341,,,,,,SUCCESSFUL_PURCHASE,63.0,6.0,69.0,25,82889.0,77816.0,,9,10,0.0,0.0,False,0,0.0
6,1,SELL_TO_SHOP,GUNNER,,BUY_FROM_CUSTOMER,18,GUNNER,heavy_weapon,1,,,,,1452,2903,2903,3484,,,,,,SUCCESSFUL_PURCHASE,69.0,4.0,73.0,26,77816.0,76364.0,,10,10,0.0,0.0,False,0,0.0
6,1,SELL_TO_SHOP,GUNNER,,BUY_FROM_CUSTOMER,19,GUNNER,heavy_weapon,1,,,,,1813,1813,1813,2176,,,,,,SUCCESSFUL_PURCHASE,73.0,4.0,77.0,27,76364.0,64551.0,,11,11,0.0,0.0,False,1,10000.0
6,1,BUY_FROM_SHOP,MAGE,wand,SELL_TO_CUSTOMER,12,MAGE,grimoire,1,67.1675,1.0,False,MEDIUM_INTEREST,953,1083,1083,1300,1083,1083,130,0.13641133263378805,2,BUYER_PURCHASES,77.0,0,77.0,28,64551.0,65634.0,2,10,11,0.0,0.0,False,1,10000.0
6,1,SELL_TO_SHOP,MAGE,,BUY_FROM_CUSTOMER,20,MAGE,grimoire,1,,,,,2293,2866,2866,3439,,,,,,SUCCESSFUL_PURCHASE,77.0,6.0,83.0,29,65634.0,63341.0,,11,11,0.0,0.0,False,1,10000.0
6,1,BUY_FROM_SHOP,MAGE,grimoire,SELL_TO_CUSTOMER,8,MAGE,grimoire,2,78.71833333333333,1.0,True,HIGH_INTEREST,3817,4771,4771,5725,5439,5439,1622,0.42494105318312814,1,BUYER_PURCHASES,83.0,1.0,84.0,30,63341.0,68780.0,3,10,11,0.0,0.0,False,1,10000.0
7,1,SELL_TO_SHOP,WARRIOR,,NONE,21,WARRIOR,axe,2,,,,,,6147,6147,,,,,,,REJECTED_OVERPRICED,84.0,-2.0,82.0,30,68780.0,68780.0,,10,11,0.0,0.0,False,1,10000.0
7,1,BUY_FROM_SHOP,CLERIC,gauntlet,SELL_TO_CUSTOMER,5,CLERIC,mace,1,79.2,1.0,False,HIGH_INTEREST,2036,2314,2314,2777,2545,2545,509,0.25,1,BUYER_PURCHASES,82.0,1.0,83.0,31,68780.0,71325.0,5,9,11,0.0,0.0,False,1,10000.0
7,1,BUY_FROM_SHOP,ARCHER,bow,NONE,15,ARCHER,crossbow,1,44.35,0.5,False,LOW_INTEREST,1872,1950,1950,2340,1950,,,,3,PRICE_NEGOTIATION_FAILURE,83.0,0.0,83.0,31,71325.0,71325.0,2,9,11,0.0,0.0,False,1,10000.0
7,1,BUY_FROM_SHOP,ROGUE,dagger,SELL_TO_CUSTOMER,7,ROGUE,throwing_weapon,2,70.5475,1.0,False,HIGH_INTEREST,6556,6829,6829,8195,7170,7170,614,0.09365466748017083,1,BUYER_PURCHASES,83.0,1.0,84.0,32,71325.0,78495.0,4,8,11,0.0,0.0,False,1,10000.0
7,1,BUY_FROM_SHOP,MAGE,grimoire,SELL_TO_CUSTOMER,20,MAGE,grimoire,1,81.4975,1.0,True,HIGH_INTEREST,2293,2866,2866,3439,3009,3009,716,0.3122546881814217,1,BUYER_PURCHASES,84.0,1.0,85.0,33,78495.0,81504.0,1,7,11,0.0,0.0,False,1,10000.0
7,1,SELL_TO_SHOP,CLERIC,,BUY_FROM_CUSTOMER,21,CLERIC,staff,4,,,,,10243,11640,11640,13968,,,,,,SUCCESSFUL_PURCHASE,85.0,6.0,91.0,34,81504.0,71261.0,,8,11,0.0,0.0,False,1,10000.0
7,1,BUY_FROM_SHOP,MAGE,staff,SELL_TO_CUSTOMER,14,MAGE,staff,2,57.413333333333334,0.25,True,MEDIUM_INTEREST,3102,3525,3525,4230,3701,3701,599,0.19310122501611862,2,BUYER_PURCHASES,91.0,0,91.0,35,71261.0,74962.0,3,7,11,0.0,0.0,False,1,10000.0
7,1,BUY_FROM_SHOP,ROGUE,dagger,NONE,,,,,,,,,,,,,,,,,,NO_COMPATIBLE_ITEM,91.0,0.0,91.0,35,74962.0,74962.0,,7,11,0.0,0.0,False,1,10000.0
8,2,SELL_TO_SHOP,MAGE,,NONE,22,MAGE,staff,1,,,,,,2548,2548,,,,,,,REJECTED_OVERPRICED,91.0,0.0,91.0,35,72962.0,72962.0,,7,11,0.0,0.0,False,1,10000.0
8,2,BUY_FROM_SHOP,WARRIOR,greatsword,NONE,,,,,,,,,,,,,,,,,,NO_COMPATIBLE_ITEM,91.0,0.0,91.0,35,72962.0,72962.0,,7,11,0.0,0.0,False,1,10000.0
8,2,BUY_FROM_SHOP,GUNNER,heavy_weapon,NONE,16,GUNNER,gun,2,69.095,1.0,False,MEDIUM_INTEREST,3439,3908,3258,3910,3258,,,,2,PRICE_NEGOTIATION_FAILURE,91.0,0.0,91.0,35,72962.0,72962.0,3,7,11,0.0,0.0,False,1,10000.0
8,2,SELL_TO_SHOP,WARRIOR,,BUY_FROM_CUSTOMER,22,WARRIOR,spear,1,,,,,1203,2187,2187,2624,,,,,,SUCCESSFUL_PURCHASE,91.0,6.0,97.0,36,72962.0,71759.0,,8,11,0.0,0.0,False,1,10000.0
8,2,BUY_FROM_SHOP,MAGE,wand,NONE,,,,,,,,,,,,,,,,,,NO_COMPATIBLE_ITEM,97.0,0.0,97.0,36,71759.0,71759.0,,8,11,0.0,0.0,False,1,10000.0
8,2,BUY_FROM_SHOP,ARCHER,crossbow,SELL_TO_CUSTOMER,15,ARCHER,crossbow,1,60.55,1.0,True,MEDIUM_INTEREST,1872,1950,2470,2964,2668,2668,796,0.4252136752136752,2,BUYER_PURCHASES,97.0,0,97.0,37,71759.0,74427.0,3,7,11,0.0,0.0,False,1,10000.0
8,2,BUY_FROM_SHOP,ARCHER,crossbow,NONE,,,,,,,,,,,,,,,,,,NO_COMPATIBLE_ITEM,97.0,0.0,97.0,37,74427.0,74427.0,,7,11,0.0,0.0,False,1,10000.0
9,2,BUY_FROM_SHOP,ROGUE,throwing_weapon,NONE,,,,,,,,,,,,,,,,,,NO_COMPATIBLE_ITEM,97.0,0.0,97.0,37,74427.0,74427.0,,7,11,0.0,0.0,False,1,10000.0
9,2,BUY_FROM_SHOP,ROGUE,throwing_weapon,NONE,,,,,,,,,,,,,,,,,,NO_COMPATIBLE_ITEM,97.0,0.0,97.0,37,74427.0,74427.0,,7,11,0.0,0.0,False,1,10000.0
9,2,SELL_TO_SHOP,GUNNER,,BUY_FROM_CUSTOMER,23,GUNNER,heavy_weapon,2,,,,,2096,2382,2382,2858,,,,,,SUCCESSFUL_PURCHASE,97.0,4.0,101.0,38,74427.0,72331.0,,8,11,0.0,0.0,False,1,10000.0
9,2,SELL_TO_SHOP,ARCHER,,BUY_FROM_CUSTOMER,24,ARCHER,bow,2,,,,,8276,8621,8621,10345,,,,,,SUCCESSFUL_PURCHASE,101.0,4.5,105.5,39,72331.0,64055.0,,9,11,0.0,0.0,False,1,10000.0
9,2,BUY_FROM_SHOP,ARCHER,bow,NONE,24,ARCHER,bow,2,67.335,0.5,True,MEDIUM_INTEREST,8276,8621,8621,10345,8621,,,,2,PRICE_NEGOTIATION_FAILURE,105.5,0.0,105.5,39,64055.0,64055.0,0,9,11,0.0,0.0,False,1,10000.0
9,2,BUY_FROM_SHOP,GUNNER,heavy_weapon,SELL_TO_CUSTOMER,18,GUNNER,heavy_weapon,1,80.745,1.0,True,HIGH_INTEREST,1452,2903,2653,3184,3025,3025,1573,1.0833333333333333,1,BUYER_PURCHASES,105.5,0.75,106.25,40,64055.0,67080.0,3,8,11,0.0,0.0,False,1,10000.0
9,2,SELL_TO_SHOP,CLERIC,,BUY_FROM_CUSTOMER,25,CLERIC,staff,4,,,,,20093,33488,33488,40186,,,,,,SUCCESSFUL_PURCHASE,106.25,4.5,110.75,41,67080.0,46987.0,,9,11,0.0,0.0,False,1,10000.0
10,2,SELL_TO_SHOP,CLERIC,,NONE,26,CLERIC,gauntlet,1,,,,,,3954,3954,,,,,,,REJECTED_OVERPRICED,110.75,0.0,110.75,41,46987.0,46987.0,,9,11,0.0,0.0,False,1,10000.0
10,2,SELL_TO_SHOP,ROGUE,,BUY_FROM_CUSTOMER,26,ROGUE,dagger,2,,,,,1136,2065,2065,2478,,,,,,SUCCESSFUL_PURCHASE,110.75,3.0,113.75,42,46987.0,45851.0,,10,11,0.0,0.0,False,1,10000.0
10,2,SELL_TO_SHOP,WARRIOR,,NONE,27,WARRIOR,axe,2,,,,,,1800,1800,,,,,,,REJECTED_OVERPRICED,113.75,0.0,113.75,42,45851.0,45851.0,,10,11,0.0,0.0,False,1,10000.0
10,2,SELL_TO_SHOP,ARCHER,,BUY_FROM_CUSTOMER,27,ARCHER,crossbow,2,,,,,1747,3176,3176,3811,,,,,,SUCCESSFUL_PURCHASE,113.75,4.5,118.25,43,45851.0,44104.0,,11,11,0.0,0.0,False,1,10000.0
10,2,BUY_FROM_SHOP,GUNNER,gun,NONE,9,GUNNER,gun,1,51.045,0.0,True,LOW_INTEREST,1180,2361,2111,2533,2005,,,,3,PRICE_NEGOTIATION_FAILURE,118.25,0.0,118.25,43,44104.0,44104.0,7,11,11,0.0,0.0,False,1,10000.0
10,2,BUY_FROM_SHOP,ARCHER,crossbow,NONE,24,ARCHER,bow,2,69.735,0.5,False,MEDIUM_INTEREST,8276,8621,8621,10345,8621,,,,2,PRICE_NEGOTIATION_FAILURE,118.25,0.0,118.25,43,44104.0,44104.0,1,11,11,0.0,0.0,False,1,10000.0
10,2,SELL_TO_SHOP,CLERIC,,BUY_FROM_CUSTOMER,28,CLERIC,mace,2,,,,,2896,2896,2896,3475,,,,,,SUCCESSFUL_PURCHASE,118.25,1.5,119.75,44,44104.0,31208.0,,12,12,0.0,0.0,False,2,20000.0
11,2,SELL_TO_SHOP,GUNNER,,BUY_FROM_CUSTOMER,29,CLERIC,staff,3,,,,,9450,15750,15750,18900,,,,,,SUCCESSFUL_PURCHASE,119.75,4.5,124.25,45,31208.0,11758.0,,13,13,0.0,0.0,False,3,30000.0
11,2,BUY_FROM_SHOP,MAGE,staff,NONE,,,,,,,,,,,,,,,,,,NO_COMPATIBLE_ITEM,124.25,0.0,124.25,45,11758.0,11758.0,,13,13,0.0,0.0,False,3,30000.0
11,2,BUY_FROM_SHOP,WARRIOR,spear,SELL_TO_CUSTOMER,22,WARRIOR,spear,1,53.541666666666664,0.0,True,LOW_INTEREST,1203,2187,2187,2624,2230,2230,1027,0.8536990856192851,3,BUYER_PURCHASES,124.25,-1,123.25,46,11758.0,13988.0,3,12,13,0.0,0.0,False,3,30000.0
11,2,BUY_FROM_SHOP,WARRIOR,spear,NONE,,,,,,,,,,,,,,,,,,NO_COMPATIBLE_ITEM,123.25,0.0,123.25,46,13988.0,13988.0,,12,13,0.0,0.0,False,3,30000.0
11,2,BUY_FROM_SHOP,CLERIC,mace,SELL_TO_CUSTOMER,25,CLERIC,staff,4,69.94,1.0,False,MEDIUM_INTEREST,20093,33488,33488,40186,35162,35162,15069,0.7499626735679092,2,BUYER_PURCHASES,123.25,0,123.25,47,13988.0,49150.0,2,11,13,0.0,0.0,False,3,30000.0
11,2,SELL_TO_SHOP,WARRIOR,,BUY_FROM_CUSTOMER,30,WARRIOR,one_handed_sword,1,,,,,1972,1972,1972,2366,,,,,,SUCCESSFUL_PURCHASE,123.25,0,123.25,48,49150.0,47178.0,,12,13,0.0,0.0,False,3,30000.0
11,2,SELL_TO_SHOP,ARCHER,,NONE,31,ARCHER,crossbow,3,,,,,,10494,10494,,,,,,,REJECTED_SCAMMER,123.25,-5,118.25,48,47178.0,47178.0,,12,13,0.0,0.0,False,3,30000.0
12,2,SELL_TO_SHOP,ARCHER,,BUY_FROM_CUSTOMER,31,ARCHER,crossbow,1,,,,,1692,1763,1763,2116,,,,,,SUCCESSFUL_PURCHASE,118.25,3.0,121.25,49,47178.0,45486.0,,13,13,0.0,0.0,False,3,30000.0
12,2,BUY_FROM_SHOP,CLERIC,staff,NONE,28,CLERIC,mace,2,43.64,0.25,False,LOW_INTEREST,2896,2896,2896,3475,2954,,,,3,PRICE_NEGOTIATION_FAILURE,121.25,0.0,121.25,49,45486.0,45486.0,2,13,13,0.0,0.0,False,3,30000.0
12,2,SELL_TO_SHOP,CLERIC,,BUY_FROM_CUSTOMER,32,CLERIC,staff,2,,,,,1315,2192,2192,2630,,,,,,SUCCESSFUL_PURCHASE,121.25,3.0,124.25,50,45486.0,34171.0,,14,14,0.0,0.0,False,4,40000.0
12,2,SELL_TO_SHOP,GUNNER,,BUY_FROM_CUSTOMER,33,GUNNER,gun,1,,,,,946,1182,1182,1418,,,,,,SUCCESSFUL_PURCHASE,124.25,4.5,128.75,51,34171.0,23225.0,,15,15,0.0,0.0,False,5,50000.0
12,2,SELL_TO_SHOP,WARRIOR,,BUY_FROM_CUSTOMER,34,WARRIOR,spear,1,,,,,6502,6773,6773,8128,,,,,,SUCCESSFUL_PURCHASE,128.75,4.5,133.25,52,23225.0,6723.0,,16,16,0.0,0.0,False,6,60000.0
12,2,BUY_FROM_SHOP,MAGE,grimoire,NONE,,,,,,,,,,,,,,,,,,NO_COMPATIBLE_ITEM,133.25,0.0,133.25,52,6723.0,6723.0,,16,16,0.0,0.0,False,6,60000.0
12,2,BUY_FROM_SHOP,ROGUE,dagger,SELL_TO_CUSTOMER,26,ROGUE,dagger,2,63.89,0.5,True,MEDIUM_INTEREST,1136,2065,2065,2478,2065,2065,929,0.8177816901408451,2,BUYER_PURCHASES,133.25,0,133.25,53,6723.0,8788.0,2,15,16,0.0,0.0,False,6,60000.0
12,2,SELL_TO_SHOP,ROGUE,,BUY_FROM_CUSTOMER,35,ROGUE,throwing_weapon,1,,,,,937,1065,1065,1278,,,,,,SUCCESSFUL_PURCHASE,133.25,4.5,137.75,54,8788.0,7851.0,,16,16,0.0,0.0,False,6,60000.0
13,2,SELL_TO_SHOP,WARRIOR,,NONE,36,WARRIOR,spear,1,,,,,,1402,1402,,,,,,,INVENTORY_FULL,137.75,0.0,137.75,54,7851.0,7851.0,,16,16,0.0,0.0,False,6,60000.0
13,2,SELL_TO_SHOP,GUNNER,,NONE,36,GUNNER,gun,4,,,,,,14340,14340,,,,,,,INVENTORY_FULL,137.75,-2.0,135.75,54,7851.0,7851.0,,16,16,0.0,0.0,False,6,60000.0
13,2,BUY_FROM_SHOP,CLERIC,gauntlet,SELL_TO_CUSTOMER,17,CLERIC,gauntlet,2,70.07,1.0,True,HIGH_INTEREST,5073,5284,5284,6341,5812,5812,739,0.14567317169327815,1,BUYER_PURCHASES,135.75,0.75,136.5,55,7851.0,13663.0,7,15,16,0.0,0.0,False,6,60000.0
13,2,BUY_FROM_SHOP,GUNNER,heavy_weapon,NONE,19,GUNNER,heavy_weapon,1,79.31,1.0,True,HIGH_INTEREST,1813,1813,1613,1936,1694,,,,1,PRICE_NEGOTIATION_FAILURE,136.5,0.0,136.5,55,13663.0,13663.0,7,15,16,0.0,0.0,False,6,60000.0
13,2,BUY_FROM_SHOP,GUNNER,heavy_weapon,SELL_TO_CUSTOMER,23,GUNNER,heavy_weapon,2,67.145,1.0,True,MEDIUM_INTEREST,2096,2382,2382,2858,2501,2501,405,0.19322519083969467,2,BUYER_PURCHASES,136.5,0,136.5,56,13663.0,16164.0,4,14,16,0.0,0.0,False,6,60000.0
13,2,SELL_TO_SHOP,CLERIC,,BUY_FROM_CUSTOMER,36,CLERIC,mace,3,,,,,5049,5738,5738,6886,,,,,,SUCCESSFUL_PURCHASE,136.5,6.0,142.5,57,16164.0,11115.0,,15,16,0.0,0.0,False,6,60000.0
13,2,SELL_TO_SHOP,CLERIC,,NONE,37,CLERIC,mace,1,,,,,,1348,1348,,,,,,,REJECTED_OVERPRICED,142.5,0.0,142.5,57,11115.0,11115.0,,15,16,0.0,0.0,False,6,60000.0
14,2,BUY_FROM_SHOP,ARCHER,bow,NONE,24,ARCHER,bow,2,60.5,0.25,True,MEDIUM_INTEREST,8276,8621,8621,10345,8621,,,,2,PRICE_NEGOTIATION_FAILURE,142.5,0.0,142.5,57,11115.0,11115.0,5,15,16,0.0,0.0,False,6,60000.0
14,2,BUY_FROM_SHOP,MAGE,grimoire,NONE,,,,,,,,,,,,,,,,,,NO_COMPATIBLE_ITEM,142.5,0.0,142.5,57,11115.0,11115.0,,15,16,0.0,0.0,False,6,60000.0
14,2,SELL_TO_SHOP,CLERIC,,BUY_FROM_CUSTOMER,37,CLERIC,mace,1,,,,,1477,2685,2685,3222,,,,,,SUCCESSFUL_PURCHASE,142.5,4.5,147.0,58,11115.0,9638.0,,16,16,0.0,0.0,False,6,60000.0
14,2,BUY_FROM_SHOP,ARCHER,bow,SELL_TO_CUSTOMER,24,ARCHER,bow,2,73.2675,0.5,True,HIGH_INTEREST,8276,8621,8621,10345,9483,9483,1207,0.1458434026099565,1,BUYER_PURCHASES,147.0,0.75,147.75,59,9638.0,19121.0,5,15,16,0.0,0.0,False,6,60000.0
14,2,SELL_TO_SHOP,CLERIC,,BUY_FROM_CUSTOMER,38,CLERIC,gauntlet,1,,,,,1730,3146,3146,3775,,,,,,SUCCESSFUL_PURCHASE,147.75,4.5,152.25,60,19121.0,17391.0,,16,16,0.0,0.0,False,6,60000.0
14,2,SELL_TO_SHOP,ARCHER,,BUY_FROM_CUSTOMER,39,ARCHER,crossbow,1,,,,,1803,3279,3279,3935,,,,,,SUCCESSFUL_PURCHASE,152.25,4.5,156.75,61,17391.0,5588.0,,17,17,0.0,0.0,False,7,70000.0
14,2,SELL_TO_SHOP,GUNNER,,NONE,40,GUNNER,heavy_weapon,4,,,,,,14160,14160,,,,,,,INVENTORY_FULL,156.75,0.0,156.75,61,5588.0,5588.0,,17,17,0.0,0.0,False,7,70000.0
15,3,SELL_TO_SHOP,GUNNER,,NONE,40,GUNNER,heavy_weapon,1,,,,,,2314,2314,,,,,,,INVENTORY_FULL,156.75,-2.0,154.75,61,1588.0,1588.0,,17,17,0.0,0.0,False,7,70000.0
15,3,SELL_TO_SHOP,GUNNER,,NONE,40,GUNNER,gun,3,,,,,,11748,11748,,,,,,,INVENTORY_FULL,154.75,-2.0,152.75,61,1588.0,1588.0,,17,17,0.0,0.0,False,7,70000.0
15,3,BUY_FROM_SHOP,ARCHER,bow,SELL_TO_CUSTOMER,39,ARCHER,crossbow,1,84.2925,1.0,False,HIGH_INTEREST,1803,3279,3279,3935,3738,3738,1935,1.0732113144758735,1,BUYER_PURCHASES,152.75,0.75,153.5,62,1588.0,5326.0,1,16,17,0.0,0.0,False,7,70000.0
15,3,SELL_TO_SHOP,CLERIC,,NONE,40,CLERIC,staff,1,,,,,,6990,6990,,,,,,,MISSED_PURCHASE_DUE_TO_CASH,153.5,-2.0,151.5,62,5326.0,5326.0,,16,17,0.0,0.0,False,7,70000.0
15,3,SELL_TO_SHOP,MAGE,,BUY_FROM_CUSTOMER,40,MAGE,wand,2,,,,,722,820,820,984,,,,,,SUCCESSFUL_PURCHASE,151.5,4.5,156.0,63,5326.0,4604.0,,17,17,0.0,0.0,False,7,70000.0
15,3,BUY_FROM_SHOP,CLERIC,gauntlet,SELL_TO_CUSTOMER,36,CLERIC,mace,3,71.645,1.0,False,HIGH_INTEREST,5049,5738,5738,6886,6312,6312,1263,0.2501485442661913,1,BUYER_PURCHASES,156.0,0.75,156.75,64,4604.0,10916.0,2,16,17,0.0,0.0,False,7,70000.0
15,3,SELL_TO_SHOP,ROGUE,,NONE,41,ROGUE,dagger,2,,,,,,2934,2934,,,,,,,REJECTED_OVERPRICED,156.75,0.0,156.75,64,10916.0,10916.0,,16,17,0.0,0.0,False,7,70000.0
16,3,BUY_FROM_SHOP,WARRIOR,axe,NONE,34,WARRIOR,spear,1,71.59625,0.5,False,HIGH_INTEREST,6502,6773,6133,7360,6746,,,,1,PRICE_NEGOTIATION_FAILURE,156.75,0.0,156.75,64,10916.0,10916.0,4,16,17,0.0,0.0,False,7,70000.0
16,3,SELL_TO_SHOP,ROGUE,,NONE,41,ROGUE,throwing_weapon,3,,,,,,12965,12965,,,,,,,MISSED_PURCHASE_DUE_TO_CASH,156.75,-2.0,154.75,64,10916.0,10916.0,,16,17,0.0,0.0,False,7,70000.0
16,3,BUY_FROM_SHOP,MAGE,staff,SELL_TO_CUSTOMER,40,MAGE,wand,2,48.81,0.5,False,LOW_INTEREST,722,820,820,984,836,836,114,0.15789473684210525,3,BUYER_PURCHASES,154.75,-1,153.75,65,10916.0,11752.0,1,15,17,0.0,0.0,False,7,70000.0
16,3,BUY_FROM_SHOP,CLERIC,mace,SELL_TO_CUSTOMER,28,CLERIC,mace,2,85.5425,1.0,True,VERY_HIGH_INTEREST,2896,2896,2896,3475,3475,3475,579,0.19993093922651933,0,BUYER_PURCHASES,153.75,1.5,155.25,66,11752.0,15227.0,6,14,17,0.0,0.0,False,7,70000.0
16,3,SELL_TO_SHOP,ROGUE,,BUY_FROM_CUSTOMER,41,ROGUE,dagger,1,,,,,4641,4834,4834,5801,,,,,,SUCCESSFUL_PURCHASE,155.25,4.5,159.75,67,15227.0,10586.0,,15,17,0.0,0.0,False,7,70000.0
16,3,BUY_FROM_SHOP,CLERIC,staff,SELL_TO_CUSTOMER,32,CLERIC,staff,2,74.88,1.0,True,HIGH_INTEREST,1315,2192,2192,2630,2411,2411,1096,0.8334600760456273,1,BUYER_PURCHASES,159.75,0.75,160.5,68,10586.0,12997.0,4,14,17,0.0,0.0,False,7,70000.0
16,3,SELL_TO_SHOP,ROGUE,,BUY_FROM_CUSTOMER,42,ROGUE,throwing_weapon,1,,,,,1144,2288,2288,2746,,,,,,SUCCESSFUL_PURCHASE,160.5,1.5,162.0,69,12997.0,11853.0,,15,17,0.0,0.0,False,7,70000.0
16,3,SELL_TO_SHOP,GUNNER,,BUY_FROM_CUSTOMER,43,GUNNER,gun,3,,,,,5247,9540,9540,11448,,,,,,SUCCESSFUL_PURCHASE,162.0,4.5,166.5,70,11853.0,6606.0,,16,17,0.0,0.0,False,7,70000.0
17,3,BUY_FROM_SHOP,CLERIC,gauntlet,SELL_TO_CUSTOMER,38,CLERIC,gauntlet,1,88.95,1.0,True,VERY_HIGH_INTEREST,1730,3146,3146,3775,3775,3775,2045,1.1820809248554913,0,BUYER_PURCHASES,166.5,1.5,168.0,71,6606.0,10381.0,3,15,17,0.0,0.0,False,7,70000.0
17,3,BUY_FROM_SHOP,ARCHER,bow,SELL_TO_CUSTOMER,31,ARCHER,crossbow,1,63.47,1.0,False,MEDIUM_INTEREST,1692,1763,1763,2116,1904,1904,212,0.12529550827423167,2,BUYER_PURCHASES,168.0,0,168.0,72,10381.0,12285.0,5,14,17,0.0,0.0,False,7,70000.0
17,3,SELL_TO_SHOP,WARRIOR,,BUY_FROM_CUSTOMER,44,WARRIOR,greatsword,1,,,,,4526,7544,7544,9053,,,,,,SUCCESSFUL_PURCHASE,168.0,4.5,172.5,73,12285.0,7759.0,,15,17,0.0,0.0,False,7,70000.0
17,3,SELL_TO_SHOP,CLERIC,,NONE,45,CLERIC,staff,3,,,,,,9210,9210,,,,,,,MISSED_PURCHASE_DUE_TO_CASH,172.5,0.0,172.5,73,7759.0,7759.0,,15,17,0.0,0.0,False,7,70000.0
17,3,BUY_FROM_SHOP,CLERIC,mace,SELL_TO_CUSTOMER,37,CLERIC,mace,1,84.10000000000001,1.0,True,HIGH_INTEREST,1477,2685,2685,3222,3061,3061,1584,1.072444143534191,1,BUYER_PURCHASES,172.5,0.75,173.25,74,7759.0,10820.0,3,14,17,0.0,0.0,False,7,70000.0
17,3,BUY_FROM_SHOP,GUNNER,gun,SELL_TO_CUSTOMER,9,GUNNER,gun,1,71.04625,1.0,True,HIGH_INTEREST,1180,2361,2511,3013,2637,2637,1457,1.2347457627118643,1,BUYER_PURCHASES,173.25,0.75,174.0,75,10820.0,13457.0,14,13,17,0.0,0.0,False,7,70000.0
17,3,BUY_FROM_SHOP,GUNNER,heavy_weapon,SELL_TO_CUSTOMER,43,GUNNER,gun,3,61.31,0.6,False,MEDIUM_INTEREST,5247,9540,9540,11448,9540,9540,4293,0.8181818181818182,2,BUYER_PURCHASES,174.0,0,174.0,76,13457.0,22997.0,1,12,17,0.0,0.0,False,7,70000.0
18,3,SELL_TO_SHOP,ARCHER,,NONE,45,GUNNER,heavy_weapon,2,,,,,,8100,8100,,,,,,,REJECTED_OVERPRICED,174.0,-2.0,172.0,76,22997.0,22997.0,,12,17,0.0,0.0,False,7,70000.0
18,3,SELL_TO_SHOP,GUNNER,,NONE,45,GUNNER,gun,1,,,,,,3111,3111,,,,,,,REJECTED_OVERPRICED,172.0,-2.0,170.0,76,22997.0,22997.0,,12,17,0.0,0.0,False,7,70000.0
18,3,BUY_FROM_SHOP,WARRIOR,spear,SELL_TO_CUSTOMER,34,WARRIOR,spear,1,94.09,1.0,True,VERY_HIGH_INTEREST,6502,6773,6133,7360,7360,7360,858,0.13195939710858198,0,BUYER_PURCHASES,170.0,1.5,171.5,77,22997.0,30357.0,6,11,17,0.0,0.0,False,7,70000.0
18,3,BUY_FROM_SHOP,GUNNER,heavy_weapon,SELL_TO_CUSTOMER,19,GUNNER,heavy_weapon,1,81.645,1.0,True,HIGH_INTEREST,1813,1813,1933,2320,2030,2030,217,0.11969111969111969,1,BUYER_PURCHASES,171.5,0.75,172.25,78,30357.0,32387.0,12,10,17,0.0,0.0,False,7,70000.0
18,3,SELL_TO_SHOP,GUNNER,,BUY_FROM_CUSTOMER,45,GUNNER,gun,1,,,,,5038,5248,5248,6298,,,,,,SUCCESSFUL_PURCHASE,172.25,4.5,176.75,79,32387.0,27349.0,,11,17,0.0,0.0,False,7,70000.0
18,3,BUY_FROM_SHOP,ARCHER,crossbow,SELL_TO_CUSTOMER,27,ARCHER,crossbow,2,79.19,1.0,True,HIGH_INTEREST,1747,3176,3176,3811,3335,3335,1588,0.9089868345735547,1,BUYER_PURCHASES,176.75,0.75,177.5,80,27349.0,30684.0,8,10,17,0.0,0.0,False,7,70000.0
18,3,BUY_FROM_SHOP,ROGUE,dagger,NONE,41,ROGUE,dagger,1,56.0,0.0,True,MEDIUM_INTEREST,4641,4834,4834,5801,4834,,,,2,PRICE_NEGOTIATION_FAILURE,177.5,0.0,177.5,80,30684.0,30684.0,2,10,17,0.0,0.0,False,7,70000.0
19,3,SELL_TO_SHOP,ROGUE,,NONE,46,ROGUE,throwing_weapon,3,,,,,,17490,17490,,,,,,,REJECTED_OVERPRICED,177.5,0.0,177.5,80,30684.0,30684.0,,10,17,0.0,0.0,False,7,70000.0
19,3,SELL_TO_SHOP,ROGUE,,BUY_FROM_CUSTOMER,46,WARRIOR,one_handed_sword,1,,,,,1665,2775,2775,3330,,,,,,SUCCESSFUL_PURCHASE,177.5,3.0,180.5,81,30684.0,29019.0,,11,17,0.0,0.0,False,7,70000.0
19,3,SELL_TO_SHOP,CLERIC,,BUY_FROM_CUSTOMER,47,ROGUE,throwing_weapon,1,,,,,1495,1495,1495,1794,,,,,,SUCCESSFUL_PURCHASE,180.5,1.5,182.0,82,29019.0,27524.0,,12,17,0.0,0.0,False,7,70000.0
19,3,BUY_FROM_SHOP,WARRIOR,spear,SELL_TO_CUSTOMER,44,WARRIOR,greatsword,1,85.345,1.0,False,VERY_HIGH_INTEREST,4526,7544,7544,9053,8676,8676,4150,0.9169244365885992,0,BUYER_PURCHASES,182.0,1.5,183.5,83,27524.0,36200.0,2,11,17,0.0,0.0,False,7,70000.0
19,3,BUY_FROM_SHOP,WARRIOR,greatsword,NONE,30,WARRIOR,one_handed_sword,1,77.9,1.0,False,HIGH_INTEREST,1972,1972,1652,1982,1883,,,,1,PRICE_NEGOTIATION_FAILURE,183.5,0.0,183.5,83,36200.0,36200.0,8,11,17,0.0,0.0,False,7,70000.0
19,3,SELL_TO_SHOP,ROGUE,,BUY_FROM_CUSTOMER,48,ARCHER,crossbow,2,,,,,1650,3000,3000,3600,,,,,,SUCCESSFUL_PURCHASE,183.5,4.5,188.0,84,36200.0,34550.0,,12,17,0.0,0.0,False,7,70000.0
19,3,SELL_TO_SHOP,CLERIC,,BUY_FROM_CUSTOMER,49,CLERIC,staff,1,,,,,5287,6008,6008,7210,,,,,,SUCCESSFUL_PURCHASE,188.0,4.5,192.5,85,34550.0,29263.0,,13,17,0.0,0.0,False,7,70000.0
20,3,BUY_FROM_SHOP,WARRIOR,axe,NONE,30,WARRIOR,one_handed_sword,1,65.535,1.0,False,MEDIUM_INTEREST,1972,1972,1652,1982,1784,,,,2,PRICE_NEGOTIATION_FAILURE,192.5,0.0,192.5,85,29263.0,29263.0,9,13,17,0.0,0.0,False,7,70000.0
20,3,BUY_FROM_SHOP,ARCHER,crossbow,NONE,,,,,38.75,0.25,True,,,,,,,,,,,NO_INTEREST,192.5,0.0,192.5,85,29263.0,29263.0,,13,17,0.0,0.0,False,7,70000.0
20,3,SELL_TO_SHOP,MAGE,,NONE,50,MAGE,wand,2,,,,,,2424,2424,,,,,,,REJECTED_OVERPRICED,192.5,0.0,192.5,85,29263.0,29263.0,,13,17,0.0,0.0,False,7,70000.0
20,3,SELL_TO_SHOP,GUNNER,,BUY_FROM_CUSTOMER,50,ARCHER,bow,3,,,,,8759,15925,15925,19110,,,,,,SUCCESSFUL_PURCHASE,192.5,4.5,197.0,86,29263.0,20504.0,,14,17,0.0,0.0,False,7,70000.0
20,3,SELL_TO_SHOP,WARRIOR,,BUY_FROM_CUSTOMER,51,WARRIOR,one_handed_sword,1,,,,,3152,3582,3582,4298,,,,,,SUCCESSFUL_PURCHASE,197.0,4.5,201.5,87,20504.0,17352.0,,15,17,0.0,0.0,False,7,70000.0
20,3,BUY_FROM_SHOP,GUNNER,gun,SELL_TO_CUSTOMER,45,GUNNER,gun,1,84.61333333333333,1.0,True,HIGH_INTEREST,5038,5248,5248,6298,5510,5510,472,0.09368797141722907,1,BUYER_PURCHASES,201.5,0.75,202.25,88,17352.0,22862.0,2,14,17,0.0,0.0,False,7,70000.0
20,3,SELL_TO_SHOP,GUNNER,,NONE,52,GUNNER,heavy_weapon,1,,,,,,6922,6922,,,,,,,REJECTED_OVERPRICED,202.25,-2.0,200.25,88,22862.0,22862.0,,14,17,0.0,0.0,False,7,70000.0
21,3,BUY_FROM_SHOP,WARRIOR,spear,SELL_TO_CUSTOMER,51,WARRIOR,one_handed_sword,1,84.87,1.0,False,HIGH_INTEREST,3152,3582,3582,4298,4083,4083,931,0.29536802030456855,1,BUYER_PURCHASES,200.25,0.75,201.0,89,22862.0,26945.0,1,13,17,0.0,0.0,False,7,70000.0
21,3,SELL_TO_SHOP,GUNNER,,BUY_FROM_CUSTOMER,52,GUNNER,gun,1,,,,,2857,5194,5194,6233,,,,,,SUCCESSFUL_PURCHASE,201.0,4.5,205.5,90,26945.0,24088.0,,14,17,0.0,0.0,False,7,70000.0
21,3,BUY_FROM_SHOP,MAGE,staff,NONE,,,,,,,,,,,,,,,,,,NO_COMPATIBLE_ITEM,205.5,0.0,205.5,90,24088.0,24088.0,,14,17,0.0,0.0,False,7,70000.0
21,3,SELL_TO_SHOP,MAGE,,NONE,53,MAGE,wand,1,,,,,,5288,5288,,,,,,,REJECTED_OVERPRICED,205.5,-2.0,203.5,90,24088.0,24088.0,,14,17,0.0,0.0,False,7,70000.0
21,3,SELL_TO_SHOP,ARCHER,,BUY_FROM_CUSTOMER,53,ARCHER,crossbow,1,,,,,3488,3633,3633,4360,,,,,,SUCCESSFUL_PURCHASE,203.5,4.5,208.0,91,24088.0,20600.0,,15,17,0.0,0.0,False,7,70000.0
21,3,SELL_TO_SHOP,ARCHER,,BUY_FROM_CUSTOMER,54,ARCHER,bow,1,,,,,3408,4260,4260,5112,,,,,,SUCCESSFUL_PURCHASE,208.0,1.5,209.5,92,20600.0,17192.0,,16,17,0.0,0.0,False,7,70000.0
21,3,BUY_FROM_SHOP,ARCHER,bow,SELL_TO_CUSTOMER,54,ARCHER,bow,1,96.11583333333333,1.0,True,VERY_HIGH_INTEREST,3408,4260,4260,5112,5112,5112,1704,0.5,0,BUYER_PURCHASES,209.5,1.5,211.0,93,17192.0,22304.0,0,15,17,0.0,0.0,False,7,70000.0
22,4,BUY_FROM_SHOP,CLERIC,staff,SELL_TO_CUSTOMER,49,CLERIC,staff,1,84.11,1.0,True,HIGH_INTEREST,5287,6008,5608,6730,6394,6394,1107,0.20938150179686021,1,BUYER_PURCHASES,211.0,0.75,211.75,94,16304.0,22698.0,3,14,17,0.0,0.0,False,7,70000.0
22,4,BUY_FROM_SHOP,WARRIOR,one_handed_sword,NONE,30,WARRIOR,one_handed_sword,1,87.3675,1.0,True,VERY_HIGH_INTEREST,1972,1972,1452,1742,1742,,,,0,PRICE_NEGOTIATION_FAILURE,211.75,0.0,211.75,94,22698.0,22698.0,11,14,17,0.0,0.0,False,7,70000.0
22,4,SELL_TO_SHOP,ROGUE,,NONE,55,ROGUE,dagger,5,,,,,,130900,130900,,,,,,,REJECTED_SCAMMER,211.75,-5,206.75,94,22698.0,22698.0,,14,17,0.0,0.0,False,7,70000.0
22,4,BUY_FROM_SHOP,WARRIOR,spear,NONE,30,WARRIOR,one_handed_sword,1,71.135,1.0,False,HIGH_INTEREST,1972,1972,1452,1742,1597,,,,1,PRICE_NEGOTIATION_FAILURE,206.75,0.0,206.75,94,22698.0,22698.0,11,14,17,0.0,0.0,False,7,70000.0
22,4,BUY_FROM_SHOP,ARCHER,crossbow,SELL_TO_CUSTOMER,53,ARCHER,crossbow,1,95.84,1.0,True,VERY_HIGH_INTEREST,3488,3633,3233,3880,3718,3718,230,0.06594036697247706,0,BUYER_PURCHASES,206.75,1.5,208.25,95,22698.0,26416.0,1,13,17,0.0,0.0,False,7,70000.0
22,4,BUY_FROM_SHOP,WARRIOR,axe,NONE,30,WARRIOR,one_handed_sword,1,41.635,0.0,False,LOW_INTEREST,1972,1972,1452,1742,1481,,,,3,PRICE_NEGOTIATION_FAILURE,208.25,0.0,208.25,95,26416.0,26416.0,11,13,17,0.0,0.0,False,7,70000.0
22,4,BUY_FROM_SHOP,CLERIC,gauntlet,SELL_TO_CUSTOMER,29,CLERIC,staff,3,61.35,1.0,False,MEDIUM_INTEREST,9450,15750,13875,16650,13875,13875,4425,0.46825396825396826,2,BUYER_PURCHASES,208.25,0,208.25,96,26416.0,40291.0,11,12,17,0.0,0.0,False,7,70000.0
22,4,SELL_TO_SHOP,CLERIC,,BUY_FROM_CUSTOMER,55,CLERIC,gauntlet,4,,,,,17606,35212,35212,42254,,,,,,SUCCESSFUL_PURCHASE,208.25,3.0,211.25,97,40291.0,22685.0,,13,17,0.0,0.0,False,7,70000.0
23,4,BUY_FROM_SHOP,MAGE,grimoire,NONE,,,,,,,,,,,,,,,,,,NO_COMPATIBLE_ITEM,211.25,0.0,211.25,97,22685.0,22685.0,,13,17,0.0,0.0,False,7,70000.0
23,4,BUY_FROM_SHOP,ROGUE,dagger,SELL_TO_CUSTOMER,41,ROGUE,dagger,1,68.835,0.5,True,MEDIUM_INTEREST,4641,4834,4714,5657,4950,4950,309,0.06658047834518423,2,BUYER_PURCHASES,211.25,0,211.25,98,22685.0,27635.0,7,12,17,0.0,0.0,False,7,70000.0
23,4,BUY_FROM_SHOP,MAGE,grimoire,NONE,,,,,,,,,,,,,,,,,,NO_COMPATIBLE_ITEM,211.25,0.0,211.25,98,27635.0,27635.0,,12,17,0.0,0.0,False,7,70000.0
23,4,SELL_TO_SHOP,ARCHER,,BUY_FROM_CUSTOMER,56,MAGE,wand,3,,,,,6825,6825,6825,8190,,,,,,SUCCESSFUL_PURCHASE,211.25,3.0,214.25,99,27635.0,20810.0,,13,17,0.0,0.0,False,7,70000.0
23,4,BUY_FROM_SHOP,CLERIC,gauntlet,NONE,,,,,37.845,0.0,True,,,,,,,,,,,NO_INTEREST,214.25,0.0,214.25,99,20810.0,20810.0,,13,17,0.0,0.0,False,7,70000.0
23,4,SELL_TO_SHOP,GUNNER,,NONE,57,GUNNER,heavy_weapon,2,,,,,,5352,5352,,,,,,,REJECTED_OVERPRICED,214.25,-2.0,212.25,99,20810.0,20810.0,,13,17,0.0,0.0,False,7,70000.0
23,4,BUY_FROM_SHOP,GUNNER,gun,SELL_TO_CUSTOMER,16,GUNNER,gun,2,70.2975,0.5,True,HIGH_INTEREST,3439,3908,4558,5470,5014,5014,1575,0.457981971503344,1,BUYER_PURCHASES,212.25,0.75,213.0,100,20810.0,25824.0,18,12,17,0.0,0.0,False,7,70000.0
23,4,BUY_FROM_SHOP,MAGE,grimoire,NONE,,,,,31.35,0.0,False,,,,,,,,,,,NO_INTEREST,213.0,0.0,213.0,100,25824.0,25824.0,,12,17,0.0,0.0,False,7,70000.0
24,4,BUY_FROM_SHOP,CLERIC,gauntlet,SELL_TO_CUSTOMER,55,CLERIC,gauntlet,4,76.18,1.0,True,HIGH_INTEREST,17606,35212,35212,42254,36973,36973,19367,1.100022719527434,1,BUYER_PURCHASES,213.0,0.75,213.75,101,25824.0,62797.0,2,11,17,0.0,0.0,False,7,70000.0
24,4,BUY_FROM_SHOP,ARCHER,bow,SELL_TO_CUSTOMER,50,ARCHER,bow,3,53.15,0.0,True,LOW_INTEREST,8759,15925,13325,15990,13325,13325,4566,0.5212923849754538,3,BUYER_PURCHASES,213.75,-1,212.75,102,62797.0,76122.0,4,10,17,0.0,0.0,False,7,70000.0
24,4,BUY_FROM_SHOP,MAGE,grimoire,SELL_TO_CUSTOMER,56,MAGE,wand,3,70.05,1.0,False,HIGH_INTEREST,6825,6825,6825,8190,7780,7780,955,0.13992673992673993,1,BUYER_PURCHASES,212.75,0.75,213.5,103,76122.0,83902.0,1,9,17,0.0,0.0,False,7,70000.0
24,4,SELL_TO_SHOP,WARRIOR,,BUY_FROM_CUSTOMER,57,WARRIOR,axe,3,,,,,2388,3980,3980,4776,,,,,,SUCCESSFUL_PURCHASE,213.5,4.5,218.0,104,83902.0,81514.0,,10,17,0.0,0.0,False,7,70000.0
24,4,BUY_FROM_SHOP,GUNNER,heavy_weapon,SELL_TO_CUSTOMER,52,GUNNER,gun,1,84.97,1.0,False,HIGH_INTEREST,2857,5194,5314,6377,5845,5845,2988,1.0458522926146308,1,BUYER_PURCHASES,218.0,0.75,218.75,105,81514.0,87359.0,3,9,17,0.0,0.0,False,7,70000.0
24,4,BUY_FROM_SHOP,GUNNER,heavy_weapon,SELL_TO_CUSTOMER,33,GUNNER,gun,1,61.818333333333335,0.5,False,MEDIUM_INTEREST,946,1182,1482,1778,1556,1556,610,0.6448202959830867,2,BUYER_PURCHASES,218.75,0,218.75,106,87359.0,88915.0,12,8,17,0.0,0.0,False,7,70000.0
24,4,BUY_FROM_SHOP,GUNNER,heavy_weapon,NONE,,,,,,,,,,,,,,,,,,NO_COMPATIBLE_ITEM,218.75,0.0,218.75,106,88915.0,88915.0,,8,17,0.0,0.0,False,7,70000.0
24,4,SELL_TO_SHOP,ARCHER,,BUY_FROM_CUSTOMER,58,WARRIOR,spear,1,,,,,1584,1800,1800,2160,,,,,,SUCCESSFUL_PURCHASE,218.75,4.5,223.25,107,88915.0,87331.0,,9,17,0.0,0.0,False,7,70000.0
25,4,BUY_FROM_SHOP,ROGUE,dagger,SELL_TO_CUSTOMER,42,ROGUE,throwing_weapon,1,77.315,1.0,False,HIGH_INTEREST,1144,2288,2189,2627,2408,2408,1264,1.1048951048951048,1,BUYER_PURCHASES,223.25,0.75,224.0,108,87331.0,89739.0,9,8,17,0.0,0.0,False,7,70000.0
25,4,BUY_FROM_SHOP,ROGUE,dagger,SELL_TO_CUSTOMER,35,ROGUE,throwing_weapon,1,69.41833333333334,1.0,False,MEDIUM_INTEREST,937,1065,1005,1206,1085,1085,148,0.15795090715048027,2,BUYER_PURCHASES,224.0,0,224.0,109,89739.0,90824.0,13,7,17,0.0,0.0,False,7,70000.0
25,4,SELL_TO_SHOP,CLERIC,,BUY_FROM_CUSTOMER,59,CLERIC,staff,3,,,,,9050,9050,9050,10860,,,,,,SUCCESSFUL_PURCHASE,224.0,1.5,225.5,110,90824.0,81774.0,,8,17,0.0,0.0,False,7,70000.0
25,4,SELL_TO_SHOP,CLERIC,,NONE,60,CLERIC,staff,1,,,,,,224,224,,,,,,,REJECTED_OVERPRICED,225.5,-2.0,223.5,110,81774.0,81774.0,,8,17,0.0,0.0,False,7,70000.0
25,4,BUY_FROM_SHOP,MAGE,wand,NONE,,,,,,,,,,,,,,,,,,NO_COMPATIBLE_ITEM,223.5,0.0,223.5,110,81774.0,81774.0,,8,17,0.0,0.0,False,7,70000.0
25,4,BUY_FROM_SHOP,WARRIOR,greatsword,NONE,30,WARRIOR,one_handed_sword,1,83.535,1.0,False,HIGH_INTEREST,1972,1972,1452,1742,1597,,,,1,PRICE_NEGOTIATION_FAILURE,223.5,0.0,223.5,110,81774.0,81774.0,14,8,17,0.0,0.0,False,7,70000.0
26,4,BUY_FROM_SHOP,CLERIC,staff,SELL_TO_CUSTOMER,59,CLERIC,staff,3,80.78,1.0,True,HIGH_INTEREST,9050,9050,9050,10860,10317,10317,1267,0.14,1,BUYER_PURCHASES,223.5,0.75,224.25,111,81774.0,92091.0,1,7,17,0.0,0.0,False,7,70000.0
26,4,SELL_TO_SHOP,ARCHER,,NONE,60,ARCHER,bow,4,,,,,,47444,47444,,,,,,,REJECTED_OVERPRICED,224.25,-2.0,222.25,111,92091.0,92091.0,,7,17,0.0,0.0,False,7,70000.0
26,4,BUY_FROM_SHOP,GUNNER,heavy_weapon,NONE,,,,,,,,,,,,,,,,,,NO_COMPATIBLE_ITEM,222.25,0.0,222.25,111,92091.0,92091.0,,7,17,0.0,0.0,False,7,70000.0
26,4,SELL_TO_SHOP,CLERIC,,NONE,60,ARCHER,bow,1,,,,,,1760,1760,,,,,,,REJECTED_OVERPRICED,222.25,-2.0,220.25,111,92091.0,92091.0,,7,17,0.0,0.0,False,7,70000.0
26,4,BUY_FROM_SHOP,GUNNER,gun,NONE,,,,,,,,,,,,,,,,,,NO_COMPATIBLE_ITEM,220.25,0.0,220.25,111,92091.0,92091.0,,7,17,0.0,0.0,False,7,70000.0
26,4,BUY_FROM_SHOP,MAGE,staff,NONE,,,,,,,,,,,,,,,,,,NO_COMPATIBLE_ITEM,220.25,0.0,220.25,111,92091.0,92091.0,,7,17,0.0,0.0,False,7,70000.0
27,4,BUY_FROM_SHOP,CLERIC,gauntlet,NONE,21,CLERIC,staff,4,41.913333333333334,0.0,False,LOW_INTEREST,10243,11640,8640,10368,8208,,,,3,PRICE_NEGOTIATION_FAILURE,220.25,0.0,220.25,111,92091.0,92091.0,20,7,17,0.0,0.0,False,7,70000.0
27,4,SELL_TO_SHOP,WARRIOR,,BUY_FROM_CUSTOMER,60,WARRIOR,axe,4,,,,,75617,78768,78768,94522,,,,,,SUCCESSFUL_PURCHASE,220.25,4.5,224.75,112,92091.0,16474.0,,8,17,0.0,0.0,False,7,70000.0
27,4,BUY_FROM_SHOP,ARCHER,bow,SELL_TO_CUSTOMER,48,ARCHER,crossbow,2,61.05,1.0,False,MEDIUM_INTEREST,1650,3000,1800,2160,1944,1944,294,0.1781818181818182,2,BUYER_PURCHASES,224.75,0,224.75,113,16474.0,18418.0,8,7,17,0.0,0.0,False,7,70000.0
27,4,SELL_TO_SHOP,GUNNER,,NONE,61,GUNNER,heavy_weapon,1,,,,,,2511,2511,,,,,,,REJECTED_OVERPRICED,224.75,-2.0,222.75,113,18418.0,18418.0,,7,17,0.0,0.0,False,7,70000.0
27,4,SELL_TO_SHOP,MAGE,,NONE,61,MAGE,wand,4,,,,,,50564,50564,,,,,,,MISSED_PURCHASE_DUE_TO_CASH,222.75,-2.0,220.75,113,18418.0,18418.0,,7,17,0.0,0.0,False,7,70000.0
27,4,SELL_TO_SHOP,CLERIC,,BUY_FROM_CUSTOMER,61,CLERIC,gauntlet,2,,,,,3830,4352,4352,5222,,,,,,SUCCESSFUL_PURCHASE,220.75,4.5,225.25,114,18418.0,14588.0,,8,17,0.0,0.0,False,7,70000.0
27,4,BUY_FROM_SHOP,WARRIOR,axe,NONE,60,WARRIOR,axe,4,68.55666666666667,0.0,True,MEDIUM_INTEREST,75617,78768,78768,94522,78768,,,,2,PRICE_NEGOTIATION_FAILURE,225.25,0.0,225.25,114,14588.0,14588.0,0,8,17,0.0,0.0,False,7,70000.0
27,4,SELL_TO_SHOP,WARRIOR,,BUY_FROM_CUSTOMER,62,WARRIOR,spear,1,,,,,1853,3706,3706,4447,,,,,,SUCCESSFUL_PURCHASE,225.25,1.5,226.75,115,14588.0,12735.0,,9,17,0.0,0.0,False,7,70000.0
28,4,BUY_FROM_SHOP,MAGE,grimoire,NONE,,,,,,,,,,,,,,,,,,NO_COMPATIBLE_ITEM,226.75,0.0,226.75,115,12735.0,12735.0,,9,17,0.0,0.0,False,7,70000.0
28,4,SELL_TO_SHOP,ARCHER,,NONE,63,WARRIOR,greatsword,3,,,,,,10075,10075,,,,,,,REJECTED_OVERPRICED,226.75,-2.0,224.75,115,12735.0,12735.0,,9,17,0.0,0.0,False,7,70000.0
28,4,BUY_FROM_SHOP,CLERIC,gauntlet,SELL_TO_CUSTOMER,61,CLERIC,gauntlet,2,94.77666666666667,1.0,True,VERY_HIGH_INTEREST,3830,4352,4352,5222,5222,5222,1392,0.36344647519582246,0,BUYER_PURCHASES,224.75,1.5,226.25,116,12735.0,17957.0,1,8,17,0.0,0.0,False,7,70000.0
28,4,BUY_FROM_SHOP,ROGUE,throwing_weapon,NONE,47,ROGUE,throwing_weapon,1,52.95,1.0,True,LOW_INTEREST,1495,1495,1365,1638,1392,,,,3,PRICE_NEGOTIATION_FAILURE,226.25,0.0,226.25,116,17957.0,17957.0,9,8,17,0.0,0.0,False,7,70000.0
28,4,SELL_TO_SHOP,CLERIC,,BUY_FROM_CUSTOMER,63,CLERIC,staff,2,,,,,5990,6240,6240,7488,,,,,,SUCCESSFUL_PURCHASE,226.25,4.5,230.75,117,17957.0,11967.0,,9,17,0.0,0.0,False,7,70000.0
28,4,BUY_FROM_SHOP,MAGE,staff,NONE,,,,,,,,,,,,,,,,,,NO_COMPATIBLE_ITEM,230.75,0.0,230.75,117,11967.0,11967.0,,9,17,0.0,0.0,False,7,70000.0
28,4,SELL_TO_SHOP,GUNNER,,NONE,64,GUNNER,gun,4,,,,,,29940,29940,,,,,,,MISSED_PURCHASE_DUE_TO_CASH,230.75,-2.0,228.75,117,11967.0,11967.0,,9,17,0.0,0.0,False,7,70000.0
28,4,BUY_FROM_SHOP,MAGE,staff,NONE,,,,,,,,,,,,,,,,,,NO_COMPATIBLE_ITEM,228.75,0.0,228.75,117,11967.0,11967.0,,9,17,0.0,0.0,False,7,70000.0
29,5,SELL_TO_SHOP,MAGE,,BUY_FROM_CUSTOMER,64,ROGUE,throwing_weapon,1,,,,,1980,2250,2250,2700,,,,,,SUCCESSFUL_PURCHASE,228.75,4.5,233.25,118,3967.0,1987.0,,10,17,0.0,0.0,False,7,70000.0
29,5,BUY_FROM_SHOP,GUNNER,heavy_weapon,NONE,,,,,,,,,,,,,,,,,,NO_COMPATIBLE_ITEM,233.25,0.0,233.25,118,1987.0,1987.0,,10,17,0.0,0.0,False,7,70000.0
29,5,SELL_TO_SHOP,ROGUE,,NONE,65,ROGUE,dagger,2,,,,,,2384,2384,,,,,,,MISSED_PURCHASE_DUE_TO_CASH,233.25,0.0,233.25,118,1987.0,1987.0,,10,17,0.0,0.0,False,7,70000.0
29,5,SELL_TO_SHOP,ARCHER,,NONE,65,ARCHER,bow,4,,,,,,19488,19488,,,,,,,REJECTED_OVERPRICED,233.25,0.0,233.25,118,1987.0,1987.0,,10,17,0.0,0.0,False,7,70000.0
29,5,BUY_FROM_SHOP,GUNNER,gun,NONE,,,,,,,,,,,,,,,,,,NO_COMPATIBLE_ITEM,233.25,0.0,233.25,118,1987.0,1987.0,,10,17,0.0,0.0,False,7,70000.0
29,5,SELL_TO_SHOP,CLERIC,,NONE,65,CLERIC,gauntlet,3,,,,,,6711,6711,,,,,,,REJECTED_OVERPRICED,233.25,0.0,233.25,118,1987.0,1987.0,,10,17,0.0,0.0,False,7,70000.0
29,5,SELL_TO_SHOP,CLERIC,,NONE,65,CLERIC,staff,4,,,,,,45158,45158,,,,,,,MISSED_PURCHASE_DUE_TO_CASH,233.25,0.0,233.25,118,1987.0,1987.0,,10,17,0.0,0.0,False,7,70000.0
29,5,SELL_TO_SHOP,WARRIOR,,NONE,65,WARRIOR,one_handed_sword,1,,,,,,1109,1109,,,,,,,REJECTED_OVERPRICED,233.25,-2.0,231.25,118,1987.0,1987.0,,10,17,0.0,0.0,False,7,70000.0
30,5,SELL_TO_SHOP,GUNNER,,NONE,65,GUNNER,gun,4,,,,,,7449,7449,,,,,,,MISSED_PURCHASE_DUE_TO_CASH,231.25,0.0,231.25,118,1987.0,1987.0,,10,17,0.0,0.0,False,7,70000.0
30,5,SELL_TO_SHOP,GUNNER,,NONE,65,GUNNER,gun,3,,,,,,17062,17062,,,,,,,MISSED_PURCHASE_DUE_TO_CASH,231.25,-2.0,229.25,118,1987.0,1987.0,,10,17,0.0,0.0,False,7,70000.0
30,5,BUY_FROM_SHOP,MAGE,wand,NONE,,,,,,,,,,,,,,,,,,NO_COMPATIBLE_ITEM,229.25,0.0,229.25,118,1987.0,1987.0,,10,17,0.0,0.0,False,7,70000.0
30,5,BUY_FROM_SHOP,ARCHER,bow,NONE,,,,,,,,,,,,,,,,,,NO_COMPATIBLE_ITEM,229.25,0.0,229.25,118,1987.0,1987.0,,10,17,0.0,0.0,False,7,70000.0
30,5,SELL_TO_SHOP,MAGE,,NONE,65,MAGE,staff,4,,,,,,74196,74196,,,,,,,MISSED_PURCHASE_DUE_TO_CASH,229.25,0.0,229.25,118,1987.0,1987.0,,10,17,0.0,0.0,False,7,70000.0
30,5,SELL_TO_SHOP,ARCHER,,NONE,65,ARCHER,crossbow,3,,,,,,16475,16475,,,,,,,MISSED_PURCHASE_DUE_TO_CASH,229.25,-2.0,227.25,118,1987.0,1987.0,,10,17,0.0,0.0,False,7,70000.0
30,5,SELL_TO_SHOP,ROGUE,,BUY_FROM_CUSTOMER,65,ROGUE,dagger,1,,,,,1318,1318,1318,1582,,,,,,SUCCESSFUL_PURCHASE,227.25,1.5,228.75,119,1987.0,669.0,,11,17,0.0,0.0,False,7,70000.0
30,5,BUY_FROM_SHOP,GUNNER,heavy_weapon,NONE,,,,,,,,,,,,,,,,,,NO_COMPATIBLE_ITEM,228.75,0.0,228.75,119,669.0,669.0,,11,17,0.0,0.0,False,7,70000.0
31,5,SELL_TO_SHOP,WARRIOR,,NONE,66,WARRIOR,one_handed_sword,2,,,,,,3302,3302,,,,,,,REJECTED_SCAMMER,228.75,-5,223.75,119,669.0,669.0,,11,17,0.0,0.0,False,7,70000.0
31,5,BUY_FROM_SHOP,ARCHER,crossbow,NONE,,,,,,,,,,,,,,,,,,NO_COMPATIBLE_ITEM,223.75,0.0,223.75,119,669.0,669.0,,11,17,0.0,0.0,False,7,70000.0
31,5,SELL_TO_SHOP,WARRIOR,,NONE,66,MAGE,grimoire,3,,,,,,12350,12350,,,,,,,MISSED_PURCHASE_DUE_TO_CASH,223.75,-2.0,221.75,119,669.0,669.0,,11,17,0.0,0.0,False,7,70000.0
31,5,BUY_FROM_SHOP,ARCHER,bow,NONE,,,,,,,,,,,,,,,,,,NO_COMPATIBLE_ITEM,221.75,0.0,221.75,119,669.0,669.0,,11,17,0.0,0.0,False,7,70000.0
31,5,SELL_TO_SHOP,WARRIOR,,BUY_FROM_CUSTOMER,66,GUNNER,gun,2,,,,,110,200,200,240,,,,,,SUCCESSFUL_PURCHASE,221.75,4.5,226.25,120,669.0,559.0,,12,17,0.0,0.0,False,7,70000.0
31,5,SELL_TO_SHOP,MAGE,,NONE,67,MAGE,grimoire,2,,,,,,4229,4229,,,,,,,MISSED_PURCHASE_DUE_TO_CASH,226.25,0.0,226.25,120,559.0,559.0,,12,17,0.0,0.0,False,7,70000.0
31,5,SELL_TO_SHOP,CLERIC,,NONE,67,ROGUE,throwing_weapon,1,,,,,,2175,2175,,,,,,,REJECTED_OVERPRICED,226.25,-2.0,224.25,120,559.0,559.0,,12,17,0.0,0.0,False,7,70000.0
32,5,SELL_TO_SHOP,CLERIC,,NONE,67,CLERIC,staff,1,,,,,,3455,3455,,,,,,,REJECTED_SCAMMER,224.25,-5,219.25,120,559.0,559.0,,12,17,0.0,0.0,False,7,70000.0
32,5,SELL_TO_SHOP,ROGUE,,NONE,67,ROGUE,throwing_weapon,1,,,,,,1728,1728,,,,,,,REJECTED_OVERPRICED,219.25,-2.0,217.25,120,559.0,559.0,,12,17,0.0,0.0,False,7,70000.0
32,5,BUY_FROM_SHOP,CLERIC,mace,SELL_TO_CUSTOMER,63,CLERIC,staff,2,56.513333333333335,0.25,False,MEDIUM_INTEREST,5990,6240,7340,8808,7927,7927,1937,0.3233722871452421,2,BUYER_PURCHASES,217.25,0,217.25,121,559.0,8486.0,4,11,17,0.0,0.0,False,7,70000.0
32,5,BUY_FROM_SHOP,WARRIOR,axe,SELL_TO_CUSTOMER,60,WARRIOR,axe,4,93.56166666666667,1.0,True,VERY_HIGH_INTEREST,75617,78768,83268,99922,95758,95758,20141,0.26635544917148263,0,BUYER_PURCHASES,217.25,1.5,218.75,122,8486.0,104244.0,5,10,17,0.0,0.0,False,7,70000.0
32,5,BUY_FROM_SHOP,GUNNER,gun,NONE,,,,,37.75,0.25,True,,,,,,,,,,,NO_INTEREST,218.75,0.0,218.75,122,104244.0,104244.0,,10,17,0.0,0.0,False,7,70000.0
32,5,SELL_TO_SHOP,ROGUE,,NONE,67,ROGUE,dagger,1,,,,,,1172,1172,,,,,,,REJECTED_OVERPRICED,218.75,0.0,218.75,122,104244.0,104244.0,,10,17,0.0,0.0,False,7,70000.0
33,5,SELL_TO_SHOP,WARRIOR,,NONE,67,WARRIOR,axe,1,,,,,,3085,3085,,,,,,,REJECTED_OVERPRICED,218.75,0.0,218.75,122,104244.0,104244.0,,10,17,0.0,0.0,False,7,70000.0
33,5,SELL_TO_SHOP,CLERIC,,BUY_FROM_CUSTOMER,67,CLERIC,gauntlet,4,,,,,14215,23692,23692,28430,,,,,,SUCCESSFUL_PURCHASE,218.75,4.5,223.25,123,104244.0,90029.0,,11,17,0.0,0.0,False,7,70000.0
33,5,SELL_TO_SHOP,CLERIC,,BUY_FROM_CUSTOMER,68,CLERIC,mace,3,,,,,5869,11738,11738,14086,,,,,,SUCCESSFUL_PURCHASE,223.25,1.5,224.75,124,90029.0,84160.0,,12,17,0.0,0.0,False,7,70000.0
33,5,BUY_FROM_SHOP,ARCHER,bow,NONE,,,,,,,,,,,,,,,,,,NO_COMPATIBLE_ITEM,224.75,0.0,224.75,124,84160.0,84160.0,,12,17,0.0,0.0,False,7,70000.0
33,5,BUY_FROM_SHOP,ROGUE,dagger,SELL_TO_CUSTOMER,65,ROGUE,dagger,1,62.08,0.5,True,MEDIUM_INTEREST,1318,1318,1318,1582,1424,1424,106,0.08042488619119878,2,BUYER_PURCHASES,224.75,0,224.75,125,84160.0,85584.0,3,11,17,0.0,0.0,False,7,70000.0
33,5,BUY_FROM_SHOP,GUNNER,gun,SELL_TO_CUSTOMER,66,GUNNER,gun,2,51.85,1.0,True,LOW_INTEREST,110,200,200,240,204,204,94,0.8545454545454545,3,BUYER_PURCHASES,224.75,-1,223.75,126,85584.0,85788.0,2,10,17,0.0,0.0,False,7,70000.0
34,5,BUY_FROM_SHOP,ARCHER,crossbow,NONE,,,,,,,,,,,,,,,,,,NO_COMPATIBLE_ITEM,223.75,0.0,223.75,126,85788.0,85788.0,,10,17,0.0,0.0,False,7,70000.0
34,5,BUY_FROM_SHOP,CLERIC,mace,SELL_TO_CUSTOMER,68,CLERIC,mace,3,90.27,1.0,True,VERY_HIGH_INTEREST,5869,11738,11738,14086,13499,13499,7630,1.3000511160333958,0,BUYER_PURCHASES,223.75,1.5,225.25,127,85788.0,99287.0,1,9,17,0.0,0.0,False,7,70000.0
34,5,BUY_FROM_SHOP,MAGE,wand,NONE,,,,,,,,,,,,,,,,,,NO_COMPATIBLE_ITEM,225.25,0.0,225.25,127,99287.0,99287.0,,9,17,0.0,0.0,False,7,70000.0
34,5,SELL_TO_SHOP,ARCHER,,NONE,69,ARCHER,bow,4,,,,,,17235,17235,,,,,,,REJECTED_OVERPRICED,225.25,0.0,225.25,127,99287.0,99287.0,,9,17,0.0,0.0,False,7,70000.0
34,5,SELL_TO_SHOP,MAGE,,BUY_FROM_CUSTOMER,69,MAGE,wand,1,,,,,1082,1082,1082,1298,,,,,,SUCCESSFUL_PURCHASE,225.25,1.5,226.75,128,99287.0,98205.0,,10,17,0.0,0.0,False,7,70000.0
34,5,BUY_FROM_SHOP,WARRIOR,axe,SELL_TO_CUSTOMER,62,WARRIOR,spear,1,86.51166666666667,1.0,False,VERY_HIGH_INTEREST,1853,3706,4006,4807,4807,4807,2954,1.5941716135995683,0,BUYER_PURCHASES,226.75,1.5,228.25,129,98205.0,103012.0,7,9,17,0.0,0.0,False,7,70000.0
34,5,BUY_FROM_SHOP,ROGUE,dagger,NONE,64,ROGUE,throwing_weapon,1,48.45,0.5,False,LOW_INTEREST,1980,2250,2250,2700,2138,,,,3,PRICE_NEGOTIATION_FAILURE,228.25,0.0,228.25,129,103012.0,103012.0,5,9,17,0.0,0.0,False,7,70000.0
34,5,SELL_TO_SHOP,GUNNER,,BUY_FROM_CUSTOMER,70,GUNNER,gun,3,,,,,7751,15502,15502,18602,,,,,,SUCCESSFUL_PURCHASE,228.25,1.5,229.75,130,103012.0,95261.0,,10,17,0.0,0.0,False,7,70000.0
35,5,BUY_FROM_SHOP,ROGUE,dagger,SELL_TO_CUSTOMER,64,ROGUE,throwing_weapon,1,67.55,1.0,False,MEDIUM_INTEREST,1980,2250,2250,2700,2362,2362,382,0.19292929292929292,2,BUYER_PURCHASES,229.75,0,229.75,131,95261.0,97623.0,6,9,17,0.0,0.0,False,7,70000.0
35,5,SELL_TO_SHOP,ARCHER,,BUY_FROM_CUSTOMER,71,ARCHER,bow,2,,,,,1872,3744,3744,4493,,,,,,SUCCESSFUL_PURCHASE,229.75,1.5,231.25,132,97623.0,95751.0,,10,17,0.0,0.0,False,7,70000.0
35,5,SELL_TO_SHOP,CLERIC,,BUY_FROM_CUSTOMER,72,CLERIC,mace,2,,,,,2971,3095,3095,3714,,,,,,SUCCESSFUL_PURCHASE,231.25,4.5,235.75,133,95751.0,92780.0,,11,17,0.0,0.0,False,7,70000.0
35,5,SELL_TO_SHOP,ROGUE,,BUY_FROM_CUSTOMER,73,CLERIC,mace,2,,,,,3089,3510,3510,4212,,,,,,SUCCESSFUL_PURCHASE,235.75,4.5,240.25,134,92780.0,89691.0,,12,17,0.0,0.0,False,7,70000.0
35,5,SELL_TO_SHOP,GUNNER,,NONE,74,GUNNER,heavy_weapon,4,,,,,,32580,32580,,,,,,,REJECTED_SCAMMER,240.25,-5,235.25,134,89691.0,89691.0,,12,17,0.0,0.0,False,7,70000.0
35,5,BUY_FROM_SHOP,CLERIC,staff,SELL_TO_CUSTOMER,72,CLERIC,mace,2,61.8425,0.5,False,MEDIUM_INTEREST,2971,3095,3095,3714,3343,3343,372,0.12521036687983844,2,BUYER_PURCHASES,235.25,0,235.25,135,89691.0,93034.0,0,11,17,0.0,0.0,False,7,70000.0
35,5,SELL_TO_SHOP,ARCHER,,BUY_FROM_CUSTOMER,74,ARCHER,bow,2,,,,,4481,8962,8962,10754,,,,,,SUCCESSFUL_PURCHASE,235.25,1.5,236.75,136,93034.0,88553.0,,12,17,0.0,0.0,False,7,70000.0
36,6,SELL_TO_SHOP,GUNNER,,BUY_FROM_CUSTOMER,75,GUNNER,gun,2,,,,,2627,4378,4378,5254,,,,,,SUCCESSFUL_PURCHASE,236.75,4.5,241.25,137,78553.0,75926.0,,13,17,0.0,0.0,False,7,70000.0
36,6,BUY_FROM_SHOP,WARRIOR,greatsword,NONE,30,WARRIOR,one_handed_sword,1,70.97,1.0,False,HIGH_INTEREST,1972,1972,1652,1982,1883,,,,1,PRICE_NEGOTIATION_FAILURE,241.25,0.0,241.25,137,75926.0,75926.0,25,13,17,0.0,0.0,False,7,70000.0
36,6,SELL_TO_SHOP,ROGUE,,BUY_FROM_CUSTOMER,76,ROGUE,dagger,3,,,,,6908,7850,7850,9420,,,,,,SUCCESSFUL_PURCHASE,241.25,4.5,245.75,138,75926.0,69018.0,,14,17,0.0,0.0,False,7,70000.0
36,6,SELL_TO_SHOP,GUNNER,,NONE,77,GUNNER,gun,2,,,,,,5803,5803,,,,,,,REJECTED_SCAMMER,245.75,-5,240.75,138,69018.0,69018.0,,14,17,0.0,0.0,False,7,70000.0
36,6,SELL_TO_SHOP,ARCHER,,NONE,77,ARCHER,bow,2,,,,,,6447,6447,,,,,,,REJECTED_OVERPRICED,240.75,-2.0,238.75,138,69018.0,69018.0,,14,17,0.0,0.0,False,7,70000.0
36,6,SELL_TO_SHOP,ROGUE,,NONE,77,ROGUE,dagger,4,,,,,,47130,47130,,,,,,,REJECTED_OVERPRICED,238.75,-2.0,236.75,138,69018.0,69018.0,,14,17,0.0,0.0,False,7,70000.0
37,6,BUY_FROM_SHOP,GUNNER,gun,SELL_TO_CUSTOMER,70,GUNNER,gun,3,84.31583333333333,1.0,True,HIGH_INTEREST,7751,15502,19078,22894,20032,20032,12281,1.5844407173267965,1,BUYER_PURCHASES,236.75,0.75,237.5,139,69018.0,89050.0,3,13,17,0.0,0.0,False,7,70000.0
37,6,SELL_TO_SHOP,ROGUE,,BUY_FROM_CUSTOMER,77,ROGUE,dagger,2,,,,,3555,4040,4040,4848,,,,,,SUCCESSFUL_PURCHASE,237.5,4.5,242.0,140,89050.0,85495.0,,14,17,0.0,0.0,False,7,70000.0
37,6,SELL_TO_SHOP,WARRIOR,,BUY_FROM_CUSTOMER,78,MAGE,grimoire,2,,,,,3432,3900,3900,4680,,,,,,SUCCESSFUL_PURCHASE,242.0,4.5,246.5,141,85495.0,82063.0,,15,17,0.0,0.0,False,7,70000.0
37,6,BUY_FROM_SHOP,MAGE,staff,NONE,,,,,39.626666666666665,0.0,False,,,,,,,,,,,NO_INTEREST,246.5,0.0,246.5,141,82063.0,82063.0,,15,17,0.0,0.0,False,7,70000.0
37,6,BUY_FROM_SHOP,CLERIC,mace,SELL_TO_CUSTOMER,73,CLERIC,mace,2,43.75,0.25,True,LOW_INTEREST,3089,3510,3770,4524,3845,3845,756,0.24473939786338622,3,BUYER_PURCHASES,246.5,-1,245.5,142,82063.0,85908.0,2,14,17,0.0,0.0,False,7,70000.0
37,6,SELL_TO_SHOP,GUNNER,,BUY_FROM_CUSTOMER,79,WARRIOR,greatsword,2,,,,,2064,4128,4128,4954,,,,,,SUCCESSFUL_PURCHASE,245.5,1.5,247.0,143,85908.0,83844.0,,15,17,0.0,0.0,False,7,70000.0
38,6,BUY_FROM_SHOP,WARRIOR,one_handed_sword,NONE,30,WARRIOR,one_handed_sword,1,83.2675,1.0,True,HIGH_INTEREST,1972,1972,1652,1982,1817,,,,1,PRICE_NEGOTIATION_FAILURE,247.0,0.0,247.0,143,83844.0,83844.0,27,15,17,0.0,0.0,False,7,70000.0
38,6,BUY_FROM_SHOP,WARRIOR,one_handed_sword,SELL_TO_CUSTOMER,57,WARRIOR,axe,3,67.085,1.0,False,MEDIUM_INTEREST,2388,3980,4980,5976,4980,4980,2592,1.085427135678392,2,BUYER_PURCHASES,247.0,0,247.0,144,83844.0,88824.0,14,14,17,0.0,0.0,False,7,70000.0
38,6,BUY_FROM_SHOP,MAGE,wand,NONE,69,MAGE,wand,1,81.95666666666666,1.0,True,HIGH_INTEREST,1082,1082,962,1154,1010,,,,1,PRICE_NEGOTIATION_FAILURE,247.0,0.0,247.0,144,88824.0,88824.0,4,14,17,0.0,0.0,False,7,70000.0
38,6,SELL_TO_SHOP,CLERIC,,BUY_FROM_CUSTOMER,80,CLERIC,mace,3,,,,,3938,7875,7875,9450,,,,,,SUCCESSFUL_PURCHASE,247.0,4.5,251.5,145,88824.0,84886.0,,15,17,0.0,0.0,False,7,70000.0
38,6,BUY_FROM_SHOP,MAGE,grimoire,SELL_TO_CUSTOMER,78,MAGE,grimoire,2,60.85,0.5,True,MEDIUM_INTEREST,3432,3900,3900,4680,3900,3900,468,0.13636363636363635,2,BUYER_PURCHASES,251.5,0,251.5,146,84886.0,88786.0,1,14,17,0.0,0.0,False,7,70000.0
38,6,SELL_TO_SHOP,GUNNER,,NONE,81,GUNNER,gun,4,,,,,,50914,50914,,,,,,,REJECTED_OVERPRICED,251.5,0.0,251.5,146,88786.0,88786.0,,14,17,0.0,0.0,False,7,70000.0
39,6,SELL_TO_SHOP,GUNNER,,BUY_FROM_CUSTOMER,81,GUNNER,gun,3,,,,,8712,14520,14520,17424,,,,,,SUCCESSFUL_PURCHASE,251.5,4.0,255.5,147,88786.0,80074.0,,15,17,0.0,0.0,False,7,70000.0
39,6,SELL_TO_SHOP,ARCHER,,BUY_FROM_CUSTOMER,82,ARCHER,crossbow,1,,,,,1828,2285,2285,2742,,,,,,SUCCESSFUL_PURCHASE,255.5,1.0,256.5,148,80074.0,78246.0,,16,17,0.0,0.0,False,7,70000.0
39,6,SELL_TO_SHOP,CLERIC,,NONE,83,CLERIC,gauntlet,5,,,,,,83328,83328,,,,,,,MISSED_PURCHASE_DUE_TO_CASH,256.5,0.0,256.5,148,78246.0,78246.0,,16,17,0.0,0.0,False,7,70000.0
39,6,BUY_FROM_SHOP,MAGE,wand,NONE,69,MAGE,wand,1,57.49166666666667,0.5,True,MEDIUM_INTEREST,1082,1082,962,1154,962,,,,2,PRICE_NEGOTIATION_FAILURE,256.5,0.0,256.5,148,78246.0,78246.0,5,16,17,0.0,0.0,False,7,70000.0
39,6,BUY_FROM_SHOP,WARRIOR,spear,SELL_TO_CUSTOMER,79,WARRIOR,greatsword,2,90.11833333333334,1.0,False,VERY_HIGH_INTEREST,2064,4128,4128,4954,4954,4954,2890,1.4001937984496124,0,BUYER_PURCHASES,256.5,1.0,257.5,149,78246.0,83200.0,2,15,17,0.0,0.0,False,7,70000.0
39,6,BUY_FROM_SHOP,MAGE,wand,NONE,69,MAGE,wand,1,78.02666666666667,1.0,True,HIGH_INTEREST,1082,1082,962,1154,1058,,,,1,PRICE_NEGOTIATION_FAILURE,257.5,0.0,257.5,149,83200.0,83200.0,5,15,17,0.0,0.0,False,7,70000.0
39,6,SELL_TO_SHOP,ARCHER,,BUY_FROM_CUSTOMER,83,ARCHER,bow,3,,,,,10322,11730,11730,14076,,,,,,SUCCESSFUL_PURCHASE,257.5,3.0,260.5,150,83200.0,72878.0,,16,17,0.0,0.0,False,7,70000.0
39,6,SELL_TO_SHOP,MAGE,,BUY_FROM_CUSTOMER,84,MAGE,wand,1,,,,,2013,3355,3355,4026,,,,,,SUCCESSFUL_PURCHASE,260.5,3.0,263.5,151,72878.0,70865.0,,17,17,0.0,0.0,False,7,70000.0
40,6,SELL_TO_SHOP,GUNNER,,BUY_FROM_CUSTOMER,85,GUNNER,gun,1,,,,,972,1620,1620,1944,,,,,,SUCCESSFUL_PURCHASE,263.5,3.0,266.5,152,70865.0,59893.0,,18,18,0.0,0.0,False,8,80000.0
40,6,SELL_TO_SHOP,CLERIC,,BUY_FROM_CUSTOMER,86,CLERIC,gauntlet,1,,,,,2298,4179,4179,5015,,,,,,SUCCESSFUL_PURCHASE,266.5,3.0,269.5,153,59893.0,47595.0,,19,19,0.0,0.0,False,9,90000.0
40,6,SELL_TO_SHOP,ARCHER,,BUY_FROM_CUSTOMER,87,ARCHER,crossbow,1,,,,,521,521,521,625,,,,,,SUCCESSFUL_PURCHASE,269.5,1.0,270.5,154,47595.0,37074.0,,20,20,0.0,0.0,False,10,100000.0
40,6,BUY_FROM_SHOP,MAGE,grimoire,SELL_TO_CUSTOMER,84,MAGE,wand,1,68.17,0.5,False,MEDIUM_INTEREST,2013,3355,3355,4026,3623,3623,1610,0.7998012916045703,2,BUYER_PURCHASES,270.5,0,270.5,155,37074.0,40697.0,1,19,20,0.0,0.0,False,10,100000.0
40,6,SELL_TO_SHOP,GUNNER,,BUY_FROM_CUSTOMER,88,GUNNER,gun,2,,,,,3364,6728,6728,8074,,,,,,SUCCESSFUL_PURCHASE,270.5,2.0,272.5,156,40697.0,37333.0,,20,20,0.0,0.0,False,10,100000.0
40,6,SELL_TO_SHOP,ARCHER,,NONE,89,ARCHER,bow,3,,,,,,14350,14350,,,,,,,INVENTORY_FULL,272.5,-2.0,270.5,156,37333.0,37333.0,,20,20,0.0,0.0,False,10,100000.0
40,6,SELL_TO_SHOP,CLERIC,,NONE,89,CLERIC,staff,2,,,,,,5062,5062,,,,,,,REJECTED_OVERPRICED,270.5,0.0,270.5,156,37333.0,37333.0,,20,20,0.0,0.0,False,10,100000.0
41,6,SELL_TO_SHOP,ARCHER,,NONE,89,ARCHER,bow,2,,,,,,1025,1025,,,,,,,INVENTORY_FULL,270.5,0.0,270.5,156,37333.0,37333.0,,20,20,0.0,0.0,False,10,100000.0
41,6,BUY_FROM_SHOP,MAGE,grimoire,NONE,,,,,38.95666666666666,0.0,False,,,,,,,,,,,NO_INTEREST,270.5,0.0,270.5,156,37333.0,37333.0,,20,20,0.0,0.0,False,10,100000.0
41,6,SELL_TO_SHOP,ROGUE,,NONE,89,ROGUE,dagger,3,,,,,,14618,14618,,,,,,,INVENTORY_FULL,270.5,-2.0,268.5,156,37333.0,37333.0,,20,20,0.0,0.0,False,10,100000.0
41,6,BUY_FROM_SHOP,CLERIC,gauntlet,SELL_TO_CUSTOMER,86,CLERIC,gauntlet,1,80.54875,1.0,True,HIGH_INTEREST,2298,4179,4179,5015,4388,4388,2090,0.9094865100087032,1,BUYER_PURCHASES,268.5,0.5,269.0,157,37333.0,41721.0,1,19,20,0.0,0.0,False,10,100000.0
41,6,SELL_TO_SHOP,ARCHER,,NONE,89,ARCHER,bow,4,,,,,,80700,80700,,,,,,,MISSED_PURCHASE_DUE_TO_CASH,269.0,0.0,269.0,157,41721.0,41721.0,,19,20,0.0,0.0,False,10,100000.0
41,6,BUY_FROM_SHOP,CLERIC,gauntlet,SELL_TO_CUSTOMER,67,CLERIC,gauntlet,4,74.345,1.0,True,HIGH_INTEREST,14215,23692,25642,30770,26924,26924,12709,0.8940555750967288,1,BUYER_PURCHASES,269.0,0.5,269.5,158,41721.0,68645.0,8,18,20,0.0,0.0,False,10,100000.0
41,6,SELL_TO_SHOP,GUNNER,,BUY_FROM_CUSTOMER,89,GUNNER,heavy_weapon,1,,,,,1017,2034,2034,2441,,,,,,SUCCESSFUL_PURCHASE,269.5,1.0,270.5,159,68645.0,67628.0,,19,20,0.0,0.0,False,10,100000.0
42,6,SELL_TO_SHOP,MAGE,,BUY_FROM_CUSTOMER,90,MAGE,wand,3,,,,,4776,5970,5970,7164,,,,,,SUCCESSFUL_PURCHASE,270.5,1.0,271.5,160,67628.0,62852.0,,20,20,0.0,0.0,False,10,100000.0
42,6,SELL_TO_SHOP,CLERIC,,NONE,91,CLERIC,staff,3,,,,,,9860,9860,,,,,,,INVENTORY_FULL,271.5,0.0,271.5,160,62852.0,62852.0,,20,20,0.0,0.0,False,10,100000.0
42,6,SELL_TO_SHOP,MAGE,,NONE,91,MAGE,wand,1,,,,,,998,998,,,,,,,INVENTORY_FULL,271.5,0.0,271.5,160,62852.0,62852.0,,20,20,0.0,0.0,False,10,100000.0
42,6,SELL_TO_SHOP,MAGE,,NONE,91,MAGE,staff,3,,,,,,11995,11995,,,,,,,INVENTORY_FULL,271.5,-2.0,269.5,160,62852.0,62852.0,,20,20,0.0,0.0,False,10,100000.0
42,6,SELL_TO_SHOP,WARRIOR,,NONE,91,CLERIC,staff,1,,,,,,2795,2795,,,,,,,INVENTORY_FULL,269.5,-2.0,267.5,160,62852.0,62852.0,,20,20,0.0,0.0,False,10,100000.0
42,6,BUY_FROM_SHOP,CLERIC,gauntlet,SELL_TO_CUSTOMER,80,CLERIC,mace,3,67.41833333333334,1.0,False,MEDIUM_INTEREST,3938,7875,7875,9450,7875,7875,3937,0.999746063991874,2,BUYER_PURCHASES,267.5,0,267.5,161,62852.0,70727.0,4,19,20,0.0,0.0,False,10,100000.0
43,7,SELL_TO_SHOP,ROGUE,,NONE,91,WARRIOR,greatsword,1,,,,,,2990,2990,,,,,,,REJECTED_OVERPRICED,267.5,0.0,267.5,161,58727.0,58727.0,,19,20,0.0,0.0,False,10,100000.0
43,7,SELL_TO_SHOP,GUNNER,,BUY_FROM_CUSTOMER,91,GUNNER,heavy_weapon,3,,,,,10590,21180,21180,25416,,,,,,SUCCESSFUL_PURCHASE,267.5,1.0,268.5,162,58727.0,48137.0,,20,20,0.0,0.0,False,10,100000.0
43,7,BUY_FROM_SHOP,CLERIC,staff,NONE,21,CLERIC,staff,4,40.013333333333335,0.0,True,LOW_INTEREST,10243,11640,13440,16128,12768,,,,3,PRICE_NEGOTIATION_FAILURE,268.5,0.0,268.5,162,48137.0,48137.0,36,20,20,0.0,0.0,False,10,100000.0
43,7,SELL_TO_SHOP,WARRIOR,,NONE,92,WARRIOR,axe,2,,,,,,8472,8472,,,,,,,REJECTED_SCAMMER,268.5,-5,263.5,162,48137.0,48137.0,,20,20,0.0,0.0,False,10,100000.0
43,7,SELL_TO_SHOP,WARRIOR,,NONE,92,WARRIOR,greatsword,1,,,,,,2355,2355,,,,,,,INVENTORY_FULL,263.5,0.0,263.5,162,48137.0,48137.0,,20,20,0.0,0.0,False,10,100000.0
43,7,BUY_FROM_SHOP,ROGUE,dagger,SELL_TO_CUSTOMER,47,ROGUE,throwing_weapon,1,68.45,1.0,False,MEDIUM_INTEREST,1495,1495,2015,2418,2015,2015,520,0.34782608695652173,2,BUYER_PURCHASES,263.5,0,263.5,163,48137.0,50152.0,24,19,20,0.0,0.0,False,10,100000.0
43,7,SELL_TO_SHOP,GUNNER,,BUY_FROM_CUSTOMER,92,GUNNER,gun,1,,,,,1223,1223,1223,1468,,,,,,SUCCESSFUL_PURCHASE,263.5,1.0,264.5,164,50152.0,48929.0,,20,20,0.0,0.0,False,10,100000.0
43,7,BUY_FROM_SHOP,WARRIOR,spear,NONE,30,WARRIOR,one_handed_sword,1,49.3675,0.0,False,LOW_INTEREST,1972,1972,1772,2126,1772,,,,3,PRICE_NEGOTIATION_FAILURE,264.5,0.0,264.5,164,48929.0,48929.0,32,20,20,0.0,0.0,False,10,100000.0
44,7,BUY_FROM_SHOP,MAGE,staff,NONE,,,,,35.115833333333335,0.0,False,,,,,,,,,,,NO_INTEREST,264.5,0.0,264.5,164,48929.0,48929.0,,20,20,0.0,0.0,False,10,100000.0
44,7,BUY_FROM_SHOP,ARCHER,bow,SELL_TO_CUSTOMER,82,ARCHER,crossbow,1,84.695,1.0,False,HIGH_INTEREST,1828,2285,2135,2562,2348,2348,520,0.2844638949671772,1,BUYER_PURCHASES,264.5,0.5,265.0,165,48929.0,51277.0,5,19,20,0.0,0.0,False,10,100000.0
44,7,SELL_TO_SHOP,ROGUE,,BUY_FROM_CUSTOMER,93,ROGUE,dagger,1,,,,,2026,2302,2302,2762,,,,,,SUCCESSFUL_PURCHASE,265.0,3.0,268.0,166,51277.0,49251.0,,20,20,0.0,0.0,False,10,100000.0
44,7,BUY_FROM_SHOP,MAGE,staff,NONE,69,MAGE,wand,1,79.85666666666667,1.0,False,HIGH_INTEREST,1082,1082,882,1058,970,,,,1,PRICE_NEGOTIATION_FAILURE,268.0,0.0,268.0,166,49251.0,49251.0,10,20,20,0.0,0.0,False,10,100000.0
44,7,BUY_FROM_SHOP,MAGE,wand,SELL_TO_CUSTOMER,90,MAGE,wand,3,73.95333333333333,1.0,True,HIGH_INTEREST,4776,5970,5670,6804,6237,6237,1461,0.30590452261306533,1,BUYER_PURCHASES,268.0,0.5,268.5,167,49251.0,55488.0,2,19,20,0.0,0.0,False,10,100000.0
44,7,SELL_TO_SHOP,WARRIOR,,NONE,94,WARRIOR,spear,3,,,,,,20775,20775,,,,,,,REJECTED_OVERPRICED,268.5,-2.0,266.5,167,55488.0,55488.0,,19,20,0.0,0.0,False,10,100000.0
45,7,BUY_FROM_SHOP,CLERIC,gauntlet,SELL_TO_CUSTOMER,21,CLERIC,staff,4,66.41333333333333,1.0,False,MEDIUM_INTEREST,10243,11640,13440,16128,14112,14112,3869,0.37772137069218004,2,BUYER_PURCHASES,266.5,0,266.5,168,55488.0,69600.0,38,18,20,0.0,0.0,False,10,100000.0
45,7,SELL_TO_SHOP,CLERIC,,NONE,94,CLERIC,staff,5,,,,,,213290,213290,,,,,,,REJECTED_OVERPRICED,266.5,0.0,266.5,168,69600.0,69600.0,,18,20,0.0,0.0,False,10,100000.0
45,7,SELL_TO_SHOP,MAGE,,BUY_FROM_CUSTOMER,94,MAGE,staff,1,,,,,3249,4061,4061,4873,,,,,,SUCCESSFUL_PURCHASE,266.5,4.0,270.5,169,69600.0,66351.0,,19,20,0.0,0.0,False,10,100000.0
45,7,SELL_TO_SHOP,MAGE,,BUY_FROM_CUSTOMER,95,MAGE,wand,1,,,,,3348,3805,3805,4566,,,,,,SUCCESSFUL_PURCHASE,270.5,4.0,274.5,170,66351.0,63003.0,,20,20,0.0,0.0,False,10,100000.0
45,7,SELL_TO_SHOP,ROGUE,,NONE,96,CLERIC,mace,3,,,,,,10400,10400,,,,,,,REJECTED_OVERPRICED,274.5,0.0,274.5,170,63003.0,63003.0,,20,20,0.0,0.0,False,10,100000.0
45,7,SELL_TO_SHOP,CLERIC,,NONE,96,CLERIC,mace,5,,,,,,131544,131544,,,,,,,INVENTORY_FULL,274.5,0.0,274.5,170,63003.0,63003.0,,20,20,0.0,0.0,False,10,100000.0
45,7,SELL_TO_SHOP,ARCHER,,NONE,96,ARCHER,bow,5,,,,,,41958,41958,,,,,,,INVENTORY_FULL,274.5,-2.0,272.5,170,63003.0,63003.0,,20,20,0.0,0.0,False,10,100000.0
46,7,BUY_FROM_SHOP,ROGUE,throwing_weapon,SELL_TO_CUSTOMER,76,ROGUE,dagger,3,74.87,1.0,False,HIGH_INTEREST,6908,7850,8850,10620,9292,9292,2384,0.34510712217718587,1,BUYER_PURCHASES,272.5,0.5,273.0,171,63003.0,72295.0,10,19,20,0.0,0.0,False,10,100000.0
46,7,BUY_FROM_SHOP,MAGE,grimoire,SELL_TO_CUSTOMER,94,MAGE,staff,1,73.62666666666667,1.0,False,HIGH_INTEREST,3249,4061,4061,4873,4467,4467,1218,0.37488457987072943,1,BUYER_PURCHASES,273.0,0.5,273.5,172,72295.0,76762.0,1,18,20,0.0,0.0,False,10,100000.0
46,7,BUY_FROM_SHOP,GUNNER,gun,NONE,92,GUNNER,gun,1,81.34,1.0,True,HIGH_INTEREST,1223,1223,1223,1468,1284,,,,1,PRICE_NEGOTIATION_FAILURE,273.5,0.0,273.5,172,76762.0,76762.0,3,18,20,0.0,0.0,False,10,100000.0
46,7,SELL_TO_SHOP,WARRIOR,,BUY_FROM_CUSTOMER,96,WARRIOR,one_handed_sword,1,,,,,1745,1983,1983,2380,,,,,,SUCCESSFUL_PURCHASE,273.5,4.0,277.5,173,76762.0,75017.0,,19,20,0.0,0.0,False,10,100000.0
46,7,BUY_FROM_SHOP,WARRIOR,axe,NONE,30,WARRIOR,one_handed_sword,1,54.635,0.5,False,LOW_INTEREST,1972,1972,1772,2126,1807,,,,3,PRICE_NEGOTIATION_FAILURE,277.5,0.0,277.5,173,75017.0,75017.0,35,19,20,0.0,0.0,False,10,100000.0
46,7,SELL_TO_SHOP,ARCHER,,BUY_FROM_CUSTOMER,97,WARRIOR,one_handed_sword,3,,,,,7498,8520,8520,10224,,,,,,SUCCESSFUL_PURCHASE,277.5,3.0,280.5,174,75017.0,67519.0,,20,20,0.0,0.0,False,10,100000.0
46,7,BUY_FROM_SHOP,GUNNER,heavy_weapon,SELL_TO_CUSTOMER,91,GUNNER,heavy_weapon,3,89.21583333333334,1.0,True,VERY_HIGH_INTEREST,10590,21180,21180,25416,24357,24357,13767,1.3,0,BUYER_PURCHASES,280.5,1.0,281.5,175,67519.0,91876.0,3,19,20,0.0,0.0,False,10,100000.0
47,7,BUY_FROM_SHOP,ARCHER,crossbow,SELL_TO_CUSTOMER,74,ARCHER,bow,2,67.22666666666667,0.5,False,MEDIUM_INTEREST,4481,8962,8602,10322,9290,9290,4809,1.0731979468868555,2,BUYER_PURCHASES,281.5,0,281.5,176,91876.0,101166.0,12,18,20,0.0,0.0,False,10,100000.0
47,7,SELL_TO_SHOP,MAGE,,BUY_FROM_CUSTOMER,98,MAGE,staff,1,,,,,2174,2174,2174,2609,,,,,,SUCCESSFUL_PURCHASE,281.5,1.0,282.5,177,101166.0,98992.0,,19,20,0.0,0.0,False,10,100000.0
47,7,BUY_FROM_SHOP,ROGUE,dagger,SELL_TO_CUSTOMER,77,ROGUE,dagger,2,54.865833333333335,0.0,True,LOW_INTEREST,3555,4040,4540,5448,4631,4631,1076,0.30267229254571026,3,BUYER_PURCHASES,282.5,-1,281.5,178,98992.0,103623.0,10,18,20,0.0,0.0,False,10,100000.0
47,7,SELL_TO_SHOP,ROGUE,,BUY_FROM_CUSTOMER,99,ROGUE,dagger,4,,,,,18270,36540,36540,43848,,,,,,SUCCESSFUL_PURCHASE,281.5,2.0,283.5,179,103623.0,85353.0,,19,20,0.0,0.0,False,10,100000.0
47,7,BUY_FROM_SHOP,GUNNER,gun,SELL_TO_CUSTOMER,81,GUNNER,gun,3,94.01833333333333,1.0,True,VERY_HIGH_INTEREST,8712,14520,14070,16884,16884,16884,8172,0.9380165289256198,0,BUYER_PURCHASES,283.5,1.0,284.5,180,85353.0,102237.0,8,18,20,0.0,0.0,False,10,100000.0
47,7,BUY_FROM_SHOP,ARCHER,bow,NONE,87,ARCHER,crossbow,1,70.145,1.0,False,HIGH_INTEREST,521,521,296,355,337,,,,1,PRICE_NEGOTIATION_FAILURE,284.5,0.0,284.5,180,102237.0,102237.0,7,18,20,0.0,0.0,False,10,100000.0
48,7,BUY_FROM_SHOP,WARRIOR,axe,NONE,30,WARRIOR,one_handed_sword,1,75.7675,1.0,False,HIGH_INTEREST,1972,1972,1772,2126,1949,,,,1,PRICE_NEGOTIATION_FAILURE,284.5,0.0,284.5,180,102237.0,102237.0,37,18,20,0.0,0.0,False,10,100000.0
48,7,SELL_TO_SHOP,WARRIOR,,NONE,100,WARRIOR,axe,1,,,,,,1208,1208,,,,,,,REJECTED_OVERPRICED,284.5,-2.0,282.5,180,102237.0,102237.0,,18,20,0.0,0.0,False,10,100000.0
48,7,SELL_TO_SHOP,ARCHER,,BUY_FROM_CUSTOMER,100,ARCHER,bow,3,,,,,10517,19122,19122,22946,,,,,,SUCCESSFUL_PURCHASE,282.5,3.0,285.5,181,102237.0,91720.0,,19,20,0.0,0.0,False,10,100000.0
48,7,SELL_TO_SHOP,WARRIOR,,NONE,101,WARRIOR,greatsword,4,,,,,,62010,62010,,,,,,,REJECTED_OVERPRICED,285.5,0.0,285.5,181,91720.0,91720.0,,19,20,0.0,0.0,False,10,100000.0
48,7,SELL_TO_SHOP,GUNNER,,NONE,101,WARRIOR,greatsword,4,,,,,,45495,45495,,,,,,,REJECTED_OVERPRICED,285.5,-2.0,283.5,181,91720.0,91720.0,,19,20,0.0,0.0,False,10,100000.0
48,7,BUY_FROM_SHOP,GUNNER,heavy_weapon,SELL_TO_CUSTOMER,88,GUNNER,gun,2,53.32666666666667,0.0,False,LOW_INTEREST,3364,6728,6458,7750,6458,6458,3094,0.9197384066587396,3,BUYER_PURCHASES,283.5,-1,282.5,182,91720.0,98178.0,8,18,20,0.0,0.0,False,10,100000.0
49,7,SELL_TO_SHOP,MAGE,,BUY_FROM_CUSTOMER,101,MAGE,grimoire,4,,,,,7187,13068,13068,15682,,,,,,SUCCESSFUL_PURCHASE,282.5,3.0,285.5,183,98178.0,90991.0,,19,20,0.0,0.0,False,10,100000.0
49,7,BUY_FROM_SHOP,WARRIOR,spear,SELL_TO_CUSTOMER,97,WARRIOR,one_handed_sword,3,73.21583333333334,0.6,False,HIGH_INTEREST,7498,8520,8520,10224,9372,9372,1874,0.24993331555081355,1,BUYER_PURCHASES,285.5,0.5,286.0,184,90991.0,100363.0,3,18,20,0.0,0.0,False,10,100000.0
49,7,BUY_FROM_SHOP,ROGUE,throwing_weapon,SELL_TO_CUSTOMER,93,ROGUE,dagger,1,72.4475,1.0,False,HIGH_INTEREST,2026,2302,2302,2762,2624,2624,598,0.29516288252714706,1,BUYER_PURCHASES,286.0,0.5,286.5,185,100363.0,102987.0,5,17,20,0.0,0.0,False,10,100000.0
49,7,BUY_FROM_SHOP,CLERIC,gauntlet,NONE,,,,,,,,,,,,,,,,,,NO_COMPATIBLE_ITEM,286.5,0.0,286.5,185,102987.0,102987.0,,17,20,0.0,0.0,False,10,100000.0
49,7,SELL_TO_SHOP,ARCHER,,BUY_FROM_CUSTOMER,102,ARCHER,bow,1,,,,,1454,1515,1515,1818,,,,,,SUCCESSFUL_PURCHASE,286.5,3.0,289.5,186,102987.0,101533.0,,18,20,0.0,0.0,False,10,100000.0
49,7,BUY_FROM_SHOP,CLERIC,staff,NONE,,,,,,,,,,,,,,,,,,NO_COMPATIBLE_ITEM,289.5,0.0,289.5,186,101533.0,101533.0,,18,20,0.0,0.0,False,10,100000.0
49,7,SELL_TO_SHOP,ARCHER,,NONE,103,ARCHER,crossbow,3,,,,,,9332,9332,,,,,,,REJECTED_OVERPRICED,289.5,0.0,289.5,186,101533.0,101533.0,,18,20,0.0,0.0,False,10,100000.0
49,7,SELL_TO_SHOP,GUNNER,,BUY_FROM_CUSTOMER,103,GUNNER,heavy_weapon,3,,,,,36439,41408,41408,49690,,,,,,SUCCESSFUL_PURCHASE,289.5,3.0,292.5,187,101533.0,65094.0,,19,20,0.0,0.0,False,10,100000.0
50,8,BUY_FROM_SHOP,ROGUE,throwing_weapon,SELL_TO_CUSTOMER,99,ROGUE,dagger,4,81.98,1.0,False,HIGH_INTEREST,18270,36540,30540,36648,32067,32067,13797,0.7551724137931034,1,BUYER_PURCHASES,292.5,0.5,293.0,188,51094.0,83161.0,3,18,20,0.0,0.0,False,10,100000.0
50,8,BUY_FROM_SHOP,CLERIC,gauntlet,NONE,,,,,,,,,,,,,,,,,,NO_COMPATIBLE_ITEM,293.0,0.0,293.0,188,83161.0,83161.0,,18,20,0.0,0.0,False,10,100000.0
50,8,BUY_FROM_SHOP,MAGE,wand,SELL_TO_CUSTOMER,95,MAGE,wand,1,81.81,1.0,True,HIGH_INTEREST,3348,3805,5083,6100,5591,5591,2243,0.6699522102747909,1,BUYER_PURCHASES,293.0,0.5,293.5,189,83161.0,88752.0,5,17,20,0.0,0.0,False,10,100000.0
50,8,BUY_FROM_SHOP,WARRIOR,axe,NONE,30,WARRIOR,one_handed_sword,1,56.635,0.5,False,MEDIUM_INTEREST,1972,1972,1452,1742,1452,,,,2,PRICE_NEGOTIATION_FAILURE,293.5,0.0,293.5,189,88752.0,88752.0,39,17,20,0.0,0.0,False,10,100000.0
50,8,SELL_TO_SHOP,CLERIC,,BUY_FROM_CUSTOMER,104,CLERIC,gauntlet,3,,,,,4369,7944,7944,9533,,,,,,SUCCESSFUL_PURCHASE,293.5,3.0,296.5,190,88752.0,84383.0,,18,20,0.0,0.0,False,10,100000.0
50,8,BUY_FROM_SHOP,WARRIOR,one_handed_sword,NONE,30,WARRIOR,one_handed_sword,1,62.2675,0.5,True,MEDIUM_INTEREST,1972,1972,1452,1742,1568,,,,2,PRICE_NEGOTIATION_FAILURE,296.5,0.0,296.5,190,84383.0,84383.0,39,18,20,0.0,0.0,False,10,100000.0
51,8,BUY_FROM_SHOP,CLERIC,gauntlet,SELL_TO_CUSTOMER,104,CLERIC,gauntlet,3,64.295,0.6,True,MEDIUM_INTEREST,4369,7944,7944,9533,7944,7944,3575,0.8182650492103456,2,BUYER_PURCHASES,296.5,0,296.5,191,84383.0,92327.0,1,17,20,0.0,0.0,False,10,100000.0
51,8,SELL_TO_SHOP,WARRIOR,,BUY_FROM_CUSTOMER,105,ARCHER,bow,1,,,,,578,1050,1050,1260,,,,,,SUCCESSFUL_PURCHASE,296.5,3.0,299.5,192,92327.0,91749.0,,18,20,0.0,0.0,False,10,100000.0
51,8,BUY_FROM_SHOP,CLERIC,mace,NONE,,,,,,,,,,,,,,,,,,NO_COMPATIBLE_ITEM,299.5,0.0,299.5,192,91749.0,91749.0,,18,20,0.0,0.0,False,10,100000.0
51,8,BUY_FROM_SHOP,ROGUE,dagger,NONE,,,,,,,,,,,,,,,,,,NO_COMPATIBLE_ITEM,299.5,0.0,299.5,192,91749.0,91749.0,,18,20,0.0,0.0,False,10,100000.0
51,8,BUY_FROM_SHOP,ROGUE,throwing_weapon,NONE,,,,,,,,,,,,,,,,,,NO_COMPATIBLE_ITEM,299.5,0.0,299.5,192,91749.0,91749.0,,18,20,0.0,0.0,False,10,100000.0
51,8,SELL_TO_SHOP,MAGE,,BUY_FROM_CUSTOMER,106,MAGE,wand,2,,,,,3110,3240,3240,3888,,,,,,SUCCESSFUL_PURCHASE,299.5,4.0,303.5,193,91749.0,88639.0,,19,20,0.0,0.0,False,10,100000.0
52,8,SELL_TO_SHOP,CLERIC,,BUY_FROM_CUSTOMER,107,CLERIC,staff,2,,,,,2873,3265,3265,3918,,,,,,SUCCESSFUL_PURCHASE,303.5,3.0,306.5,194,88639.0,85766.0,,20,20,0.0,0.0,False,10,100000.0
52,8,SELL_TO_SHOP,ROGUE,,NONE,108,ROGUE,throwing_weapon,2,,,,,,3898,3898,,,,,,,INVENTORY_FULL,306.5,0.0,306.5,194,85766.0,85766.0,,20,20,0.0,0.0,False,10,100000.0
52,8,SELL_TO_SHOP,MAGE,,NONE,108,MAGE,wand,3,,,,,,20670,20670,,,,,,,REJECTED_OVERPRICED,306.5,0.0,306.5,194,85766.0,85766.0,,20,20,0.0,0.0,False,10,100000.0
52,8,SELL_TO_SHOP,GUNNER,,NONE,108,GUNNER,gun,5,,,,,,81732,81732,,,,,,,INVENTORY_FULL,306.5,0.0,306.5,194,85766.0,85766.0,,20,20,0.0,0.0,False,10,100000.0
52,8,BUY_FROM_SHOP,GUNNER,heavy_weapon,SELL_TO_CUSTOMER,89,GUNNER,heavy_weapon,1,90.71,1.0,True,VERY_HIGH_INTEREST,1017,2034,1794,2153,2153,2153,1136,1.1170108161258603,0,BUYER_PURCHASES,306.5,1.0,307.5,195,85766.0,87919.0,11,19,20,0.0,0.0,False,10,100000.0
52,8,SELL_TO_SHOP,CLERIC,,BUY_FROM_CUSTOMER,108,CLERIC,gauntlet,2,,,,,1105,2009,2009,2411,,,,,,SUCCESSFUL_PURCHASE,307.5,3.0,310.5,196,87919.0,86814.0,,20,20,0.0,0.0,False,10,100000.0
53,8,SELL_TO_SHOP,GUNNER,,NONE,109,CLERIC,gauntlet,3,,,,,,12000,12000,,,,,,,INVENTORY_FULL,310.5,0.0,310.5,196,86814.0,86814.0,,20,20,0.0,0.0,False,10,100000.0
53,8,BUY_FROM_SHOP,ARCHER,bow,SELL_TO_CUSTOMER,100,ARCHER,bow,3,78.115,1.0,True,HIGH_INTEREST,10517,19122,21522,25826,22598,22598,12081,1.1487116097746506,1,BUYER_PURCHASES,310.5,0.5,311.0,197,86814.0,109412.0,5,19,20,0.0,0.0,False,10,100000.0
53,8,BUY_FROM_SHOP,WARRIOR,greatsword,NONE,,,,,30.535,0.0,False,,,,,,,,,,,NO_INTEREST,311.0,0.0,311.0,197,109412.0,109412.0,,19,20,0.0,0.0,False,10,100000.0
53,8,BUY_FROM_SHOP,CLERIC,gauntlet,SELL_TO_CUSTOMER,108,CLERIC,gauntlet,2,72.24625,0.5,True,HIGH_INTEREST,1105,2009,2009,2411,2290,2290,1185,1.0723981900452488,1,BUYER_PURCHASES,311.0,0.5,311.5,198,109412.0,111702.0,1,18,20,0.0,0.0,False,10,100000.0
53,8,SELL_TO_SHOP,MAGE,,BUY_FROM_CUSTOMER,109,MAGE,wand,4,,,,,14424,14424,14424,17309,,,,,,SUCCESSFUL_PURCHASE,311.5,0,311.5,199,111702.0,97278.0,,19,20,0.0,0.0,False,10,100000.0
53,8,SELL_TO_SHOP,ROGUE,,NONE,110,ROGUE,dagger,2,,,,,,9056,9056,,,,,,,REJECTED_SCAMMER,311.5,-5,306.5,199,97278.0,97278.0,,19,20,0.0,0.0,False,10,100000.0
53,8,SELL_TO_SHOP,ROGUE,,BUY_FROM_CUSTOMER,110,ROGUE,throwing_weapon,1,,,,,2596,5191,5191,6229,,,,,,SUCCESSFUL_PURCHASE,306.5,3.0,309.5,200,97278.0,94682.0,,20,20,0.0,0.0,False,10,100000.0
54,8,SELL_TO_SHOP,GUNNER,,NONE,111,GUNNER,heavy_weapon,2,,,,,,9852,9852,,,,,,,REJECTED_OVERPRICED,309.5,-2.0,307.5,200,94682.0,94682.0,,20,20,0.0,0.0,False,10,100000.0
54,8,SELL_TO_SHOP,CLERIC,,NONE,111,CLERIC,mace,1,,,,,,2859,2859,,,,,,,REJECTED_OVERPRICED,307.5,0.0,307.5,200,94682.0,94682.0,,20,20,0.0,0.0,False,10,100000.0
54,8,SELL_TO_SHOP,ROGUE,,NONE,111,WARRIOR,greatsword,1,,,,,,2795,2795,,,,,,,REJECTED_OVERPRICED,307.5,-2.0,305.5,200,94682.0,94682.0,,20,20,0.0,0.0,False,10,100000.0
54,8,BUY_FROM_SHOP,WARRIOR,spear,NONE,30,WARRIOR,one_handed_sword,1,48.935,0.0,False,LOW_INTEREST,1972,1972,1452,1742,1452,,,,3,PRICE_NEGOTIATION_FAILURE,305.5,0.0,305.5,200,94682.0,94682.0,43,20,20,0.0,0.0,False,10,100000.0
54,8,SELL_TO_SHOP,WARRIOR,,NONE,111,WARRIOR,spear,2,,,,,,3525,3525,,,,,,,INVENTORY_FULL,305.5,-2.0,303.5,200,94682.0,94682.0,,20,20,0.0,0.0,False,10,100000.0
54,8,BUY_FROM_SHOP,ROGUE,throwing_weapon,SELL_TO_CUSTOMER,110,ROGUE,throwing_weapon,1,64.39166666666667,0.0,True,MEDIUM_INTEREST,2596,5191,5191,6229,5451,5451,2855,1.099768875192604,2,BUYER_PURCHASES,303.5,0,303.5,201,94682.0,100133.0,1,19,20,0.0,0.0,False,10,100000.0
55,8,SELL_TO_SHOP,ROGUE,,NONE,111,ROGUE,dagger,4,,,,,,9084,9084,,,,,,,REJECTED_OVERPRICED,303.5,-2.0,301.5,201,100133.0,100133.0,,19,20,0.0,0.0,False,10,100000.0
55,8,SELL_TO_SHOP,CLERIC,,BUY_FROM_CUSTOMER,111,ROGUE,dagger,1,,,,,429,780,780,936,,,,,,SUCCESSFUL_PURCHASE,301.5,3.0,304.5,202,100133.0,99704.0,,20,20,0.0,0.0,False,10,100000.0
55,8,BUY_FROM_SHOP,CLERIC,staff,NONE,107,CLERIC,staff,2,43.31,0.25,True,LOW_INTEREST,2873,3265,3265,3918,3102,,,,3,PRICE_NEGOTIATION_FAILURE,304.5,0.0,304.5,202,99704.0,99704.0,3,20,20,0.0,0.0,False,10,100000.0
55,8,SELL_TO_SHOP,MAGE,,NONE,112,MAGE,grimoire,3,,,,,,22452,22452,,,,,,,REJECTED_OVERPRICED,304.5,-2.0,302.5,202,99704.0,99704.0,,20,20,0.0,0.0,False,10,100000.0
55,8,BUY_FROM_SHOP,GUNNER,heavy_weapon,SELL_TO_CUSTOMER,103,GUNNER,heavy_weapon,3,96.56166666666667,1.0,True,VERY_HIGH_INTEREST,36439,41408,40208,48250,48250,48250,11811,0.32413073904333267,0,BUYER_PURCHASES,302.5,1.0,303.5,203,99704.0,147954.0,6,19,20,0.0,0.0,False,10,100000.0
55,8,BUY_FROM_SHOP,WARRIOR,spear,NONE,30,WARRIOR,one_handed_sword,1,44.47,0.0,False,LOW_INTEREST,1972,1972,1452,1742,1481,,,,3,PRICE_NEGOTIATION_FAILURE,303.5,0.0,303.5,203,147954.0,147954.0,44,19,20,0.0,0.0,False,10,100000.0
55,8,BUY_FROM_SHOP,GUNNER,gun,NONE,92,GUNNER,gun,1,81.545,1.0,True,HIGH_INTEREST,1223,1223,1103,1324,1158,,,,1,PRICE_NEGOTIATION_FAILURE,303.5,0.0,303.5,203,147954.0,147954.0,12,19,20,0.0,0.0,False,10,100000.0
55,8,BUY_FROM_SHOP,GUNNER,gun,SELL_TO_CUSTOMER,75,GUNNER,gun,2,55.545,0.0,True,MEDIUM_INTEREST,2627,4378,3898,4678,4210,4210,1583,0.6025885039969547,2,BUYER_PURCHASES,303.5,0,303.5,204,147954.0,152164.0,19,18,20,0.0,0.0,False,10,100000.0
56,8,BUY_FROM_SHOP,MAGE,grimoire,SELL_TO_CUSTOMER,109,MAGE,wand,4,63.835,1.0,False,MEDIUM_INTEREST,14424,14424,14424,17309,15578,15578,1154,0.08000554631170272,2,BUYER_PURCHASES,303.5,0,303.5,205,152164.0,167742.0,3,17,20,0.0,0.0,False,10,100000.0
56,8,SELL_TO_SHOP,ROGUE,,BUY_FROM_CUSTOMER,112,WARRIOR,greatsword,3,,,,,4500,7500,7500,9000,,,,,,SUCCESSFUL_PURCHASE,303.5,3.0,306.5,206,167742.0,163242.0,,18,20,0.0,0.0,False,10,100000.0
56,8,BUY_FROM_SHOP,CLERIC,mace,SELL_TO_CUSTOMER,107,CLERIC,staff,2,49.54,0.5,False,LOW_INTEREST,2873,3265,3265,3918,3265,3265,392,0.13644274277758442,3,BUYER_PURCHASES,306.5,-1,305.5,207,163242.0,166507.0,4,17,20,0.0,0.0,False,10,100000.0
56,8,BUY_FROM_SHOP,GUNNER,heavy_weapon,NONE,92,GUNNER,gun,1,57.44625,0.5,False,MEDIUM_INTEREST,1223,1223,1103,1324,1103,,,,2,PRICE_NEGOTIATION_FAILURE,305.5,0.0,305.5,207,166507.0,166507.0,13,17,20,0.0,0.0,False,10,100000.0
56,8,SELL_TO_SHOP,GUNNER,,BUY_FROM_CUSTOMER,113,GUNNER,heavy_weapon,1,,,,,899,1499,1499,1799,,,,,,SUCCESSFUL_PURCHASE,305.5,3.0,308.5,208,166507.0,165608.0,,18,20,0.0,0.0,False,10,100000.0
56,8,SELL_TO_SHOP,MAGE,,BUY_FROM_CUSTOMER,114,MAGE,staff,5,,,,,71918,81725,81725,98070,,,,,,SUCCESSFUL_PURCHASE,308.5,3.0,311.5,209,165608.0,93690.0,,19,20,0.0,0.0,False,10,100000.0
56,8,BUY_FROM_SHOP,WARRIOR,greatsword,SELL_TO_CUSTOMER,112,WARRIOR,greatsword,3,56.05,1.0,True,MEDIUM_INTEREST,4500,7500,7500,9000,8100,8100,3600,0.8,2,BUYER_PURCHASES,311.5,0,311.5,210,93690.0,101790.0,0,18,20,0.0,0.0,False,10,100000.0
56,8,SELL_TO_SHOP,GUNNER,,BUY_FROM_CUSTOMER,115,GUNNER,gun,2,,,,,2446,4076,4076,4891,,,,,,SUCCESSFUL_PURCHASE,311.5,3.0,314.5,211,101790.0,99344.0,,19,20,0.0,0.0,False,10,100000.0
57,9,SELL_TO_SHOP,WARRIOR,,BUY_FROM_CUSTOMER,116,WARRIOR,greatsword,3,,,,,8254,9380,9380,11256,,,,,,SUCCESSFUL_PURCHASE,314.5,3.0,317.5,212,83344.0,75090.0,,20,20,0.0,0.0,False,10,100000.0
57,9,SELL_TO_SHOP,ROGUE,,NONE,117,WARRIOR,one_handed_sword,2,,,,,,6600,6600,,,,,,,INVENTORY_FULL,317.5,-2.0,315.5,212,75090.0,75090.0,,20,20,0.0,0.0,False,10,100000.0
57,9,SELL_TO_SHOP,ARCHER,,NONE,117,ARCHER,bow,2,,,,,,3706,3706,,,,,,,INVENTORY_FULL,315.5,-2.0,313.5,212,75090.0,75090.0,,20,20,0.0,0.0,False,10,100000.0
57,9,BUY_FROM_SHOP,GUNNER,heavy_weapon,SELL_TO_CUSTOMER,115,GUNNER,gun,2,77.145,1.0,False,HIGH_INTEREST,2446,4076,4476,5371,4700,4700,2254,0.9215044971381848,1,BUYER_PURCHASES,313.5,0.5,314.0,213,75090.0,79790.0,1,19,20,0.0,0.0,False,10,100000.0
57,9,BUY_FROM_SHOP,ARCHER,bow,SELL_TO_CUSTOMER,71,ARCHER,bow,2,81.11583333333333,1.0,True,HIGH_INTEREST,1872,3744,4304,5165,4734,4734,2862,1.5288461538461537,1,BUYER_PURCHASES,314.0,0.5,314.5,214,79790.0,84524.0,22,18,20,0.0,0.0,False,10,100000.0
57,9,SELL_TO_SHOP,MAGE,,NONE,117,MAGE,wand,3,,,,,,23628,23628,,,,,,,REJECTED_OVERPRICED,314.5,-2.0,312.5,214,84524.0,84524.0,,18,20,0.0,0.0,False,10,100000.0
58,9,BUY_FROM_SHOP,WARRIOR,greatsword,NONE,30,WARRIOR,one_handed_sword,1,80.8675,1.0,False,HIGH_INTEREST,1972,1972,1852,2222,1945,,,,1,PRICE_NEGOTIATION_FAILURE,312.5,0.0,312.5,214,84524.0,84524.0,47,18,20,0.0,0.0,False,10,100000.0
58,9,SELL_TO_SHOP,ARCHER,,BUY_FROM_CUSTOMER,117,ARCHER,bow,4,,,,,1609,2925,2925,3510,,,,,,SUCCESSFUL_PURCHASE,312.5,3.0,315.5,215,84524.0,82915.0,,19,20,0.0,0.0,False,10,100000.0
58,9,SELL_TO_SHOP,MAGE,,BUY_FROM_CUSTOMER,118,ARCHER,bow,3,,,,,6614,12025,12025,14430,,,,,,SUCCESSFUL_PURCHASE,315.5,3.0,318.5,216,82915.0,76301.0,,20,20,0.0,0.0,False,10,100000.0
58,9,BUY_FROM_SHOP,ARCHER,bow,SELL_TO_CUSTOMER,102,ARCHER,bow,1,71.09,1.0,True,HIGH_INTEREST,1454,1515,2015,2418,2116,2116,662,0.45529573590096284,1,BUYER_PURCHASES,318.5,0.5,319.0,217,76301.0,78417.0,9,19,20,0.0,0.0,False,10,100000.0
58,9,SELL_TO_SHOP,GUNNER,,BUY_FROM_CUSTOMER,119,GUNNER,heavy_weapon,4,,,,,11964,19940,19940,23928,,,,,,SUCCESSFUL_PURCHASE,319.0,2.0,321.0,218,78417.0,66453.0,,20,20,0.0,0.0,False,10,100000.0
58,9,BUY_FROM_SHOP,ROGUE,dagger,SELL_TO_CUSTOMER,111,ROGUE,dagger,1,57.45,1.0,True,MEDIUM_INTEREST,429,780,975,1170,1024,1024,595,1.386946386946387,2,BUYER_PURCHASES,321.0,0,321.0,219,66453.0,67477.0,3,19,20,0.0,0.0,False,10,100000.0
58,9,SELL_TO_SHOP,ARCHER,,BUY_FROM_CUSTOMER,120,ARCHER,crossbow,1,,,,,1826,3044,3044,3653,,,,,,SUCCESSFUL_PURCHASE,321.0,3.0,324.0,220,67477.0,65651.0,,20,20,0.0,0.0,False,10,100000.0
58,9,SELL_TO_SHOP,GUNNER,,NONE,121,WARRIOR,axe,3,,,,,,14950,14950,,,,,,,REJECTED_OVERPRICED,324.0,0.0,324.0,220,65651.0,65651.0,,20,20,0.0,0.0,False,10,100000.0
59,9,SELL_TO_SHOP,ROGUE,,NONE,121,ROGUE,throwing_weapon,1,,,,,,2092,2092,,,,,,,REJECTED_SCAMMER,324.0,-5,319.0,220,65651.0,65651.0,,20,20,0.0,0.0,False,10,100000.0
59,9,SELL_TO_SHOP,GUNNER,,NONE,121,GUNNER,gun,1,,,,,,3006,3006,,,,,,,INVENTORY_FULL,319.0,0.0,319.0,220,65651.0,65651.0,,20,20,0.0,0.0,False,10,100000.0
59,9,BUY_FROM_SHOP,GUNNER,gun,SELL_TO_CUSTOMER,92,GUNNER,gun,1,78.44625,1.0,True,HIGH_INTEREST,1223,1223,1303,1564,1486,1486,263,0.21504497138184792,1,BUYER_PURCHASES,319.0,0.5,319.5,221,65651.0,67137.0,16,19,20,0.0,0.0,False,10,100000.0
59,9,SELL_TO_SHOP,WARRIOR,,NONE,121,WARRIOR,axe,2,,,,,,8894,8894,,,,,,,REJECTED_OVERPRICED,319.5,-2.0,317.5,221,67137.0,67137.0,,19,20,0.0,0.0,False,10,100000.0
59,9,BUY_FROM_SHOP,MAGE,wand,SELL_TO_CUSTOMER,69,MAGE,wand,1,82.35666666666667,1.0,True,HIGH_INTEREST,1082,1082,1202,1442,1262,1262,180,0.16635859519408502,1,BUYER_PURCHASES,317.5,0.5,318.0,222,67137.0,68399.0,25,18,20,0.0,0.0,False,10,100000.0
59,9,BUY_FROM_SHOP,ROGUE,dagger,NONE,,,,,,,,,,,,,,,,,,NO_COMPATIBLE_ITEM,318.0,0.0,318.0,222,68399.0,68399.0,,18,20,0.0,0.0,False,10,100000.0
60,9,SELL_TO_SHOP,ROGUE,,BUY_FROM_CUSTOMER,121,ROGUE,throwing_weapon,2,,,,,3724,3724,3724,4469,,,,,,SUCCESSFUL_PURCHASE,318.0,1.0,319.0,223,68399.0,64675.0,,19,20,0.0,0.0,False,10,100000.0
60,9,BUY_FROM_SHOP,WARRIOR,axe,SELL_TO_CUSTOMER,116,WARRIOR,greatsword,3,75.465,1.0,False,HIGH_INTEREST,8254,9380,9380,11256,9849,9849,1595,0.19323964138599467,1,BUYER_PURCHASES,319.0,0.5,319.5,224,64675.0,74524.0,3,18,20,0.0,0.0,False,10,100000.0
60,9,BUY_FROM_SHOP,ARCHER,crossbow,SELL_TO_CUSTOMER,120,ARCHER,crossbow,1,89.04625,1.0,True,VERY_HIGH_INTEREST,1826,3044,3044,3653,3653,3653,1827,1.0005476451259583,0,BUYER_PURCHASES,319.5,1.0,320.5,225,74524.0,78177.0,2,17,20,0.0,0.0,False,10,100000.0
60,9,BUY_FROM_SHOP,ARCHER,crossbow,SELL_TO_CUSTOMER,87,ARCHER,crossbow,1,76.745,1.0,True,HIGH_INTEREST,521,521,1046,1255,1151,1151,630,1.2092130518234165,1,BUYER_PURCHASES,320.5,0.5,321.0,226,78177.0,79328.0,20,16,20,0.0,0.0,False,10,100000.0
60,9,BUY_FROM_SHOP,CLERIC,staff,NONE,,,,,,,,,,,,,,,,,,NO_COMPATIBLE_ITEM,321.0,0.0,321.0,226,79328.0,79328.0,,16,20,0.0,0.0,False,10,100000.0
60,9,BUY_FROM_SHOP,ROGUE,throwing_weapon,NONE,121,ROGUE,throwing_weapon,2,63.198750000000004,0.5,True,MEDIUM_INTEREST,3724,3724,3724,4469,3724,,,,2,PRICE_NEGOTIATION_FAILURE,321.0,0.0,321.0,226,79328.0,79328.0,0,16,20,0.0,0.0,False,10,100000.0
60,9,BUY_FROM_SHOP,MAGE,staff,SELL_TO_CUSTOMER,98,MAGE,staff,1,73.81,1.0,True,HIGH_INTEREST,2174,2174,2574,3089,2703,2703,529,0.24333026678932843,1,BUYER_PURCHASES,321.0,0.5,321.5,227,79328.0,82031.0,13,15,20,0.0,0.0,False,10,100000.0
61,9,SELL_TO_SHOP,ARCHER,,BUY_FROM_CUSTOMER,122,ARCHER,crossbow,3,,,,,16394,18630,18630,22356,,,,,,SUCCESSFUL_PURCHASE,321.5,2.0,323.5,228,82031.0,65637.0,,16,20,0.0,0.0,False,10,100000.0
61,9,SELL_TO_SHOP,ARCHER,,BUY_FROM_CUSTOMER,123,ARCHER,crossbow,1,,,,,946,1891,1891,2269,,,,,,SUCCESSFUL_PURCHASE,323.5,3.0,326.5,229,65637.0,64691.0,,17,20,0.0,0.0,False,10,100000.0
61,9,SELL_TO_SHOP,CLERIC,,BUY_FROM_CUSTOMER,124,CLERIC,gauntlet,1,,,,,2423,2524,2524,3029,,,,,,SUCCESSFUL_PURCHASE,326.5,3.0,329.5,230,64691.0,62268.0,,18,20,0.0,0.0,False,10,100000.0
61,9,SELL_TO_SHOP,ARCHER,,BUY_FROM_CUSTOMER,125,ARCHER,crossbow,4,,,,,18488,36975,36975,44370,,,,,,SUCCESSFUL_PURCHASE,329.5,3.0,332.5,231,62268.0,43780.0,,19,20,0.0,0.0,False,10,100000.0
61,9,BUY_FROM_SHOP,CLERIC,mace,NONE,,,,,38.4475,0.0,False,,,,,,,,,,,NO_INTEREST,332.5,0.0,332.5,231,43780.0,43780.0,,19,20,0.0,0.0,False,10,100000.0
61,9,BUY_FROM_SHOP,CLERIC,gauntlet,SELL_TO_CUSTOMER,124,CLERIC,gauntlet,1,68.64750000000001,1.0,True,MEDIUM_INTEREST,2423,2524,2524,3029,2726,2726,303,0.1250515889393314,2,BUYER_PURCHASES,332.5,0,332.5,232,43780.0,46506.0,0,18,20,0.0,0.0,False,10,100000.0
61,9,SELL_TO_SHOP,ARCHER,,BUY_FROM_CUSTOMER,126,ARCHER,bow,2,,,,,2254,4098,4098,4918,,,,,,SUCCESSFUL_PURCHASE,332.5,2.0,334.5,233,46506.0,44252.0,,19,20,0.0,0.0,False,10,100000.0
61,9,SELL_TO_SHOP,ARCHER,,NONE,127,ARCHER,crossbow,3,,,,,,13702,13702,,,,,,,REJECTED_SCAMMER,334.5,-5,329.5,233,44252.0,44252.0,,19,20,0.0,0.0,False,10,100000.0
62,9,SELL_TO_SHOP,GUNNER,,BUY_FROM_CUSTOMER,127,GUNNER,gun,1,,,,,5219,5436,5436,6523,,,,,,SUCCESSFUL_PURCHASE,329.5,3.0,332.5,234,44252.0,39033.0,,20,20,0.0,0.0,False,10,100000.0
62,9,SELL_TO_SHOP,ARCHER,,NONE,128,ARCHER,crossbow,5,,,,,,134645,134645,,,,,,,INVENTORY_FULL,332.5,0.0,332.5,234,39033.0,39033.0,,20,20,0.0,0.0,False,10,100000.0
62,9,BUY_FROM_SHOP,GUNNER,gun,SELL_TO_CUSTOMER,119,GUNNER,heavy_weapon,4,75.64,1.0,False,HIGH_INTEREST,11964,19940,19940,23928,21934,21934,9970,0.8333333333333334,1,BUYER_PURCHASES,332.5,0.5,333.0,235,39033.0,60967.0,4,19,20,0.0,0.0,False,10,100000.0
62,9,BUY_FROM_SHOP,CLERIC,gauntlet,NONE,,,,,,,,,,,,,,,,,,NO_COMPATIBLE_ITEM,333.0,0.0,333.0,235,60967.0,60967.0,,19,20,0.0,0.0,False,10,100000.0
62,9,SELL_TO_SHOP,WARRIOR,,BUY_FROM_CUSTOMER,128,WARRIOR,axe,2,,,,,4132,4304,4304,5165,,,,,,SUCCESSFUL_PURCHASE,333.0,3.0,336.0,236,60967.0,56835.0,,20,20,0.0,0.0,False,10,100000.0
62,9,BUY_FROM_SHOP,ARCHER,bow,SELL_TO_CUSTOMER,125,ARCHER,crossbow,4,67.87,1.0,False,MEDIUM_INTEREST,18488,36975,36975,44370,38824,38824,20336,1.0999567286888792,2,BUYER_PURCHASES,336.0,0,336.0,237,56835.0,95659.0,1,19,20,0.0,0.0,False,10,100000.0
62,9,BUY_FROM_SHOP,GUNNER,gun,SELL_TO_CUSTOMER,127,GUNNER,gun,1,89.95,1.0,True,VERY_HIGH_INTEREST,5219,5436,5436,6523,6251,6251,1032,0.19773903046560642,0,BUYER_PURCHASES,336.0,1.0,337.0,238,95659.0,101910.0,0,18,20,0.0,0.0,False,10,100000.0
63,9,SELL_TO_SHOP,WARRIOR,,BUY_FROM_CUSTOMER,129,WARRIOR,one_handed_sword,3,,,,,7329,12215,12215,14658,,,,,,SUCCESSFUL_PURCHASE,337.0,3.0,340.0,239,101910.0,94581.0,,19,20,0.0,0.0,False,10,100000.0
63,9,BUY_FROM_SHOP,ROGUE,throwing_weapon,NONE,121,ROGUE,throwing_weapon,2,51.8475,0.5,True,LOW_INTEREST,3724,3724,3724,4469,3538,,,,3,PRICE_NEGOTIATION_FAILURE,340.0,0.0,340.0,239,94581.0,94581.0,3,19,20,0.0,0.0,False,10,100000.0
63,9,SELL_TO_SHOP,WARRIOR,,BUY_FROM_CUSTOMER,130,WARRIOR,one_handed_sword,1,,,,,1518,1725,1725,2070,,,,,,SUCCESSFUL_PURCHASE,340.0,3.0,343.0,240,94581.0,93063.0,,20,20,0.0,0.0,False,10,100000.0
63,9,SELL_TO_SHOP,WARRIOR,,NONE,131,WARRIOR,greatsword,4,,,,,,71640,71640,,,,,,,INVENTORY_FULL,343.0,0.0,343.0,240,93063.0,93063.0,,20,20,0.0,0.0,False,10,100000.0
63,9,BUY_FROM_SHOP,ARCHER,crossbow,SELL_TO_CUSTOMER,123,ARCHER,crossbow,1,69.07,1.0,True,MEDIUM_INTEREST,946,1891,1891,2269,2042,2042,1096,1.1585623678646935,2,BUYER_PURCHASES,343.0,0,343.0,241,93063.0,95105.0,2,19,20,0.0,0.0,False,10,100000.0
63,9,SELL_TO_SHOP,ROGUE,,NONE,131,ROGUE,throwing_weapon,5,,,,,,81620,81620,,,,,,,REJECTED_SCAMMER,343.0,-5,338.0,241,95105.0,95105.0,,19,20,0.0,0.0,False,10,100000.0
63,9,BUY_FROM_SHOP,ROGUE,throwing_weapon,NONE,,,,,38.04875,0.0,True,,,,,,,,,,,NO_INTEREST,338.0,0.0,338.0,241,95105.0,95105.0,,19,20,0.0,0.0,False,10,100000.0
63,9,BUY_FROM_SHOP,WARRIOR,axe,SELL_TO_CUSTOMER,30,WARRIOR,one_handed_sword,1,76.87,1.0,False,HIGH_INTEREST,1972,1972,1852,2222,2111,2111,139,0.0704868154158215,1,BUYER_PURCHASES,338.0,0.5,338.5,242,95105.0,97216.0,52,18,20,0.0,0.0,False,10,100000.0
64,10,SELL_TO_SHOP,CLERIC,,BUY_FROM_CUSTOMER,131,CLERIC,staff,2,,,,,3515,3994,3994,4793,,,,,,SUCCESSFUL_PURCHASE,338.5,3.0,341.5,243,79216.0,75701.0,,19,20,0.0,0.0,False,10,100000.0
64,10,BUY_FROM_SHOP,MAGE,wand,SELL_TO_CUSTOMER,106,MAGE,wand,2,60.45333333333333,0.5,True,MEDIUM_INTEREST,3110,3240,3240,3888,3402,3402,292,0.09389067524115756,2,BUYER_PURCHASES,341.5,0,341.5,244,75701.0,79103.0,13,18,20,0.0,0.0,False,10,100000.0
64,10,SELL_TO_SHOP,CLERIC,,BUY_FROM_CUSTOMER,132,CLERIC,mace,1,,,,,1888,2145,2145,2574,,,,,,SUCCESSFUL_PURCHASE,341.5,4.0,345.5,245,79103.0,77215.0,,19,20,0.0,0.0,False,10,100000.0
64,10,BUY_FROM_SHOP,ROGUE,dagger,NONE,,,,,34.0475,0.0,False,,,,,,,,,,,NO_INTEREST,345.5,0.0,345.5,245,77215.0,77215.0,,19,20,0.0,0.0,False,10,100000.0
64,10,BUY_FROM_SHOP,ROGUE,throwing_weapon,NONE,121,ROGUE,throwing_weapon,2,45.715,0.5,True,LOW_INTEREST,3724,3724,3074,3689,2920,,,,3,PRICE_NEGOTIATION_FAILURE,345.5,0.0,345.5,245,77215.0,77215.0,4,19,20,0.0,0.0,False,10,100000.0
64,10,SELL_TO_SHOP,ROGUE,,NONE,133,ROGUE,dagger,2,,,,,,7090,7090,,,,,,,REJECTED_OVERPRICED,345.5,-2.0,343.5,245,77215.0,77215.0,,19,20,0.0,0.0,False,10,100000.0
64,10,BUY_FROM_SHOP,MAGE,wand,SELL_TO_CUSTOMER,101,MAGE,grimoire,4,72.0,1.0,False,HIGH_INTEREST,7187,13068,15318,18382,17463,17463,10276,1.4298038124391261,1,BUYER_PURCHASES,343.5,0.5,344.0,246,77215.0,94678.0,15,18,20,0.0,0.0,False,10,100000.0
65,10,SELL_TO_SHOP,ARCHER,,BUY_FROM_CUSTOMER,133,ARCHER,crossbow,4,,,,,22548,25623,25623,30748,,,,,,SUCCESSFUL_PURCHASE,344.0,3.0,347.0,247,94678.0,72130.0,,19,20,0.0,0.0,False,10,100000.0
65,10,SELL_TO_SHOP,MAGE,,BUY_FROM_CUSTOMER,134,MAGE,grimoire,2,,,,,2113,3522,3522,4226,,,,,,SUCCESSFUL_PURCHASE,347.0,4.0,351.0,248,72130.0,70017.0,,20,20,0.0,0.0,False,10,100000.0
65,10,SELL_TO_SHOP,WARRIOR,,NONE,135,WARRIOR,axe,3,,,,,,16238,16238,,,,,,,REJECTED_OVERPRICED,351.0,-2.0,349.0,248,70017.0,70017.0,,20,20,0.0,0.0,False,10,100000.0
65,10,SELL_TO_SHOP,CLERIC,,NONE,135,MAGE,grimoire,4,,,,,,28275,28275,,,,,,,REJECTED_OVERPRICED,349.0,0.0,349.0,248,70017.0,70017.0,,20,20,0.0,0.0,False,10,100000.0
65,10,SELL_TO_SHOP,ROGUE,,NONE,135,ROGUE,dagger,4,,,,,,70668,70668,,,,,,,INVENTORY_FULL,349.0,-2.0,347.0,248,70017.0,70017.0,,20,20,0.0,0.0,False,10,100000.0
65,10,BUY_FROM_SHOP,CLERIC,gauntlet,SELL_TO_CUSTOMER,131,CLERIC,staff,2,66.3675,0.5,False,MEDIUM_INTEREST,3515,3994,3994,4793,4314,4314,799,0.22731152204836416,2,BUYER_PURCHASES,347.0,0,347.0,249,70017.0,74331.0,1,19,20,0.0,0.0,False,10,100000.0
65,10,BUY_FROM_SHOP,WARRIOR,spear,SELL_TO_CUSTOMER,129,WARRIOR,one_handed_sword,3,78.615,1.0,False,HIGH_INTEREST,7329,12215,11715,14058,12301,12301,4972,0.6784008732432801,1,BUYER_PURCHASES,347.0,0.5,347.5,250,74331.0,86632.0,2,18,20,0.0,0.0,False,10,100000.0
65,10,SELL_TO_SHOP,GUNNER,,BUY_FROM_CUSTOMER,135,GUNNER,heavy_weapon,4,,,,,7718,8040,8040,9648,,,,,,SUCCESSFUL_PURCHASE,347.5,4.0,351.5,251,86632.0,78914.0,,19,20,0.0,0.0,False,10,100000.0
66,10,SELL_TO_SHOP,WARRIOR,,NONE,136,ARCHER,crossbow,1,,,,,,3600,3600,,,,,,,REJECTED_OVERPRICED,351.5,-2.0,349.5,251,78914.0,78914.0,,19,20,0.0,0.0,False,10,100000.0
66,10,BUY_FROM_SHOP,ARCHER,crossbow,SELL_TO_CUSTOMER,133,ARCHER,crossbow,4,75.245,1.0,True,HIGH_INTEREST,22548,25623,25623,30748,26904,26904,4356,0.19318786588610964,1,BUYER_PURCHASES,349.5,0.5,350.0,252,78914.0,105818.0,1,18,20,0.0,0.0,False,10,100000.0
66,10,BUY_FROM_SHOP,ARCHER,crossbow,SELL_TO_CUSTOMER,105,ARCHER,bow,1,65.95,1.0,False,MEDIUM_INTEREST,578,1050,1300,1560,1365,1365,787,1.3615916955017302,2,BUYER_PURCHASES,350.0,0,350.0,253,105818.0,107183.0,15,17,20,0.0,0.0,False,10,100000.0
66,10,SELL_TO_SHOP,CLERIC,,BUY_FROM_CUSTOMER,136,CLERIC,mace,4,,,,,32323,40404,40404,48485,,,,,,SUCCESSFUL_PURCHASE,350.0,1.0,351.0,254,107183.0,74860.0,,18,20,0.0,0.0,False,10,100000.0
66,10,BUY_FROM_SHOP,CLERIC,staff,SELL_TO_CUSTOMER,136,CLERIC,mace,4,70.74875,1.0,False,HIGH_INTEREST,32323,40404,40404,48485,46061,46061,13738,0.4250224298487145,1,BUYER_PURCHASES,351.0,0.5,351.5,255,74860.0,120921.0,0,17,20,0.0,0.0,False,10,100000.0
66,10,BUY_FROM_SHOP,GUNNER,gun,SELL_TO_CUSTOMER,85,GUNNER,gun,1,57.445,0.5,True,MEDIUM_INTEREST,972,1620,1380,1656,1380,1380,408,0.41975308641975306,2,BUYER_PURCHASES,351.5,0,351.5,256,120921.0,122301.0,26,16,20,0.0,0.0,False,10,100000.0
66,10,SELL_TO_SHOP,CLERIC,,BUY_FROM_CUSTOMER,137,WARRIOR,one_handed_sword,1,,,,,2280,2850,2850,3420,,,,,,SUCCESSFUL_PURCHASE,351.5,1.0,352.5,257,122301.0,120021.0,,17,20,0.0,0.0,False,10,100000.0
66,10,BUY_FROM_SHOP,WARRIOR,greatsword,NONE,128,WARRIOR,axe,2,50.45333333333333,0.0,False,LOW_INTEREST,4132,4304,4144,4973,3937,,,,3,PRICE_NEGOTIATION_FAILURE,352.5,0.0,352.5,257,120021.0,120021.0,4,17,20,0.0,0.0,False,10,100000.0
67,10,SELL_TO_SHOP,WARRIOR,,BUY_FROM_CUSTOMER,138,WARRIOR,spear,3,,,,,14354,14952,14952,17942,,,,,,SUCCESSFUL_PURCHASE,352.5,3.0,355.5,258,120021.0,105667.0,,18,20,0.0,0.0,False,10,100000.0
67,10,SELL_TO_SHOP,GUNNER,,NONE,139,GUNNER,heavy_weapon,4,,,,,,57900,57900,,,,,,,REJECTED_OVERPRICED,355.5,-2.0,353.5,258,105667.0,105667.0,,18,20,0.0,0.0,False,10,100000.0
67,10,SELL_TO_SHOP,ROGUE,,BUY_FROM_CUSTOMER,139,ARCHER,crossbow,1,,,,,2444,3055,3055,3666,,,,,,SUCCESSFUL_PURCHASE,353.5,1.0,354.5,259,105667.0,103223.0,,19,20,0.0,0.0,False,10,100000.0
67,10,SELL_TO_SHOP,ARCHER,,BUY_FROM_CUSTOMER,140,WARRIOR,axe,4,,,,,15600,19500,19500,23400,,,,,,SUCCESSFUL_PURCHASE,354.5,1.0,355.5,260,103223.0,87623.0,,20,20,0.0,0.0,False,10,100000.0
67,10,SELL_TO_SHOP,MAGE,,NONE,141,MAGE,staff,3,,,,,,17145,17145,,,,,,,INVENTORY_FULL,355.5,-2.0,353.5,260,87623.0,87623.0,,20,20,0.0,0.0,False,10,100000.0
67,10,BUY_FROM_SHOP,MAGE,grimoire,NONE,134,MAGE,grimoire,2,48.71,0.25,True,LOW_INTEREST,2113,3522,3522,4226,3346,,,,3,PRICE_NEGOTIATION_FAILURE,353.5,0.0,353.5,260,87623.0,87623.0,2,20,20,0.0,0.0,False,10,100000.0
67,10,BUY_FROM_SHOP,MAGE,staff,SELL_TO_CUSTOMER,134,MAGE,grimoire,2,65.745,0.5,False,MEDIUM_INTEREST,2113,3522,3522,4226,3522,3522,1409,0.6668244202555608,2,BUYER_PURCHASES,353.5,0,353.5,261,87623.0,91145.0,2,19,20,0.0,0.0,False,10,100000.0
68,10,SELL_TO_SHOP,WARRIOR,,BUY_FROM_CUSTOMER,141,WARRIOR,one_handed_sword,1,,,,,3754,3754,3754,4505,,,,,,SUCCESSFUL_PURCHASE,353.5,1.0,354.5,262,91145.0,87391.0,,20,20,0.0,0.0,False,10,100000.0
68,10,BUY_FROM_SHOP,CLERIC,mace,SELL_TO_CUSTOMER,132,CLERIC,mace,1,73.25666666666666,1.0,True,HIGH_INTEREST,1888,2145,2145,2574,2445,2445,557,0.295021186440678,1,BUYER_PURCHASES,354.5,0.5,355.0,263,87391.0,89836.0,4,19,20,0.0,0.0,False,10,100000.0
68,10,BUY_FROM_SHOP,MAGE,wand,SELL_TO_CUSTOMER,114,MAGE,staff,5,46.94,0.0,False,LOW_INTEREST,71918,81725,81725,98070,81725,81725,9807,0.13636363636363635,3,BUYER_PURCHASES,355.0,-1,354.0,264,89836.0,171561.0,12,18,20,0.0,0.0,False,10,100000.0
68,10,SELL_TO_SHOP,ROGUE,,NONE,142,ROGUE,dagger,1,,,,,,4482,4482,,,,,,,REJECTED_SCAMMER,354.0,-5,349.0,264,171561.0,171561.0,,18,20,0.0,0.0,False,10,100000.0
68,10,SELL_TO_SHOP,ARCHER,,BUY_FROM_CUSTOMER,142,ARCHER,bow,3,,,,,10130,10552,10552,12662,,,,,,SUCCESSFUL_PURCHASE,349.0,3.0,352.0,265,171561.0,161431.0,,19,20,0.0,0.0,False,10,100000.0
68,10,BUY_FROM_SHOP,ROGUE,dagger,NONE,121,ROGUE,throwing_weapon,2,51.54875,0.5,False,LOW_INTEREST,3724,3724,3074,3689,3136,,,,3,PRICE_NEGOTIATION_FAILURE,352.0,0.0,352.0,265,161431.0,161431.0,8,19,20,0.0,0.0,False,10,100000.0
68,10,SELL_TO_SHOP,ARCHER,,BUY_FROM_CUSTOMER,143,ARCHER,crossbow,3,,,,,10632,12082,12082,14498,,,,,,SUCCESSFUL_PURCHASE,352.0,4.0,356.0,266,161431.0,150799.0,,20,20,0.0,0.0,False,10,100000.0
68,10,SELL_TO_SHOP,ROGUE,,NONE,144,ROGUE,dagger,3,,,,,,19194,19194,,,,,,,INVENTORY_FULL,356.0,0.0,356.0,266,150799.0,150799.0,,20,20,0.0,0.0,False,10,100000.0
69,10,SELL_TO_SHOP,WARRIOR,,NONE,144,WARRIOR,one_handed_sword,3,,,,,,9560,9560,,,,,,,INVENTORY_FULL,356.0,0.0,356.0,266,150799.0,150799.0,,20,20,0.0,0.0,False,10,100000.0
69,10,SELL_TO_SHOP,ARCHER,,NONE,144,ARCHER,bow,2,,,,,,8878,8878,,,,,,,INVENTORY_FULL,356.0,-2.0,354.0,266,150799.0,150799.0,,20,20,0.0,0.0,False,10,100000.0
69,10,SELL_TO_SHOP,GUNNER,,NONE,144,GUNNER,heavy_weapon,2,,,,,,2560,2560,,,,,,,INVENTORY_FULL,354.0,-2.0,352.0,266,150799.0,150799.0,,20,20,0.0,0.0,False,10,100000.0
69,10,BUY_FROM_SHOP,CLERIC,mace,NONE,,,,,,,,,,,,,,,,,,NO_COMPATIBLE_ITEM,352.0,0.0,352.0,266,150799.0,150799.0,,20,20,0.0,0.0,False,10,100000.0
69,10,SELL_TO_SHOP,CLERIC,,NONE,144,CLERIC,gauntlet,2,,,,,,3580,3580,,,,,,,INVENTORY_FULL,352.0,-2.0,350.0,266,150799.0,150799.0,,20,20,0.0,0.0,False,10,100000.0
69,10,BUY_FROM_SHOP,MAGE,wand,NONE,,,,,,,,,,,,,,,,,,NO_COMPATIBLE_ITEM,350.0,0.0,350.0,266,150799.0,150799.0,,20,20,0.0,0.0,False,10,100000.0
69,10,BUY_FROM_SHOP,ARCHER,bow,SELL_TO_CUSTOMER,122,ARCHER,crossbow,3,83.61583333333333,1.0,False,HIGH_INTEREST,16394,18630,19305,23166,22008,22008,5614,0.34244235695986336,1,BUYER_PURCHASES,350.0,0.5,350.5,267,150799.0,172807.0,8,19,20,0.0,0.0,False,10,100000.0
69,10,BUY_FROM_SHOP,CLERIC,mace,NONE,,,,,,,,,,,,,,,,,,NO_COMPATIBLE_ITEM,350.5,0.0,350.5,267,172807.0,172807.0,,19,20,0.0,0.0,False,10,100000.0
70,10,BUY_FROM_SHOP,ROGUE,dagger,NONE,,,,,38.715,0.5,False,,,,,,,,,,,NO_INTEREST,350.5,0.0,350.5,267,172807.0,172807.0,,19,20,0.0,0.0,False,10,100000.0
70,10,SELL_TO_SHOP,WARRIOR,,BUY_FROM_CUSTOMER,144,ROGUE,dagger,1,,,,,1056,1320,1320,1584,,,,,,SUCCESSFUL_PURCHASE,350.5,1.0,351.5,268,172807.0,171751.0,,20,20,0.0,0.0,False,10,100000.0
70,10,SELL_TO_SHOP,GUNNER,,NONE,145,GUNNER,gun,1,,,,,,1985,1985,,,,,,,INVENTORY_FULL,351.5,0.0,351.5,268,171751.0,171751.0,,20,20,0.0,0.0,False,10,100000.0
70,10,BUY_FROM_SHOP,WARRIOR,one_handed_sword,SELL_TO_CUSTOMER,138,WARRIOR,spear,3,78.76166666666667,0.6,False,HIGH_INTEREST,14354,14952,14952,17942,15700,15700,1346,0.09377177093493103,1,BUYER_PURCHASES,351.5,0.5,352.0,269,171751.0,187451.0,3,19,20,0.0,0.0,False,10,100000.0
70,10,SELL_TO_SHOP,GUNNER,,NONE,145,ARCHER,crossbow,1,,,,,,2775,2775,,,,,,,REJECTED_OVERPRICED,352.0,-2.0,350.0,269,187451.0,187451.0,,19,20,0.0,0.0,False,10,100000.0
70,10,BUY_FROM_SHOP,CLERIC,gauntlet,NONE,,,,,,,,,,,,,,,,,,NO_COMPATIBLE_ITEM,350.0,0.0,350.0,269,187451.0,187451.0,,19,20,0.0,0.0,False,10,100000.0
70,10,BUY_FROM_SHOP,ARCHER,crossbow,SELL_TO_CUSTOMER,139,ARCHER,crossbow,1,79.55,1.0,True,HIGH_INTEREST,2444,3055,3055,3666,3208,3208,764,0.31260229132569556,1,BUYER_PURCHASES,350.0,0.5,350.5,270,187451.0,190659.0,3,18,20,0.0,0.0,False,10,100000.0
70,10,BUY_FROM_SHOP,WARRIOR,axe,SELL_TO_CUSTOMER,128,WARRIOR,axe,2,82.05333333333333,1.0,True,HIGH_INTEREST,4132,4304,4144,4973,4351,4351,219,0.053000968054211034,1,BUYER_PURCHASES,350.5,0.5,351.0,271,190659.0,195010.0,8,17,20,0.0,0.0,False,10,100000.0
71,11,BUY_FROM_SHOP,ARCHER,bow,SELL_TO_CUSTOMER,142,ARCHER,bow,3,77.96166666666667,1.0,True,HIGH_INTEREST,10130,10552,10152,12182,10660,10660,530,0.05231984205330701,1,BUYER_PURCHASES,351.0,0.5,351.5,272,175010.0,185670.0,3,16,20,0.0,0.0,False,10,100000.0
71,11,BUY_FROM_SHOP,ARCHER,bow,SELL_TO_CUSTOMER,83,ARCHER,bow,3,70.245,1.0,True,HIGH_INTEREST,10322,11730,16662,19994,18328,18328,8006,0.7756248788994381,1,BUYER_PURCHASES,351.5,0.5,352.0,273,185670.0,203998.0,32,15,20,0.0,0.0,False,10,100000.0
71,11,SELL_TO_SHOP,GUNNER,,BUY_FROM_CUSTOMER,145,GUNNER,heavy_weapon,2,,,,,4787,5440,5440,6528,,,,,,SUCCESSFUL_PURCHASE,352.0,4.0,356.0,274,203998.0,199211.0,,16,20,0.0,0.0,False,10,100000.0
71,11,SELL_TO_SHOP,MAGE,,BUY_FROM_CUSTOMER,146,WARRIOR,one_handed_sword,1,,,,,2178,2475,2475,2970,,,,,,SUCCESSFUL_PURCHASE,356.0,3.0,359.0,275,199211.0,197033.0,,17,20,0.0,0.0,False,10,100000.0
71,11,BUY_FROM_SHOP,CLERIC,staff,NONE,,,,,,,,,,,,,,,,,,NO_COMPATIBLE_ITEM,359.0,0.0,359.0,275,197033.0,197033.0,,17,20,0.0,0.0,False,10,100000.0
71,11,SELL_TO_SHOP,WARRIOR,,BUY_FROM_CUSTOMER,147,WARRIOR,axe,2,,,,,1680,3054,3054,3665,,,,,,SUCCESSFUL_PURCHASE,359.0,3.0,362.0,276,197033.0,195353.0,,18,20,0.0,0.0,False,10,100000.0
72,11,SELL_TO_SHOP,GUNNER,,BUY_FROM_CUSTOMER,148,GUNNER,gun,4,,,,,21988,39978,39978,47974,,,,,,SUCCESSFUL_PURCHASE,362.0,2.0,364.0,277,195353.0,173365.0,,19,20,0.0,0.0,False,10,100000.0
72,11,BUY_FROM_SHOP,GUNNER,heavy_weapon,SELL_TO_CUSTOMER,113,GUNNER,heavy_weapon,1,78.81,1.0,True,HIGH_INTEREST,899,1499,1174,1409,1233,1233,334,0.371523915461624,1,BUYER_PURCHASES,364.0,0.5,364.5,278,173365.0,174598.0,16,18,20,0.0,0.0,False,10,100000.0
72,11,BUY_FROM_SHOP,GUNNER,gun,SELL_TO_CUSTOMER,148,GUNNER,gun,4,65.085,0.0,True,MEDIUM_INTEREST,21988,39978,39978,47974,41977,41977,19989,0.9090867746043296,2,BUYER_PURCHASES,364.5,0,364.5,279,174598.0,216575.0,0,17,20,0.0,0.0,False,10,100000.0
72,11,SELL_TO_SHOP,MAGE,,BUY_FROM_CUSTOMER,149,MAGE,wand,4,,,,,27183,27183,27183,32620,,,,,,SUCCESSFUL_PURCHASE,364.5,1.0,365.5,280,216575.0,189392.0,,18,20,0.0,0.0,False,10,100000.0
72,11,SELL_TO_SHOP,ARCHER,,BUY_FROM_CUSTOMER,150,ARCHER,bow,4,,,,,58355,66312,66312,79574,,,,,,SUCCESSFUL_PURCHASE,365.5,3.0,368.5,281,189392.0,131037.0,,19,20,0.0,0.0,False,10,100000.0
72,11,SELL_TO_SHOP,MAGE,,BUY_FROM_CUSTOMER,151,MAGE,grimoire,2,,,,,3144,3144,3144,3773,,,,,,SUCCESSFUL_PURCHASE,368.5,1.0,369.5,282,131037.0,127893.0,,20,20,0.0,0.0,False,10,100000.0
72,11,BUY_FROM_SHOP,ROGUE,dagger,SELL_TO_CUSTOMER,144,ROGUE,dagger,1,73.85,1.0,True,HIGH_INTEREST,1056,1320,1520,1824,1733,1733,677,0.6410984848484849,1,BUYER_PURCHASES,369.5,0.5,370.0,283,127893.0,129626.0,2,19,20,0.0,0.0,False,10,100000.0
73,11,BUY_FROM_SHOP,ARCHER,crossbow,SELL_TO_CUSTOMER,126,ARCHER,bow,2,72.47,0.5,False,HIGH_INTEREST,2254,4098,4158,4990,4740,4740,2486,1.1029281277728482,1,BUYER_PURCHASES,370.0,0.5,370.5,284,129626.0,134366.0,12,18,20,0.0,0.0,False,10,100000.0
73,11,SELL_TO_SHOP,GUNNER,,NONE,152,GUNNER,heavy_weapon,3,,,,,,8904,8904,,,,,,,REJECTED_OVERPRICED,370.5,-2.0,368.5,284,134366.0,134366.0,,18,20,0.0,0.0,False,10,100000.0
73,11,SELL_TO_SHOP,MAGE,,BUY_FROM_CUSTOMER,152,MAGE,grimoire,4,,,,,39105,48881,48881,58657,,,,,,SUCCESSFUL_PURCHASE,368.5,3.0,371.5,285,134366.0,95261.0,,19,20,0.0,0.0,False,10,100000.0
73,11,SELL_TO_SHOP,ROGUE,,BUY_FROM_CUSTOMER,153,ROGUE,dagger,3,,,,,23328,24300,24300,29160,,,,,,SUCCESSFUL_PURCHASE,371.5,4.0,375.5,286,95261.0,71933.0,,20,20,0.0,0.0,False,10,100000.0
73,11,SELL_TO_SHOP,ARCHER,,NONE,154,ARCHER,bow,1,,,,,,2267,2267,,,,,,,INVENTORY_FULL,375.5,0.0,375.5,286,71933.0,71933.0,,20,20,0.0,0.0,False,10,100000.0
73,11,BUY_FROM_SHOP,MAGE,staff,NONE,149,MAGE,wand,4,63.18,1.0,False,MEDIUM_INTEREST,27183,27183,27183,32620,28542,,,,2,PRICE_NEGOTIATION_FAILURE,375.5,0.0,375.5,286,71933.0,71933.0,1,20,20,0.0,0.0,False,10,100000.0
73,11,BUY_FROM_SHOP,ARCHER,bow,SELL_TO_CUSTOMER,150,ARCHER,bow,4,53.25666666666667,0.0,True,LOW_INTEREST,58355,66312,66312,79574,66312,66312,7957,0.13635506811755635,3,BUYER_PURCHASES,375.5,-1,374.5,287,71933.0,138245.0,1,19,20,0.0,0.0,False,10,100000.0
73,11,BUY_FROM_SHOP,CLERIC,gauntlet,NONE,,,,,,,,,,,,,,,,,,NO_COMPATIBLE_ITEM,374.5,0.0,374.5,287,138245.0,138245.0,,19,20,0.0,0.0,False,10,100000.0
74,11,SELL_TO_SHOP,ROGUE,,BUY_FROM_CUSTOMER,154,ROGUE,throwing_weapon,5,,,,,63638,115706,115706,138847,,,,,,SUCCESSFUL_PURCHASE,374.5,4.0,378.5,288,138245.0,74607.0,,20,20,0.0,0.0,False,10,100000.0
74,11,SELL_TO_SHOP,GUNNER,,NONE,155,MAGE,wand,1,,,,,,1200,1200,,,,,,,INVENTORY_FULL,378.5,0.0,378.5,288,74607.0,74607.0,,20,20,0.0,0.0,False,10,100000.0
74,11,BUY_FROM_SHOP,WARRIOR,spear,SELL_TO_CUSTOMER,140,WARRIOR,axe,4,66.25,1.0,False,MEDIUM_INTEREST,15600,19500,19500,23400,20475,20475,4875,0.3125,2,BUYER_PURCHASES,378.5,0,378.5,289,74607.0,95082.0,7,19,20,0.0,0.0,False,10,100000.0
74,11,SELL_TO_SHOP,GUNNER,,BUY_FROM_CUSTOMER,155,GUNNER,heavy_weapon,5,,,,,78050,78050,78050,93660,,,,,,SUCCESSFUL_PURCHASE,378.5,1.0,379.5,290,95082.0,17032.0,,20,20,0.0,0.0,False,10,100000.0
74,11,SELL_TO_SHOP,GUNNER,,NONE,156,MAGE,grimoire,2,,,,,,3150,3150,,,,,,,INVENTORY_FULL,379.5,-2.0,377.5,290,17032.0,17032.0,,20,20,0.0,0.0,False,10,100000.0
74,11,BUY_FROM_SHOP,CLERIC,gauntlet,NONE,,,,,,,,,,,,,,,,,,NO_COMPATIBLE_ITEM,377.5,0.0,377.5,290,17032.0,17032.0,,20,20,0.0,0.0,False,10,100000.0
75,11,SELL_TO_SHOP,GUNNER,,NONE,156,GUNNER,heavy_weapon,4,,,,,,6327,6327,,,,,,,INVENTORY_FULL,377.5,-2.0,375.5,290,17032.0,17032.0,,20,20,0.0,0.0,False,10,100000.0
75,11,BUY_FROM_SHOP,CLERIC,mace,NONE,,,,,,,,,,,,,,,,,,NO_COMPATIBLE_ITEM,375.5,0.0,375.5,290,17032.0,17032.0,,20,20,0.0,0.0,False,10,100000.0
75,11,BUY_FROM_SHOP,MAGE,grimoire,NONE,151,MAGE,grimoire,2,69.74,0.5,True,MEDIUM_INTEREST,3144,3144,3144,3773,3144,,,,2,PRICE_NEGOTIATION_FAILURE,375.5,0.0,375.5,290,17032.0,17032.0,3,20,20,0.0,0.0,False,10,100000.0
75,11,SELL_TO_SHOP,ROGUE,,NONE,156,ROGUE,throwing_weapon,2,,,,,,8576,8576,,,,,,,INVENTORY_FULL,375.5,0.0,375.5,290,17032.0,17032.0,,20,20,0.0,0.0,False,10,100000.0
75,11,BUY_FROM_SHOP,CLERIC,mace,NONE,,,,,,,,,,,,,,,,,,NO_COMPATIBLE_ITEM,375.5,0.0,375.5,290,17032.0,17032.0,,20,20,0.0,0.0,False,10,100000.0
75,11,SELL_TO_SHOP,CLERIC,,NONE,156,CLERIC,mace,4,,,,,,38475,38475,,,,,,,REJECTED_OVERPRICED,375.5,0.0,375.5,290,17032.0,17032.0,,20,20,0.0,0.0,False,10,100000.0
75,11,BUY_FROM_SHOP,GUNNER,gun,SELL_TO_CUSTOMER,145,GUNNER,heavy_weapon,2,57.76166666666667,0.25,False,MEDIUM_INTEREST,4787,5440,5440,6528,5875,5875,1088,0.22728222268644244,2,BUYER_PURCHASES,375.5,0,375.5,291,17032.0,22907.0,4,19,20,0.0,0.0,False,10,100000.0
76,11,BUY_FROM_SHOP,ARCHER,bow,NONE,,,,,37.25,0.0,True,,,,,,,,,,,NO_INTEREST,375.5,0.0,375.5,291,22907.0,22907.0,,19,20,0.0,0.0,False,10,100000.0
76,11,BUY_FROM_SHOP,GUNNER,heavy_weapon,NONE,155,GUNNER,heavy_weapon,5,43.91833333333334,0.0,True,LOW_INTEREST,78050,78050,78050,93660,79611,,,,3,PRICE_NEGOTIATION_FAILURE,375.5,0.0,375.5,291,22907.0,22907.0,2,19,20,0.0,0.0,False,10,100000.0
76,11,BUY_FROM_SHOP,MAGE,staff,NONE,151,MAGE,grimoire,2,65.295,0.5,False,MEDIUM_INTEREST,3144,3144,3144,3773,3144,,,,2,PRICE_NEGOTIATION_FAILURE,375.5,0.0,375.5,291,22907.0,22907.0,4,19,20,0.0,0.0,False,10,100000.0
76,11,BUY_FROM_SHOP,CLERIC,staff,NONE,,,,,,,,,,,,,,,,,,NO_COMPATIBLE_ITEM,375.5,0.0,375.5,291,22907.0,22907.0,,19,20,0.0,0.0,False,10,100000.0
76,11,BUY_FROM_SHOP,GUNNER,gun,NONE,135,GUNNER,heavy_weapon,4,74.11333333333333,1.0,False,HIGH_INTEREST,7718,8040,5040,6048,5292,,,,1,PRICE_NEGOTIATION_FAILURE,375.5,0.0,375.5,291,22907.0,22907.0,11,19,20,0.0,0.0,False,10,100000.0
76,11,SELL_TO_SHOP,GUNNER,,NONE,156,WARRIOR,spear,1,,,,,,1440,1440,,,,,,,REJECTED_OVERPRICED,375.5,0.0,375.5,291,22907.0,22907.0,,19,20,0.0,0.0,False,10,100000.0
76,11,SELL_TO_SHOP,ARCHER,,BUY_FROM_CUSTOMER,156,ARCHER,bow,2,,,,,4294,7156,7156,8587,,,,,,SUCCESSFUL_PURCHASE,375.5,3.0,378.5,292,22907.0,18613.0,,20,20,0.0,0.0,False,10,100000.0
77,11,SELL_TO_SHOP,WARRIOR,,NONE,157,WARRIOR,axe,4,,,,,,87576,87576,,,,,,,REJECTED_OVERPRICED,378.5,-2.0,376.5,292,18613.0,18613.0,,20,20,0.0,0.0,False,10,100000.0
77,11,BUY_FROM_SHOP,CLERIC,gauntlet,NONE,,,,,,,,,,,,,,,,,,NO_COMPATIBLE_ITEM,376.5,0.0,376.5,292,18613.0,18613.0,,20,20,0.0,0.0,False,10,100000.0
77,11,BUY_FROM_SHOP,MAGE,wand,NONE,151,MAGE,grimoire,2,57.41,1.0,False,MEDIUM_INTEREST,3144,3144,3144,3773,3301,,,,2,PRICE_NEGOTIATION_FAILURE,376.5,0.0,376.5,292,18613.0,18613.0,5,20,20,0.0,0.0,False,10,100000.0
77,11,BUY_FROM_SHOP,GUNNER,gun,NONE,135,GUNNER,heavy_weapon,4,60.718333333333334,1.0,False,MEDIUM_INTEREST,7718,8040,5040,6048,5443,,,,2,PRICE_NEGOTIATION_FAILURE,376.5,0.0,376.5,292,18613.0,18613.0,12,20,20,0.0,0.0,False,10,100000.0
77,11,SELL_TO_SHOP,GUNNER,,NONE,157,MAGE,staff,1,,,,,,3225,3225,,,,,,,INVENTORY_FULL,376.5,0.0,376.5,292,18613.0,18613.0,,20,20,0.0,0.0,False,10,100000.0
77,11,SELL_TO_SHOP,ARCHER,,NONE,157,ARCHER,bow,2,,,,,,6830,6830,,,,,,,INVENTORY_FULL,376.5,-2.0,374.5,292,18613.0,18613.0,,20,20,0.0,0.0,False,10,100000.0
77,11,SELL_TO_SHOP,GUNNER,,NONE,157,GUNNER,heavy_weapon,3,,,,,,18765,18765,,,,,,,INVENTORY_FULL,374.5,0.0,374.5,292,18613.0,18613.0,,20,20,0.0,0.0,False,10,100000.0
77,11,SELL_TO_SHOP,CLERIC,,NONE,157,CLERIC,staff,3,,,,,,18184,18184,,,,,,,INVENTORY_FULL,374.5,0.0,374.5,292,18613.0,18613.0,,20,20,0.0,0.0,False,10,100000.0
78,12,SELL_TO_SHOP,CLERIC,,NONE,157,CLERIC,staff,1,,,,,,1707,1707,,,,,,,INVENTORY_FULL,374.5,-2.0,372.5,292,-3387.0,-3387.0,,20,20,0.0,0.0,True,10,100000.0
78,12,SELL_TO_SHOP,MAGE,,NONE,157,MAGE,grimoire,2,,,,,,3476,3476,,,,,,,INVENTORY_FULL,372.5,0.0,372.5,292,-3387.0,-3387.0,,20,20,0.0,0.0,True,10,100000.0
78,12,BUY_FROM_SHOP,WARRIOR,greatsword,NONE,141,WARRIOR,one_handed_sword,1,58.42666666666667,0.0,False,MEDIUM_INTEREST,3754,3754,3559,4271,3737,,,,2,PRICE_NEGOTIATION_FAILURE,372.5,0.0,372.5,292,-3387.0,-3387.0,10,20,20,0.0,0.0,True,10,100000.0
78,12,BUY_FROM_SHOP,CLERIC,staff,NONE,,,,,,,,,,,,,,,,,,NO_COMPATIBLE_ITEM,372.5,0.0,372.5,292,-3387.0,-3387.0,,20,20,0.0,0.0,True,10,100000.0
78,12,SELL_TO_SHOP,CLERIC,,NONE,157,WARRIOR,spear,5,,,,,,76125,76125,,,,,,,REJECTED_SCAMMER,372.5,-5,367.5,292,-3387.0,-3387.0,,20,20,0.0,0.0,True,10,100000.0
78,12,SELL_TO_SHOP,WARRIOR,,NONE,157,CLERIC,staff,4,,,,,,23661,23661,,,,,,,REJECTED_OVERPRICED,367.5,0.0,367.5,292,-3387.0,-3387.0,,20,20,0.0,0.0,True,10,100000.0
78,12,SELL_TO_SHOP,ROGUE,,NONE,157,ROGUE,throwing_weapon,4,,,,,,12855,12855,,,,,,,INVENTORY_FULL,367.5,0.0,367.5,292,-3387.0,-3387.0,,20,20,0.0,0.0,True,10,100000.0
79,12,BUY_FROM_SHOP,ROGUE,dagger,SELL_TO_CUSTOMER,153,ROGUE,dagger,3,62.01833333333333,0.0,True,MEDIUM_INTEREST,23328,24300,23400,28080,24570,24570,1242,0.05324074074074074,2,BUYER_PURCHASES,367.5,0,367.5,293,-3387.0,21183.0,6,19,20,0.0,0.0,False,10,100000.0
79,12,SELL_TO_SHOP,CLERIC,,BUY_FROM_CUSTOMER,157,CLERIC,gauntlet,2,,,,,4941,6176,6176,7411,,,,,,SUCCESSFUL_PURCHASE,367.5,4.0,371.5,294,21183.0,16242.0,,20,20,0.0,0.0,False,10,100000.0
79,12,SELL_TO_SHOP,CLERIC,,NONE,158,ARCHER,crossbow,2,,,,,,6714,6714,,,,,,,INVENTORY_FULL,371.5,-2.0,369.5,294,16242.0,16242.0,,20,20,0.0,0.0,False,10,100000.0
79,12,SELL_TO_SHOP,ARCHER,,NONE,158,ARCHER,crossbow,2,,,,,,6444,6444,,,,,,,INVENTORY_FULL,369.5,-2.0,367.5,294,16242.0,16242.0,,20,20,0.0,0.0,False,10,100000.0
79,12,BUY_FROM_SHOP,ARCHER,bow,SELL_TO_CUSTOMER,156,ARCHER,bow,2,66.035,0.5,True,MEDIUM_INTEREST,4294,7156,6056,7267,6359,6359,2065,0.4809035863996274,2,BUYER_PURCHASES,367.5,0,367.5,295,16242.0,22601.0,3,19,20,0.0,0.0,False,10,100000.0
79,12,BUY_FROM_SHOP,GUNNER,heavy_weapon,SELL_TO_CUSTOMER,155,GUNNER,heavy_weapon,5,52.653333333333336,0.0,True,LOW_INTEREST,78050,78050,95550,114660,97461,97461,19411,0.24869955156950674,3,BUYER_PURCHASES,367.5,-1,366.5,296,22601.0,120062.0,5,18,20,0.0,0.0,False,10,100000.0
80,12,BUY_FROM_SHOP,MAGE,staff,NONE,151,MAGE,grimoire,2,63.67,0.5,False,MEDIUM_INTEREST,3144,3144,2984,3581,3133,,,,2,PRICE_NEGOTIATION_FAILURE,366.5,0.0,366.5,296,120062.0,120062.0,8,18,20,0.0,0.0,False,10,100000.0
80,12,BUY_FROM_SHOP,ROGUE,dagger,NONE,,,,,37.9475,0.5,False,,,,,,,,,,,NO_INTEREST,366.5,0.0,366.5,296,120062.0,120062.0,,18,20,0.0,0.0,False,10,100000.0
80,12,BUY_FROM_SHOP,ROGUE,dagger,SELL_TO_CUSTOMER,154,ROGUE,throwing_weapon,5,61.565,0.4,False,MEDIUM_INTEREST,63638,115706,108882,130658,117592,117592,53954,0.8478267701687671,2,BUYER_PURCHASES,366.5,0,366.5,297,120062.0,237654.0,6,17,20,0.0,0.0,False,10,100000.0
80,12,SELL_TO_SHOP,ROGUE,,BUY_FROM_CUSTOMER,158,WARRIOR,spear,3,,,,,12584,14300,14300,17160,,,,,,SUCCESSFUL_PURCHASE,366.5,3.0,369.5,298,237654.0,225070.0,,18,20,0.0,0.0,False,10,100000.0
80,12,SELL_TO_SHOP,ARCHER,,BUY_FROM_CUSTOMER,159,ARCHER,bow,3,,,,,8331,8678,8678,10414,,,,,,SUCCESSFUL_PURCHASE,369.5,4.0,373.5,299,225070.0,216739.0,,19,20,0.0,0.0,False,10,100000.0
80,12,BUY_FROM_SHOP,WARRIOR,axe,SELL_TO_CUSTOMER,158,WARRIOR,spear,3,67.65,1.0,False,MEDIUM_INTEREST,12584,14300,14300,17160,15015,15015,2431,0.19318181818181818,2,BUYER_PURCHASES,373.5,0,373.5,300,216739.0,231754.0,0,18,20,0.0,0.0,False,10,100000.0
80,12,SELL_TO_SHOP,WARRIOR,,BUY_FROM_CUSTOMER,160,WARRIOR,spear,2,,,,,4066,7392,7392,8870,,,,,,SUCCESSFUL_PURCHASE,373.5,3.0,376.5,301,231754.0,227688.0,,19,20,0.0,0.0,False,10,100000.0
81,12,BUY_FROM_SHOP,MAGE,grimoire,NONE,151,MAGE,grimoire,2,64.64,0.25,True,MEDIUM_INTEREST,3144,3144,2984,3581,3223,,,,2,PRICE_NEGOTIATION_FAILURE,376.5,0.0,376.5,301,227688.0,227688.0,9,19,20,0.0,0.0,False,10,100000.0
81,12,SELL_TO_SHOP,ARCHER,,BUY_FROM_CUSTOMER,161,ARCHER,crossbow,1,,,,,908,1815,1815,2178,,,,,,SUCCESSFUL_PURCHASE,376.5,3.0,379.5,302,227688.0,226780.0,,20,20,0.0,0.0,False,10,100000.0
81,12,SELL_TO_SHOP,CLERIC,,NONE,162,GUNNER,heavy_weapon,2,,,,,,2850,2850,,,,,,,INVENTORY_FULL,379.5,0.0,379.5,302,226780.0,226780.0,,20,20,0.0,0.0,False,10,100000.0
81,12,BUY_FROM_SHOP,WARRIOR,spear,SELL_TO_CUSTOMER,141,WARRIOR,one_handed_sword,1,89.22666666666666,1.0,False,VERY_HIGH_INTEREST,3754,3754,3559,4271,4093,4093,339,0.09030367607884923,0,BUYER_PURCHASES,379.5,1.0,380.5,303,226780.0,230873.0,13,19,20,0.0,0.0,False,10,100000.0
81,12,SELL_TO_SHOP,GUNNER,,BUY_FROM_CUSTOMER,162,GUNNER,heavy_weapon,3,,,,,4991,9075,9075,10890,,,,,,SUCCESSFUL_PURCHASE,380.5,3.0,383.5,304,230873.0,225882.0,,20,20,0.0,0.0,False,10,100000.0
81,12,SELL_TO_SHOP,ROGUE,,NONE,163,ROGUE,dagger,1,,,,,,3646,3646,,,,,,,INVENTORY_FULL,383.5,0.0,383.5,304,225882.0,225882.0,,20,20,0.0,0.0,False,10,100000.0
81,12,BUY_FROM_SHOP,MAGE,grimoire,SELL_TO_CUSTOMER,152,MAGE,grimoire,4,69.3475,1.0,True,MEDIUM_INTEREST,39105,48881,46631,55957,46631,46631,7526,0.19245620764608107,2,BUYER_PURCHASES,383.5,0,383.5,305,225882.0,272513.0,8,19,20,0.0,0.0,False,10,100000.0
82,12,SELL_TO_SHOP,WARRIOR,,NONE,163,CLERIC,gauntlet,2,,,,,,5070,5070,,,,,,,REJECTED_OVERPRICED,383.5,0.0,383.5,305,272513.0,272513.0,,19,20,0.0,0.0,False,10,100000.0
82,12,SELL_TO_SHOP,CLERIC,,BUY_FROM_CUSTOMER,163,WARRIOR,spear,2,,,,,1276,2320,2320,2784,,,,,,SUCCESSFUL_PURCHASE,383.5,4.0,387.5,306,272513.0,271237.0,,20,20,0.0,0.0,False,10,100000.0
82,12,BUY_FROM_SHOP,MAGE,wand,NONE,151,MAGE,grimoire,2,50.04,0.25,False,LOW_INTEREST,3144,3144,2984,3581,2835,,,,3,PRICE_NEGOTIATION_FAILURE,387.5,0.0,387.5,306,271237.0,271237.0,10,20,20,0.0,0.0,False,10,100000.0
82,12,BUY_FROM_SHOP,MAGE,wand,SELL_TO_CUSTOMER,149,MAGE,wand,4,76.58,1.0,True,HIGH_INTEREST,27183,27183,25233,30280,28766,28766,1583,0.05823492624066512,1,BUYER_PURCHASES,387.5,0.5,388.0,307,271237.0,300003.0,10,19,20,0.0,0.0,False,10,100000.0
82,12,SELL_TO_SHOP,MAGE,,NONE,164,MAGE,staff,4,,,,,,15888,15888,,,,,,,REJECTED_OVERPRICED,388.0,-2.0,386.0,307,300003.0,300003.0,,19,20,0.0,0.0,False,10,100000.0
82,12,SELL_TO_SHOP,CLERIC,,BUY_FROM_CUSTOMER,164,CLERIC,mace,1,,,,,1753,3188,3188,3826,,,,,,SUCCESSFUL_PURCHASE,386.0,2.0,388.0,308,300003.0,298250.0,,20,20,0.0,0.0,False,10,100000.0
82,12,BUY_FROM_SHOP,ARCHER,bow,SELL_TO_CUSTOMER,159,ARCHER,bow,3,77.14,1.0,True,HIGH_INTEREST,8331,8678,8678,10414,9546,9546,1215,0.1458408354339215,1,BUYER_PURCHASES,388.0,0.5,388.5,309,298250.0,307796.0,2,19,20,0.0,0.0,False,10,100000.0
82,12,BUY_FROM_SHOP,CLERIC,staff,SELL_TO_CUSTOMER,164,CLERIC,mace,1,76.22666666666666,1.0,False,HIGH_INTEREST,1753,3188,3188,3826,3347,3347,1594,0.9092983456930975,1,BUYER_PURCHASES,388.5,0.5,389.0,310,307796.0,311143.0,0,18,20,0.0,0.0,False,10,100000.0
83,12,SELL_TO_SHOP,ARCHER,,NONE,165,ARCHER,crossbow,2,,,,,,1066,1066,,,,,,,REJECTED_OVERPRICED,389.0,0.0,389.0,310,311143.0,311143.0,,18,20,0.0,0.0,False,10,100000.0
83,12,BUY_FROM_SHOP,CLERIC,gauntlet,SELL_TO_CUSTOMER,157,CLERIC,gauntlet,2,74.72666666666667,0.5,True,HIGH_INTEREST,4941,6176,6176,7411,6485,6485,1544,0.31248735073871686,1,BUYER_PURCHASES,389.0,0.5,389.5,311,311143.0,317628.0,4,17,20,0.0,0.0,False,10,100000.0
83,12,SELL_TO_SHOP,MAGE,,BUY_FROM_CUSTOMER,165,ARCHER,bow,3,,,,,9048,9425,9425,11310,,,,,,SUCCESSFUL_PURCHASE,389.5,4.0,393.5,312,317628.0,308580.0,,18,20,0.0,0.0,False,10,100000.0
83,12,BUY_FROM_SHOP,MAGE,staff,NONE,151,MAGE,grimoire,2,41.81,0.0,False,LOW_INTEREST,3144,3144,2984,3581,2984,,,,3,PRICE_NEGOTIATION_FAILURE,393.5,0.0,393.5,312,308580.0,308580.0,11,18,20,0.0,0.0,False,10,100000.0
83,12,BUY_FROM_SHOP,MAGE,wand,NONE,151,MAGE,grimoire,2,77.495,1.0,False,HIGH_INTEREST,3144,3144,2984,3581,3282,,,,1,PRICE_NEGOTIATION_FAILURE,393.5,0.0,393.5,312,308580.0,308580.0,11,18,20,0.0,0.0,False,10,100000.0
83,12,SELL_TO_SHOP,GUNNER,,BUY_FROM_CUSTOMER,166,GUNNER,gun,1,,,,,1783,2229,2229,2675,,,,,,SUCCESSFUL_PURCHASE,393.5,2.0,395.5,313,308580.0,306797.0,,19,20,0.0,0.0,False,10,100000.0
84,12,SELL_TO_SHOP,ROGUE,,BUY_FROM_CUSTOMER,167,ARCHER,crossbow,4,,,,,30319,55125,55125,66150,,,,,,SUCCESSFUL_PURCHASE,395.5,2.0,397.5,314,306797.0,276478.0,,20,20,0.0,0.0,False,10,100000.0
84,12,SELL_TO_SHOP,MAGE,,NONE,168,MAGE,grimoire,2,,,,,,8784,8784,,,,,,,INVENTORY_FULL,397.5,-2.0,395.5,314,276478.0,276478.0,,20,20,0.0,0.0,False,10,100000.0
84,12,SELL_TO_SHOP,ARCHER,,NONE,168,GUNNER,gun,2,,,,,,4810,4810,,,,,,,INVENTORY_FULL,395.5,0.0,395.5,314,276478.0,276478.0,,20,20,0.0,0.0,False,10,100000.0
84,12,BUY_FROM_SHOP,MAGE,staff,NONE,151,MAGE,grimoire,2,64.61,1.0,False,MEDIUM_INTEREST,3144,3144,2984,3581,2984,,,,2,PRICE_NEGOTIATION_FAILURE,395.5,0.0,395.5,314,276478.0,276478.0,12,20,20,0.0,0.0,False,10,100000.0
84,12,BUY_FROM_SHOP,MAGE,wand,NONE,151,MAGE,grimoire,2,56.81,0.5,False,MEDIUM_INTEREST,3144,3144,2984,3581,3223,,,,2,PRICE_NEGOTIATION_FAILURE,395.5,0.0,395.5,314,276478.0,276478.0,12,20,20,0.0,0.0,False,10,100000.0
84,12,SELL_TO_SHOP,ROGUE,,NONE,168,ROGUE,throwing_weapon,2,,,,,,2016,2016,,,,,,,INVENTORY_FULL,395.5,0.0,395.5,314,276478.0,276478.0,,20,20,0.0,0.0,False,10,100000.0
84,12,BUY_FROM_SHOP,WARRIOR,spear,SELL_TO_CUSTOMER,96,WARRIOR,one_handed_sword,1,73.64875,1.0,False,HIGH_INTEREST,1745,1983,1758,2110,1846,1846,101,0.057879656160458454,1,BUYER_PURCHASES,395.5,0.5,396.0,315,276478.0,278324.0,38,19,20,0.0,0.0,False,10,100000.0
84,12,BUY_FROM_SHOP,GUNNER,gun,SELL_TO_CUSTOMER,135,GUNNER,heavy_weapon,4,66.81583333333333,1.0,False,MEDIUM_INTEREST,7718,8040,11040,13248,11040,11040,3322,0.4304223892200052,2,BUYER_PURCHASES,396.0,0,396.0,316,278324.0,289364.0,19,18,20,0.0,0.0,False,10,100000.0
