trial,week,cash,debt,scrap_count,scrap_revenue,scrap_cost_basis,scrap_realized_loss,debt_remaining,mandatory_debt_payment_total,optional_debt_payment_total,total_debt_repayment,debt_fully_repaid_week,gross_assets,net_worth_after_debt,inventory_count,inventory_capacity,free_slots,inventory_cost_basis,inventory_value,unrealized_gain,net_worth,weekly_operating_cost,total_operating_cost_paid,gross_assets_before_operating_cost_ledger,cash_before_operating_cost_ledger,inventory_expansion_count,inventory_expansion_spending,missed_purchase_due_to_cash,missed_purchase_due_to_inventory,inventory_full_events,weeks_with_negative_cash,cash_deficit_events,minimum_cash,cash_deficit,reputation,shop_purchase_count,shop_sale_count,shop_trade_count,realized_profit,mean_margin,median_margin,mean_holding_days,median_holding_days,sell_through_rate,SELL_TO_SHOP_VISITS,SUCCESSFUL_PURCHASE,REJECTED_OVERPRICED,REJECTED_SCAMMER,BUY_FROM_SHOP_VISITS,BUYER_VISITS,NO_COMPATIBLE_ITEM,PRICE_NEGOTIATION_FAILURE,BUYER_PURCHASES,INVENTORY_FULL_EVENTS,cash_before_settlement,debt_before_settlement,cash_after_operating_cost,mandatory_debt_payment,cash_after_mandatory_repayment,debt_after_mandatory_repayment,optional_debt_payment,cash_after_optional_repayment,MISSED_PURCHASE_DUE_TO_INVENTORY,MISSED_PURCHASE_DUE_TO_CASH,NO_INTEREST
1,1,72962.0,0.0,0,0.0,0.0,0.0,0.0,0.0,0.0,0.0,0,102821.0,102821.0,7,11,4,25072,29859,4787,102821.0,2000,2000.0,104821.0,74962.0,1,10000.0,0,0,1,0,0,63341.0,0,91.0,21,14,35,10034.0,0.28110563101732067,0.19565898013494545,2.357142857142857,2.0,0.6666666666666666,29,21,5,3,22,22,4,4,14,1,74962.0,0.0,72962.0,0,72962.0,0.0,0,72962.0,,,
1,2,1588.0,0.0,0,0.0,0.0,0.0,0.0,0.0,0.0,0.0,0,71827.0,71827.0,17,17,0,54191,70239,16048,71827.0,4000,6000.0,77827.0,7588.0,7,70000.0,0,3,10,0,0,1588.0,0,156.75,39,22,61,31779.0,0.37955504805729395,0.22410836762688613,2.8181818181818183,3.0,0.5641025641025641,55,39,9,4,46,46,13,11,22,10,5588.0,0.0,1588.0,0,1588.0,0.0,0,1588.0,3,,
1,3,16304.0,0.0,0,0.0,0.0,0.0,0.0,0.0,0.0,0.0,0,97283.0,97283.0,15,17,2,57973,80979,23006,97283.0,6000,12000.0,109283.0,28304.0,7,70000.0,3,5,12,0,0,1588.0,0,211.0,54,39,93,56277.0,0.4683134001373854,0.2501756851721715,3.41025641025641,3,0.7222222222222222,82,54,16,4,69,69,14,15,39,12,22304.0,0.0,16304.0,0,16304.0,0.0,0,16304.0,5,3,1
1,4,3967.0,0.0,0,0.0,0.0,0.0,0.0,0.0,0.0,0.0,0,112318.0,112318.0,9,17,8,102807,108351,5544,112318.0,8000,20000.0,132318.0,23967.0,7,70000.0,5,5,12,0,0,1588.0,0,228.75,63,54,117,96774.0,0.4616435116792673,0.27277185273837,4.203703703703703,3.0,0.8571428571428571,100,63,22,5,103,103,24,22,54,12,11967.0,0.0,3967.0,0,3967.0,0.0,0,3967.0,5,5,3
1,5,78553.0,0.0,0,0.0,0.0,0.0,0.0,0.0,0.0,0.0,0,163362.0,163362.0,12,17,5,51837,84809,32972,163362.0,10000,30000.0,193362.0,108553.0,7,70000.0,13,5,12,0,0,559.0,0,236.75,74,62,136,130390.0,0.4784808080189663,0.28086173473802556,4.112903225806452,3.0,0.8378378378378378,130,74,30,8,123,123,34,23,62,12,88553.0,0.0,78553.0,0,78553.0,0.0,0,78553.0,5,13,4
1,6,58727.0,0.0,0,0.0,0.0,0.0,0.0,0.0,0.0,0.0,0,158803.0,158803.0,19,20,1,68996,100076,31080,158803.0,12000,42000.0,200803.0,100727.0,10,100000.0,15,12,22,0,0,559.0,0,267.5,90,71,161,169723.0,0.5312685101909804,0.3122546881814217,4.098591549295775,3,0.7888888888888889,160,90,34,9,139,139,34,28,71,22,70727.0,0.0,58727.0,0,58727.0,0.0,0,58727.0,12,15,6
1,7,51094.0,0.0,0,0.0,0.0,0.0,0.0,0.0,0.0,0.0,0,202468.0,202468.0,19,20,1,105991,151374,45383,202468.0,14000,56000.0,258468.0,107094.0,10,100000.0,15,15,25,0,0,559.0,0,292.5,103,84,187,213085.0,0.5337463473087066,0.334239704661214,5.0,3.0,0.8155339805825242,185,103,42,10,162,162,36,35,84,25,65094.0,0.0,51094.0,0,51094.0,0.0,0,51094.0,15,15,7
1,8,83344.0,0.0,0,0.0,0.0,0.0,0.0,0.0,0.0,0.0,0,226923.0,226923.0,19,20,1,113153,143579,30426,226923.0,16000,72000.0,298923.0,155344.0,10,100000.0,15,19,29,0,0,559.0,0,314.5,115,96,211,268497.0,0.5568660403174743,0.3691655275332759,4.989583333333333,3.0,0.8347826086956521,208,115,48,11,186,186,40,42,96,29,99344.0,0.0,83344.0,0,83344.0,0.0,0,83344.0,19,15,8
1,9,79216.0,0.0,0,0.0,0.0,0.0,0.0,0.0,0.0,0.0,0,274784.0,274784.0,18,20,2,143554,195568,52014,274784.0,18000,90000.0,364784.0,169216.0,10,100000.0,15,24,34,0,0,559.0,0,338.5,130,112,242,312770.0,0.5737910417921207,0.37630297528145473,5.821428571428571,3.0,0.8615384615384616,234,130,51,14,210,210,43,45,112,34,97216.0,0.0,79216.0,0,79216.0,0.0,0,79216.0,24,15,10
1,10,175010.0,0.0,0,0.0,0.0,0.0,0.0,0.0,0.0,0.0,0,286304.0,286304.0,17,20,3,83104,111294,28190,286304.0,20000,110000.0,396304.0,285010.0,10,100000.0,15,32,42,0,0,559.0,0,351.0,144,127,271,368114.0,0.5590046084384278,0.36344647519582246,6.0236220472440944,3,0.8819444444444444,263,144,57,15,235,235,47,49,127,42,195010.0,0.0,175010.0,0,175010.0,0.0,0,175010.0,32,15,12
1,11,-3387.0,0.0,0,0.0,0.0,0.0,0.0,0.0,0.0,0.0,0,358296.0,358296.0,20,20,0,285443,361683,76240,358296.0,22000,132000.0,490296.0,128613.0,10,100000.0,15,41,51,1,1,-3387.0,1,374.5,156,136,292,414056.0,0.5553110631332674,0.36748519532872326,6.1911764705882355,3.0,0.8717948717948718,288,156,61,15,259,259,54,56,136,51,18613.0,0.0,-3387.0,0,-3387.0,0.0,0,-3387.0,41,15,13
1,12,265364.0,0.0,0,0.0,0.0,0.0,0.0,0.0,0.0,0.0,0,390720.0,390720.0,18,20,2,89019,125356,36337,390720.0,24000,156000.0,546720.0,421364.0,10,100000.0,15,51,61,2,1,-3387.0,0,396.0,167,149,316,510383.0,0.5338461774523263,0.34510712217718587,6.416107382550336,3,0.8922155688622755,314,167,65,16,282,282,55,64,149,61,289364.0,0.0,265364.0,0,265364.0,0.0,0,265364.0,51,15,14
2,1,75750.0,0.0,0,0.0,0.0,0.0,0.0,0.0,0.0,0.0,0,176444.0,176444.0,10,11,1,75863,100694,24831,176444.0,2000,2000.0,178444.0,77750.0,1,10000.0,0,0,1,0,0,4903.0,0,60.0,17,7,24,63613.0,0.9377805485025327,0.9642401021711366,1.0,1,0.4117647058823529,24,17,5,2,25,25,11,4,7,1,77750.0,0.0,75750.0,0,75750.0,0.0,0,75750.0,,,3
2,2,179630.0,0.0,0,0.0,0.0,0.0,0.0,0.0,0.0,0.0,0,213617.0,213617.0,8,11,3,28930,33987,5057,213617.0,4000,6000.0,219617.0,185630.0,1,10000.0,0,0,1,0,0,4903.0,0,92.0,29,21,50,124560.0,0.8211725457775088,0.9642401021711366,2.5714285714285716,2,0.7241379310344828,43,29,9,5,56,56,15,11,21,1,183630.0,0.0,179630.0,0,179630.0,0.0,0,179630.0,,,9
2,3,12297.0,0.0,0,0.0,0.0,0.0,0.0,0.0,0.0,0.0,0,239375.0,239375.0,8,11,3,213290,227078,13788,239375.0,6000,12000.0,251375.0,24297.0,1,10000.0,4,0,1,0,0,2187.0,0,114.25,40,32,72,147587.0,0.7269937205337017,0.7837957223358786,2.625,2.0,0.8,66,40,15,7,82,82,21,13,32,1,18297.0,0.0,12297.0,0,12297.0,0.0,0,12297.0,,4,16
2,4,185908.0,0.0,0,0.0,0.0,0.0,0.0,0.0,0.0,0.0,0,238396.0,238396.0,12,15,3,42691,52488,9797,238396.0,8000,20000.0,258396.0,205908.0,5,50000.0,4,1,6,0,0,2187.0,0,150.5,56,44,100,198599.0,0.7134291126867709,0.808675799086758,3.0454545454545454,2.0,0.7857142857142857,95,56,24,10,102,102,22,17,44,6,193908.0,0.0,185908.0,0,185908.0,0.0,0,185908.0,1,4,19
2,5,78408.0,0.0,0,0.0,0.0,0.0,0.0,0.0,0.0,0.0,0,241050.0,241050.0,14,17,3,153683,162642,8959,241050.0,10000,30000.0,271050.0,108408.0,7,70000.0,4,2,9,0,0,2187.0,0,188.5,70,56,126,232091.0,0.7011470098581368,0.7095793827085801,3.4285714285714284,2.0,0.8,114,70,27,11,131,131,28,28,56,9,88408.0,0.0,78408.0,0,78408.0,0.0,0,78408.0,2,4,19
2,6,138040.0,0.0,0,0.0,0.0,0.0,0.0,0.0,0.0,0.0,0,317146.0,317146.0,14,19,5,138939,179106,40167,317146.0,12000,42000.0,359146.0,180040.0,9,90000.0,5,2,11,0,0,2187.0,0,242.5,85,71,156,308979.0,0.7136870549912441,0.5724444444444444,3.9295774647887325,2,0.8352941176470589,135,85,32,11,158,158,33,34,71,11,150040.0,0.0,138040.0,0,138040.0,0.0,0,138040.0,2,5,20
2,7,75417.0,0.0,0,0.0,0.0,0.0,0.0,0.0,0.0,0.0,0,369663.0,369663.0,16,20,4,234432,294246,59814,369663.0,14000,56000.0,425663.0,131417.0,10,100000.0,5,4,14,0,0,2187.0,0,293.5,103,87,190,365849.0,0.6978263093318383,0.5608465608465608,4.068965517241379,2,0.8446601941747572,161,103,38,11,184,184,39,38,87,14,89417.0,0.0,75417.0,0,75417.0,0.0,0,75417.0,4,5,20
2,8,20550.0,0.0,0,0.0,0.0,0.0,0.0,0.0,0.0,0.0,0,455594.0,455594.0,20,20,0,307936,435044,127108,455594.0,16000,72000.0,527594.0,92550.0,10,100000.0,6,5,15,0,0,2187.0,0,337.0,123,103,226,400486.0,0.6694886753948865,0.5247668997668997,3.9320388349514563,2,0.8373983739837398,187,123,42,11,208,208,40,43,103,15,36550.0,0.0,20550.0,0,20550.0,0.0,0,20550.0,5,6,22
2,9,131703.0,0.0,0,0.0,0.0,0.0,0.0,0.0,0.0,0.0,0,435402.0,435402.0,18,20,2,256895,303699,46804,435402.0,18000,90000.0,525402.0,221703.0,10,100000.0,6,16,26,0,0,2187.0,0,335.5,129,111,240,478598.0,0.667836319859941,0.5272936770848337,4.585585585585585,2,0.8604651162790697,207,129,44,12,235,235,51,50,111,26,149703.0,0.0,131703.0,0,131703.0,0.0,0,131703.0,16,6,23
2,10,323488.0,0.0,0,0.0,0.0,0.0,0.0,0.0,0.0,0.0,0,444385.0,444385.0,17,20,3,117699,120897,3198,444385.0,20000,110000.0,554385.0,433488.0,10,100000.0,6,24,34,0,0,2187.0,0,334.0,137,120,257,551187.0,0.6570283124077658,0.5124423704585146,4.875,2.0,0.8759124087591241,232,137,51,14,256,256,57,56,120,34,343488.0,0.0,323488.0,0,323488.0,0.0,0,323488.0,24,6,23
2,11,462940.0,0.0,0,0.0,0.0,0.0,0.0,0.0,0.0,0.0,0,557771.0,557771.0,15,20,5,85621,94831,9210,557771.0,22000,132000.0,689771.0,594940.0,10,100000.0,6,24,34,0,0,2187.0,0,352.0,148,133,281,680561.0,0.6607653098916876,0.5247668997668997,5.037593984962406,2,0.8986486486486487,250,148,57,15,288,288,62,63,133,34,484940.0,0.0,462940.0,0,462940.0,0.0,0,462940.0,24,6,30
2,12,428313.0,0.0,0,0.0,0.0,0.0,0.0,0.0,0.0,0.0,0,595273.0,595273.0,17,20,3,138135,166960,28825,595273.0,24000,156000.0,751273.0,584313.0,10,100000.0,6,27,37,0,0,2187.0,0,369.0,163,146,309,722448.0,0.6694555503696471,0.5,5.554794520547945,2.0,0.8957055214723927,276,163,64,16,308,308,64,66,146,37,452313.0,0.0,428313.0,0,428313.0,0.0,0,428313.0,27,6,32
3,1,54541.0,0.0,0,0.0,0.0,0.0,0.0,0.0,0.0,0.0,0,124034.0,124034.0,10,10,0,60525,69493,8968,124034.0,2000,2000.0,126034.0,56541.0,0,0.0,0,0,0,0,0,9048.0,0,65.0,19,9,28,17066.0,0.5017486062911964,0.6666666666666666,1.8888888888888888,2,0.47368421052631576,28,19,7,2,23,23,4,9,9,,56541.0,0.0,54541.0,0,54541.0,0.0,0,54541.0,,,1
3,2,96166.0,0.0,0,0.0,0.0,0.0,0.0,0.0,0.0,0.0,0,157936.0,157936.0,13,13,0,47978,61770,13792,157936.0,4000,6000.0,163936.0,102166.0,3,30000.0,0,1,4,0,0,8308.0,0,125.25,36,23,59,80144.0,0.6622050286382585,0.6669224865694551,2.652173913043478,2,0.6388888888888888,50,36,9,4,51,51,7,19,23,4,100166.0,0.0,96166.0,0,96166.0,0.0,0,96166.0,1,,2
3,3,96615.0,0.0,0,0.0,0.0,0.0,0.0,0.0,0.0,0.0,0,186129.0,186129.0,15,18,3,65784,89514,23730,186129.0,6000,12000.0,198129.0,108615.0,8,80000.0,0,5,13,0,0,351.0,0,163.75,53,38,91,154399.0,0.6281573656119357,0.6437098255280074,2.8157894736842106,2.0,0.7169811320754716,74,53,11,5,77,77,13,24,38,13,102615.0,0.0,96615.0,0,96615.0,0.0,0,96615.0,5,,2
3,4,90869.0,0.0,0,0.0,0.0,0.0,0.0,0.0,0.0,0.0,0,217960.0,217960.0,18,20,2,100298,127091,26793,217960.0,8000,20000.0,237960.0,110869.0,10,100000.0,0,11,21,0,0,351.0,0,221.25,71,53,124,211167.0,0.6393030073263565,0.620752984389348,4.0,3,0.7464788732394366,102,71,14,6,97,97,17,24,53,21,98869.0,0.0,90869.0,0,90869.0,0.0,0,90869.0,11,,3
3,5,67797.0,0.0,0,0.0,0.0,0.0,0.0,0.0,0.0,0.0,0,229937.0,229937.0,16,20,4,149189,162140,12951,229937.0,10000,30000.0,259937.0,97797.0,10,100000.0,0,14,24,0,0,351.0,0,262.25,86,70,156,246986.0,0.596230948645636,0.484023402340234,4.6,3.0,0.813953488372093,124,86,18,6,123,123,24,26,70,24,77797.0,0.0,67797.0,0,67797.0,0.0,0,67797.0,14,,3
3,6,107424.0,0.0,0,0.0,0.0,0.0,0.0,0.0,0.0,0.0,0,227464.0,227464.0,20,20,0,123585,120040,-3545,227464.0,12000,42000.0,269464.0,149424.0,10,100000.0,2,19,29,0,0,351.0,0,245.25,98,78,176,273009.0,0.5732094158793581,0.4409504691422167,4.346153846153846,3.0,0.7959183673469388,154,98,24,11,144,144,35,27,78,29,119424.0,0.0,107424.0,0,107424.0,0.0,0,107424.0,19,2,4
3,7,141024.0,0.0,0,0.0,0.0,0.0,0.0,0.0,0.0,0.0,0,237040.0,237040.0,17,20,3,91074,96016,4942,237040.0,14000,56000.0,293040.0,197024.0,10,100000.0,2,28,38,0,0,351.0,0,249.0,105,88,193,288098.0,0.55948081038633,0.4375119048311229,4.659090909090909,3.0,0.8380952380952381,175,105,28,12,170,170,45,33,88,38,155024.0,0.0,141024.0,0,141024.0,0.0,0,141024.0,28,2,4
3,8,135570.0,0.0,0,0.0,0.0,0.0,0.0,0.0,0.0,0.0,0,268702.0,268702.0,15,20,5,106355,133132,26777,268702.0,16000,72000.0,340702.0,207570.0,10,100000.0,2,32,42,0,0,351.0,0,270.5,118,103,221,313925.0,0.5529735581286871,0.43745896257386735,5.106796116504855,3,0.8728813559322034,197,118,32,13,197,197,51,39,103,42,151570.0,0.0,135570.0,0,135570.0,0.0,0,135570.0,32,2,4
3,9,79641.0,0.0,0,0.0,0.0,0.0,0.0,0.0,0.0,0.0,0,356570.0,356570.0,17,20,3,229955,276929,46974,356570.0,18000,90000.0,446570.0,169641.0,10,100000.0,2,32,42,0,0,351.0,0,297.0,134,117,251,399596.0,0.5463106708792405,0.4236983842010772,5.136752136752137,3,0.8731343283582089,221,134,39,14,224,224,59,44,117,42,97641.0,0.0,79641.0,0,79641.0,0.0,0,79641.0,32,2,4
3,10,127471.0,0.0,0,0.0,0.0,0.0,0.0,0.0,0.0,0.0,0,329432.0,329432.0,17,20,3,205624,201961,-3663,329432.0,20000,110000.0,439432.0,237471.0,10,100000.0,3,32,42,0,0,351.0,0,300.0,145,128,273,443095.0,0.5471503030440493,0.42434919210053856,5.765625,3.0,0.8827586206896552,243,145,47,16,246,246,64,49,128,42,147471.0,0.0,127471.0,0,127471.0,0.0,0,127471.0,32,3,5
3,11,19560.0,0.0,0,0.0,0.0,0.0,0.0,0.0,0.0,0.0,0,379934.0,379934.0,19,20,1,325875,360374,34499,379934.0,22000,132000.0,511934.0,151560.0,10,100000.0,4,41,51,0,0,351.0,0,294.5,155,136,291,477435.0,0.544633494966957,0.42434919210053856,5.676470588235294,3.0,0.8774193548387097,268,155,50,18,270,270,70,56,136,51,41560.0,0.0,19560.0,0,19560.0,0.0,0,19560.0,41,4,8
3,12,32035.0,0.0,0,0.0,0.0,0.0,0.0,0.0,0.0,0.0,0,383008.0,383008.0,20,20,0,320885,350973,30088,383008.0,24000,156000.0,539008.0,188035.0,10,100000.0,4,56,66,0,0,351.0,0,281.0,160,140,300,508920.0,0.5439238203099725,0.42434919210053856,5.614285714285714,3.0,0.875,294,160,54,20,292,292,79,65,140,66,56035.0,0.0,32035.0,0,32035.0,0.0,0,32035.0,56,4,8
4,1,90096.0,0.0,0,0.0,0.0,0.0,0.0,0.0,0.0,0.0,0,122734.0,122734.0,8,10,2,23100,32638,9538,122734.0,2000,2000.0,124734.0,92096.0,0,0.0,1,0,0,0,0,61205.0,0,59.0,17,9,26,15196.0,0.5063257987905957,0.2500247157686604,1.2222222222222223,1,0.5294117647058824,24,17,5,1,23,23,12,2,9,,92096.0,0.0,90096.0,0,90096.0,0.0,0,90096.0,,1,
4,2,67776.0,0.0,0,0.0,0.0,0.0,0.0,0.0,0.0,0.0,0,104828.0,104828.0,12,13,1,29865,37052,7187,104828.0,4000,6000.0,110828.0,73776.0,3,30000.0,1,0,3,0,0,39287.0,0,131.25,35,23,58,33641.0,0.5352285075908395,0.37684537684537683,2.9130434782608696,2,0.6571428571428571,50,35,11,3,43,43,18,2,23,3,71776.0,0.0,67776.0,0,67776.0,0.0,0,67776.0,,1,
4,3,24646.0,0.0,0,0.0,0.0,0.0,0.0,0.0,0.0,0.0,0,93840.0,93840.0,10,16,6,60226,69194,8968,93840.0,6000,12000.0,105840.0,36646.0,6,60000.0,2,0,6,0,0,3757.0,0,153.75,49,39,88,56872.0,0.6734284432091772,0.42495201535508637,3.1025641025641026,2,0.7959183673469388,73,49,16,6,67,67,24,4,39,6,30646.0,0.0,24646.0,0,24646.0,0.0,0,24646.0,,2,
4,4,43262.0,0.0,0,0.0,0.0,0.0,0.0,0.0,0.0,0.0,0,118773.0,118773.0,13,16,3,60168,75511,15343,118773.0,8000,20000.0,138773.0,63262.0,6,60000.0,7,4,10,0,0,2121.0,0,188.0,61,48,109,83430.0,0.6490740459100645,0.4810761623565841,3.2083333333333335,2.0,0.7868852459016393,97,61,18,7,92,92,35,6,48,10,51262.0,0.0,43262.0,0,43262.0,0.0,0,43262.0,4,7,3
4,5,42729.0,0.0,0,0.0,0.0,0.0,0.0,0.0,0.0,0.0,0,152907.0,152907.0,15,18,3,95282,110178,14896,152907.0,10000,30000.0,182907.0,72729.0,8,80000.0,9,7,15,0,0,2121.0,0,247.25,78,63,141,148011.0,0.637991060862406,0.5372003093580819,3.380952380952381,2,0.8076923076923077,127,78,25,8,113,113,39,7,63,15,52729.0,0.0,42729.0,0,42729.0,0.0,0,42729.0,7,9,4
4,6,81675.0,0.0,0,0.0,0.0,0.0,0.0,0.0,0.0,0.0,0,180740.0,180740.0,14,19,5,83989,99065,15076,180740.0,12000,42000.0,222740.0,123675.0,9,90000.0,9,7,16,0,0,2121.0,0,260.5,91,77,168,197664.0,0.6149888026288669,0.42497801231310467,3.8701298701298703,2,0.8461538461538461,147,91,28,12,144,144,50,12,77,16,93675.0,0.0,81675.0,0,81675.0,0.0,0,81675.0,7,9,5
4,7,62147.0,0.0,0,0.0,0.0,0.0,0.0,0.0,0.0,0.0,0,197586.0,197586.0,20,20,0,96699,135439,38740,197586.0,14000,56000.0,253586.0,118147.0,10,100000.0,9,10,20,0,0,2121.0,0,294.0,107,87,194,214846.0,0.5901028515944697,0.36374876360039565,3.7586206896551726,2,0.8130841121495327,168,107,29,13,171,171,62,15,87,20,76147.0,0.0,62147.0,0,62147.0,0.0,0,62147.0,10,9,7
4,8,142852.0,0.0,0,0.0,0.0,0.0,0.0,0.0,0.0,0.0,0,204161.0,204161.0,16,20,4,43597,61309,17712,204161.0,16000,72000.0,276161.0,214852.0,10,100000.0,9,20,30,0,0,2121.0,0,257.0,112,96,208,258449.0,0.5847791384873713,0.37029707022288627,4.260416666666667,2.0,0.8571428571428571,196,112,36,19,191,191,71,17,96,30,158852.0,0.0,142852.0,0,142852.0,0.0,0,142852.0,20,9,7
4,9,190122.0,0.0,0,0.0,0.0,0.0,0.0,0.0,0.0,0.0,0,238415.0,238415.0,10,20,10,35835,48293,12458,238415.0,18000,90000.0,328415.0,280122.0,10,100000.0,9,20,30,0,0,2121.0,0,256.0,123,113,236,315957.0,0.5619281564943326,0.35756501182033096,5.893805309734513,2,0.9186991869918699,217,123,41,24,221,221,71,28,113,30,208122.0,0.0,190122.0,0,190122.0,0.0,0,190122.0,20,9,9
4,10,263834.0,0.0,0,0.0,0.0,0.0,0.0,0.0,0.0,0.0,0,289277.0,289277.0,10,20,10,31436,25443,-5993,289277.0,20000,110000.0,399277.0,373834.0,10,100000.0,9,20,30,0,0,2121.0,0,276.5,137,127,264,405270.0,0.5478633611211207,0.3235294117647059,5.921259842519685,2,0.927007299270073,240,137,50,24,244,244,72,36,127,30,283834.0,0.0,263834.0,0,263834.0,0.0,0,263834.0,20,9,9
4,11,121112.0,0.0,0,0.0,0.0,0.0,0.0,0.0,0.0,0.0,0,377752.0,377752.0,18,20,2,200696,256640,55944,377752.0,22000,132000.0,509752.0,253112.0,10,100000.0,10,20,30,0,0,2121.0,0,303.0,156,138,294,453808.0,0.558112883262996,0.3368659204572517,5.782608695652174,2.0,0.8846153846153846,270,156,58,26,264,264,76,39,138,30,143112.0,0.0,121112.0,0,121112.0,0.0,0,121112.0,20,10,11
4,12,215792.0,0.0,0,0.0,0.0,0.0,0.0,0.0,0.0,0.0,0,440250.0,440250.0,15,20,5,152115,224458,72343,440250.0,24000,156000.0,596250.0,371792.0,10,100000.0,10,22,32,0,0,2121.0,0,310.0,170,155,325,523907.0,0.5720570513092418,0.37684537684537683,6.051612903225807,3,0.9117647058823529,293,170,61,30,287,287,77,43,155,32,239792.0,0.0,215792.0,0,215792.0,0.0,0,215792.0,22,10,12
5,1,35970.0,0.0,0,0.0,0.0,0.0,0.0,0.0,0.0,0.0,0,125435.0,125435.0,10,11,1,75717,89465,13748,125435.0,2000,2000.0,127435.0,37970.0,1,10000.0,0,0,1,0,0,4659.0,0,75.0,21,11,32,23687.0,0.3533462734987088,0.15857988165680473,1.4545454545454546,1,0.5238095238095238,28,21,5,2,21,21,6,3,11,1,37970.0,0.0,35970.0,0,35970.0,0.0,0,35970.0,,,1
5,2,27214.0,0.0,0,0.0,0.0,0.0,0.0,0.0,0.0,0.0,0,109277.0,109277.0,12,15,3,75856,82063,6207,109277.0,4000,6000.0,115277.0,33214.0,5,50000.0,1,0,5,0,0,4659.0,0,108.5,35,23,58,59070.0,0.583455448853757,0.37883318674875405,2.4782608695652173,2,0.6571428571428571,56,35,17,3,40,40,8,7,23,5,31214.0,0.0,27214.0,0,27214.0,0.0,0,27214.0,,1,2
5,3,8883.0,0.0,0,0.0,0.0,0.0,0.0,0.0,0.0,0.0,0,103563.0,103563.0,15,17,2,81083,94680,13597,103563.0,6000,12000.0,115563.0,20883.0,7,70000.0,3,5,12,0,0,3227.0,0,110.25,46,31,77,71966.0,0.5853810097482512,0.341228663809309,3.5161290322580645,2,0.6739130434782609,83,46,24,5,61,61,18,8,31,12,14883.0,0.0,8883.0,0,8883.0,0.0,0,8883.0,5,3,4
5,4,-3143.0,0.0,0,0.0,0.0,0.0,0.0,0.0,0.0,0.0,0,107561.0,107561.0,18,18,0,92608,110704,18096,107561.0,8000,20000.0,127561.0,16857.0,8,80000.0,5,14,22,1,1,-3143.0,1,117.75,58,40,98,89465.0,0.5868307467887751,0.3470508105551553,4.35,3.0,0.6896551724137931,116,58,31,8,78,78,26,8,40,22,4857.0,0.0,-3143.0,0,-3143.0,0.0,0,-3143.0,14,5,4
5,5,102569.0,0.0,0,0.0,0.0,0.0,0.0,0.0,0.0,0.0,0,144217.0,144217.0,10,18,8,32120,41648,9528,144217.0,10000,30000.0,174217.0,132569.0,8,80000.0,7,17,25,2,1,-3143.0,0,144.75,68,58,126,144689.0,0.6417551811876276,0.3470508105551553,5.344827586206897,3.0,0.8529411764705882,138,68,38,8,107,107,28,15,58,25,112569.0,0.0,102569.0,0,102569.0,0.0,0,102569.0,17,7,6
5,6,1443.0,0.0,0,0.0,0.0,0.0,0.0,0.0,0.0,0.0,0,155805.0,155805.0,15,18,3,137678,154362,16684,155805.0,12000,42000.0,197805.0,43443.0,8,80000.0,7,17,25,2,1,-3143.0,0,183.0,82,67,149,161121.0,0.6430519914425545,0.37883318674875405,5.3283582089552235,3,0.8170731707317073,160,82,42,12,135,135,37,22,67,25,13443.0,0.0,1443.0,0,1443.0,0.0,0,1443.0,17,7,9
5,7,39723.0,0.0,0,0.0,0.0,0.0,0.0,0.0,0.0,0.0,0,167082.0,167082.0,16,18,2,120273,127359,7086,167082.0,14000,56000.0,223082.0,95723.0,8,80000.0,8,17,25,2,1,-3143.0,0,221.75,97,81,178,195996.0,0.6412483420563274,0.375,5.938271604938271,3,0.8350515463917526,184,97,46,16,160,160,44,25,81,25,53723.0,0.0,39723.0,0,39723.0,0.0,0,39723.0,17,8,10
5,8,816.0,0.0,0,0.0,0.0,0.0,0.0,0.0,0.0,0.0,0,178866.0,178866.0,14,18,4,179111,178050,-1061,178866.0,16000,72000.0,250866.0,72816.0,8,80000.0,16,17,25,2,1,-3143.0,0,240.0,107,93,200,231927.0,0.6354100087230201,0.375,5.827956989247312,3,0.8691588785046729,209,107,49,20,182,182,48,30,93,25,16816.0,0.0,816.0,0,816.0,0.0,0,816.0,17,16,11
5,9,63691.0,0.0,0,0.0,0.0,0.0,0.0,0.0,0.0,0.0,0,212852.0,212852.0,11,18,7,145968,149161,3193,212852.0,18000,90000.0,302852.0,153691.0,8,80000.0,16,17,25,2,1,-3143.0,0,253.25,118,107,225,279659.0,0.6056929570421977,0.341228663809309,5.747663551401869,3,0.9067796610169492,232,118,58,23,208,208,51,38,107,25,81691.0,0.0,63691.0,0,63691.0,0.0,0,63691.0,17,16,12
5,10,40102.0,0.0,0,0.0,0.0,0.0,0.0,0.0,0.0,0.0,0,220242.0,220242.0,15,18,3,172420,180140,7720,220242.0,20000,110000.0,330242.0,150102.0,8,80000.0,18,22,30,2,1,-3143.0,0,264.75,129,114,243,302522.0,0.5928524588712932,0.33310144973357925,5.587719298245614,3.0,0.8837209302325582,258,129,64,25,229,229,53,47,114,30,60102.0,0.0,40102.0,0,40102.0,0.0,0,40102.0,22,18,15
5,11,7508.0,0.0,0,0.0,0.0,0.0,0.0,0.0,0.0,0.0,0,313790.0,313790.0,17,18,1,229982,306282,76300,313790.0,22000,132000.0,445790.0,139508.0,8,80000.0,20,25,33,2,1,-3143.0,0,286.25,143,126,269,349490.0,0.5725951829824546,0.3243650039243583,6.0,3.0,0.8811188811188811,283,143,69,26,252,252,57,53,126,33,29508.0,0.0,7508.0,0,7508.0,0.0,0,7508.0,25,20,16
5,12,50537.0,0.0,0,0.0,0.0,0.0,0.0,0.0,0.0,0.0,0,306624.0,306624.0,13,20,7,216480,256087,39607,306624.0,24000,156000.0,462624.0,206537.0,10,100000.0,20,33,43,2,1,-3143.0,0,283.25,152,139,291,423017.0,0.5816509069229961,0.341228663809309,6.424460431654676,3,0.9144736842105263,308,152,73,30,277,277,58,64,139,43,74537.0,0.0,50537.0,0,50537.0,0.0,0,50537.0,33,20,16
6,1,98649.0,0.0,0,0.0,0.0,0.0,0.0,0.0,0.0,0.0,0,124549.0,124549.0,7,10,3,20152,25900,5748,124549.0,2000,2000.0,126549.0,100649.0,0,0.0,1,0,0,0,0,75742.0,0,80.0,17,10,27,20801.0,0.5710379735067125,0.5564071679134441,1.8,2.0,0.5882352941176471,24,17,4,2,28,28,16,1,10,,100649.0,0.0,98649.0,0,98649.0,0.0,0,98649.0,,1,1
6,2,19250.0,0.0,0,0.0,0.0,0.0,0.0,0.0,0.0,0.0,0,131154.0,131154.0,10,13,3,74708,111904,37196,131154.0,4000,6000.0,137154.0,25250.0,3,30000.0,1,0,3,0,0,10357.0,0,120.5,29,19,48,29958.0,0.566755558522469,0.3633193863319386,2.0526315789473686,2,0.6551724137931034,46,29,11,5,55,55,23,8,19,3,23250.0,0.0,19250.0,0,19250.0,0.0,0,19250.0,,1,5
6,3,35635.0,0.0,0,0.0,0.0,0.0,0.0,0.0,0.0,0.0,0,97650.0,97650.0,15,18,3,55866,62015,6149,97650.0,6000,12000.0,109650.0,47635.0,8,80000.0,1,0,8,0,0,5717.0,0,168.25,47,32,79,83501.0,0.5669679477367289,0.4226921632059587,2.96875,2.0,0.6808510638297872,70,47,16,6,81,81,28,15,32,8,41635.0,0.0,35635.0,0,35635.0,0.0,0,35635.0,,1,6
6,4,6721.0,0.0,0,0.0,0.0,0.0,0.0,0.0,0.0,0.0,0,125781.0,125781.0,16,19,3,90670,119060,28390,125781.0,8000,20000.0,145781.0,26721.0,9,90000.0,5,0,9,0,0,706.0,0,198.75,62,46,108,107391.0,0.5642503245810745,0.4226921632059587,4.543478260869565,2.0,0.7419354838709677,97,62,22,8,100,100,29,18,46,9,14721.0,0.0,6721.0,0,6721.0,0.0,0,6721.0,,5,7
6,5,-3350.0,0.0,0,0.0,0.0,0.0,0.0,0.0,0.0,0.0,0,133550.0,133550.0,20,20,0,109942,136900,26958,133550.0,10000,30000.0,163550.0,26650.0,10,100000.0,8,6,16,1,1,-3350.0,1,232.5,76,56,132,136592.0,0.5401710588370369,0.3777741514360313,5.160714285714286,2.5,0.7368421052631579,124,76,24,10,124,124,32,28,56,16,6650.0,0.0,-3350.0,0,-3350.0,0.0,0,-3350.0,6,8,8
6,6,25178.0,0.0,0,0.0,0.0,0.0,0.0,0.0,0.0,0.0,0,150585.0,150585.0,16,20,4,100691,125407,24716,150585.0,12000,42000.0,192585.0,67178.0,10,100000.0,9,12,22,2,1,-3350.0,0,229.0,84,68,152,167869.0,0.5307074476056228,0.39429713994177845,4.823529411764706,2.5,0.8095238095238095,150,84,30,15,142,142,34,32,68,22,37178.0,0.0,25178.0,0,25178.0,0.0,0,25178.0,12,9,8
6,7,35404.0,0.0,0,0.0,0.0,0.0,0.0,0.0,0.0,0.0,0,217391.0,217391.0,16,20,4,117151,181987,64836,217391.0,14000,56000.0,273391.0,91404.0,10,100000.0,10,12,22,2,1,-3350.0,0,274.0,101,85,186,208555.0,0.532270554875,0.375,4.776470588235294,2,0.8415841584158416,173,101,35,15,171,171,39,37,85,22,49404.0,0.0,35404.0,0,35404.0,0.0,0,35404.0,12,10,10
6,8,133819.0,0.0,0,0.0,0.0,0.0,0.0,0.0,0.0,0.0,0,349777.0,349777.0,13,20,7,157869,215958,58089,349777.0,16000,72000.0,421777.0,205819.0,10,100000.0,13,12,22,2,1,-3350.0,0,310.5,119,106,225,363688.0,0.550647508526942,0.4281098307215331,5.688679245283019,2.0,0.8907563025210085,195,119,35,16,202,202,45,41,106,22,149819.0,0.0,133819.0,0,133819.0,0.0,0,133819.0,12,13,10
6,9,148801.0,0.0,0,0.0,0.0,0.0,0.0,0.0,0.0,0.0,0,323639.0,323639.0,18,20,2,142457,174838,32381,323639.0,18000,90000.0,413639.0,238801.0,10,100000.0,13,12,22,2,1,-3350.0,0,341.0,135,117,252,381258.0,0.5295316177923594,0.38054830287206265,5.82051282051282,3,0.8666666666666667,216,135,39,17,231,231,52,52,117,22,166801.0,0.0,148801.0,0,148801.0,0.0,0,148801.0,12,13,10
6,10,256959.0,0.0,0,0.0,0.0,0.0,0.0,0.0,0.0,0.0,0,431363.0,431363.0,17,20,3,135572,174404,38832,431363.0,20000,110000.0,541363.0,366959.0,10,100000.0,13,12,22,2,1,-3350.0,0,374.5,152,135,287,502531.0,0.5334133543372779,0.40804597701149425,6.266666666666667,3,0.8881578947368421,237,152,42,18,263,263,56,61,135,22,276959.0,0.0,256959.0,0,256959.0,0.0,0,256959.0,12,13,11
6,11,288891.0,0.0,0,0.0,0.0,0.0,0.0,0.0,0.0,0.0,0,430758.0,430758.0,18,20,2,121814,141867,20053,430758.0,22000,132000.0,562758.0,420891.0,10,100000.0,13,19,29,2,1,-3350.0,0,393.5,165,147,312,542705.0,0.5351376587541837,0.40804597701149425,6.197278911564626,3,0.8909090909090909,266,165,49,20,285,285,59,67,147,29,310891.0,0.0,288891.0,0,288891.0,0.0,0,288891.0,19,13,12
6,12,301097.0,0.0,0,0.0,0.0,0.0,0.0,0.0,0.0,0.0,0,487963.0,487963.0,20,20,0,135214,186866,51652,487963.0,24000,156000.0,643963.0,457097.0,10,100000.0,13,21,31,2,1,-3350.0,0,409.5,178,158,336,592311.0,0.534939805863808,0.4165278732263411,6.2405063291139244,3.0,0.8876404494382022,290,178,55,23,309,309,65,71,158,31,325097.0,0.0,301097.0,0,301097.0,0.0,0,301097.0,21,13,15
7,1,90624.0,0.0,0,0.0,0.0,0.0,0.0,0.0,0.0,0.0,0,125610.0,125610.0,7,10,3,27273,34986,7713,125610.0,2000,2000.0,127610.0,92624.0,0,0.0,0,0,0,0,0,83917.0,0,77.0,18,11,29,19897.0,0.6804882995998178,0.7487046632124352,1.3636363636363635,1,0.6111111111111112,23,18,3,2,27,27,16,,11,,92624.0,0.0,90624.0,0,90624.0,0.0,0,90624.0,,,
7,2,110240.0,0.0,0,0.0,0.0,0.0,0.0,0.0,0.0,0.0,0,157993.0,157993.0,12,13,1,28247,47753,19506,157993.0,4000,6000.0,163993.0,116240.0,3,30000.0,0,1,4,0,0,8124.0,0,148.5,37,25,62,74487.0,0.5304863109799673,0.5003690036900369,1.96,1,0.6756756756756757,49,37,8,3,50,50,22,3,25,4,114240.0,0.0,110240.0,0,110240.0,0.0,0,110240.0,1,,
7,3,147994.0,0.0,0,0.0,0.0,0.0,0.0,0.0,0.0,0.0,0,175508.0,175508.0,11,14,3,19822,27514,7692,175508.0,6000,12000.0,187508.0,159994.0,4,40000.0,0,1,5,0,0,8124.0,0,178.25,52,41,93,119816.0,0.7429751459699886,0.7065244356239146,2.5121951219512195,2,0.7884615384615384,72,52,11,8,75,75,29,5,41,5,153994.0,0.0,147994.0,0,147994.0,0.0,0,147994.0,1,,
7,4,90531.0,0.0,0,0.0,0.0,0.0,0.0,0.0,0.0,0.0,0,229159.0,229159.0,13,14,1,114532,138628,24096,229159.0,8000,20000.0,249159.0,110531.0,4,40000.0,0,1,5,0,0,8124.0,0,223.75,69,56,125,165063.0,0.7052605771999003,0.7032622178119573,3.4464285714285716,2.0,0.8115942028985508,95,69,16,9,98,98,35,7,56,5,98531.0,0.0,90531.0,0,90531.0,0.0,0,90531.0,1,,
7,5,80736.0,0.0,0,0.0,0.0,0.0,0.0,0.0,0.0,0.0,0,296766.0,296766.0,12,14,2,170547,216030,45483,296766.0,10000,30000.0,326766.0,110736.0,4,40000.0,5,1,5,0,0,967.0,0,251.0,82,70,152,221283.0,0.7509675548058983,0.7493523316062176,3.9571428571428573,2.0,0.8536585365853658,122,82,24,10,121,121,42,9,70,5,90736.0,0.0,80736.0,0,80736.0,0.0,0,80736.0,1,5,
7,6,162793.0,0.0,0,0.0,0.0,0.0,0.0,0.0,0.0,0.0,0,368188.0,368188.0,16,17,1,132403,205395,72992,368188.0,12000,42000.0,410188.0,204793.0,7,70000.0,5,1,8,0,0,967.0,0,282.25,101,85,186,307196.0,0.7080485596167883,0.7000222667557336,4.035294117647059,2,0.8415841584158416,148,101,28,13,145,145,51,9,85,8,174793.0,0.0,162793.0,0,162793.0,0.0,0,162793.0,1,5,
7,7,-5288.0,0.0,0,0.0,0.0,0.0,0.0,0.0,0.0,0.0,0,470695.0,470695.0,18,18,0,309513,475983,166470,470695.0,14000,56000.0,526695.0,50712.0,8,80000.0,7,4,12,1,1,-5288.0,1,287.25,116,98,214,340225.0,0.7285279661184704,0.7032733511898241,4.061224489795919,3.0,0.8448275862068966,178,116,34,17,163,163,52,12,98,12,8712.0,0.0,-5288.0,0,-5288.0,0.0,0,-5288.0,4,7,1
7,8,225592.0,0.0,0,0.0,0.0,0.0,0.0,0.0,0.0,0.0,0,470517.0,470517.0,20,20,0,213120,244925,31805,470517.0,16000,72000.0,542517.0,297592.0,10,100000.0,7,4,14,2,1,-5288.0,0,276.75,131,111,242,510712.0,0.7065127064133567,0.6669741697416974,4.423423423423423,3,0.8473282442748091,204,131,40,22,187,187,53,22,111,14,241592.0,0.0,225592.0,0,225592.0,0.0,0,225592.0,4,7,1
7,9,352176.0,0.0,0,0.0,0.0,0.0,0.0,0.0,0.0,0.0,0,502630.0,502630.0,20,20,0,139112,150454,11342,502630.0,18000,90000.0,592630.0,442176.0,10,100000.0,7,12,22,2,1,-5288.0,0,299.25,144,124,268,581288.0,0.694989564584291,0.666820418204182,4.524193548387097,3.0,0.8611111111111112,229,144,44,22,209,209,53,31,124,22,370176.0,0.0,352176.0,0,352176.0,0.0,0,352176.0,12,7,1
7,10,330542.0,0.0,0,0.0,0.0,0.0,0.0,0.0,0.0,0.0,0,601706.0,601706.0,17,20,3,202710,271164,68454,601706.0,20000,110000.0,711706.0,440542.0,10,100000.0,7,19,29,2,1,-5288.0,0,304.25,156,139,295,643252.0,0.6718001404621493,0.5942028985507246,4.60431654676259,3,0.8910256410256411,256,156,49,25,230,230,53,36,139,29,350542.0,0.0,330542.0,0,330542.0,0.0,0,330542.0,19,7,2
7,11,356796.0,0.0,0,0.0,0.0,0.0,0.0,0.0,0.0,0.0,0,687977.0,687977.0,16,20,4,278623,331181,52558,687977.0,22000,132000.0,819977.0,488796.0,10,100000.0,7,25,35,2,1,-5288.0,0,322.25,169,153,322,767419.0,0.6622132101815501,0.5738045738045738,4.915032679738562,3,0.9053254437869822,279,169,52,26,253,253,53,42,153,35,378796.0,0.0,356796.0,0,356796.0,0.0,0,356796.0,25,7,5
7,12,467118.0,0.0,0,0.0,0.0,0.0,0.0,0.0,0.0,0.0,0,721071.0,721071.0,19,20,1,211482,253953,42471,721071.0,24000,156000.0,877071.0,623118.0,10,100000.0,7,29,39,2,1,-5288.0,0,341.25,182,163,345,834600.0,0.6455379580019603,0.5003690036900369,4.7607361963190185,3,0.8956043956043956,302,182,57,27,278,278,54,51,163,39,491118.0,0.0,467118.0,0,467118.0,0.0,0,467118.0,29,7,10
8,1,92096.0,0.0,0,0.0,0.0,0.0,0.0,0.0,0.0,0.0,0,170228.0,170228.0,11,11,0,56918,78132,21214,170228.0,2000,2000.0,172228.0,94096.0,1,10000.0,0,0,1,0,0,5570.0,0,109.0,23,12,35,61014.0,0.7345850748427597,0.829089696223317,1.8333333333333333,1.5,0.5217391304347826,28,23,4,1,21,21,7,2,12,1,94096.0,0.0,92096.0,0,92096.0,0.0,0,92096.0,,,
8,2,31846.0,0.0,0,0.0,0.0,0.0,0.0,0.0,0.0,0.0,0,143627.0,143627.0,14,16,2,98565,111781,13216,143627.0,4000,6000.0,149627.0,37846.0,6,60000.0,3,3,9,0,0,1657.0,0,151.5,39,25,64,96411.0,0.633455810889068,0.6662225183211192,3.12,2,0.6410256410256411,59,39,12,2,38,38,10,3,25,9,35846.0,0.0,31846.0,0,31846.0,0.0,0,31846.0,3,3,
8,3,34466.0,0.0,0,0.0,0.0,0.0,0.0,0.0,0.0,0.0,0,126873.0,126873.0,14,17,3,97860,92407,-5453,126873.0,6000,12000.0,138873.0,46466.0,7,70000.0,4,10,17,0,0,1657.0,0,162.0,48,34,82,114326.0,0.584165828829313,0.3610155388817416,4.0,3.0,0.7083333333333334,82,48,18,2,62,62,19,9,34,17,40466.0,0.0,34466.0,0,34466.0,0.0,0,34466.0,10,4,
8,4,54959.0,0.0,0,0.0,0.0,0.0,0.0,0.0,0.0,0.0,0,214518.0,214518.0,16,18,2,117063,159559,42496,214518.0,8000,20000.0,234518.0,74959.0,8,80000.0,6,10,18,0,0,1657.0,0,206.5,62,46,108,172022.0,0.5785685766351361,0.3707728335024,4.695652173913044,3.0,0.7419354838709677,105,62,25,2,86,86,21,18,46,18,62959.0,0.0,54959.0,0,54959.0,0.0,0,54959.0,10,6,1
8,5,176270.0,0.0,0,0.0,0.0,0.0,0.0,0.0,0.0,0.0,0,250329.0,250329.0,13,20,7,73214,74059,845,250329.0,10000,30000.0,280329.0,206270.0,10,100000.0,6,11,21,0,0,1657.0,0,253.75,76,63,139,279484.0,0.5357714985531332,0.35832246849196003,4.634920634920635,2,0.8289473684210527,125,76,30,2,115,115,23,27,63,21,186270.0,0.0,176270.0,0,176270.0,0.0,0,176270.0,11,6,2
8,6,201190.0,0.0,0,0.0,0.0,0.0,0.0,0.0,0.0,0.0,0,321131.0,321131.0,16,20,4,85206,119941,34735,321131.0,12000,42000.0,363131.0,243190.0,10,100000.0,6,11,21,0,0,1657.0,0,285.25,94,78,172,328396.0,0.6531505493136146,0.3707728335024,5.961538461538462,2.5,0.8297872340425532,149,94,35,3,141,141,27,32,78,21,213190.0,0.0,201190.0,0,201190.0,0.0,0,201190.0,11,6,4
8,7,223533.0,0.0,0,0.0,0.0,0.0,0.0,0.0,0.0,0.0,0,350435.0,350435.0,18,20,2,89865,126902,37037,350435.0,14000,56000.0,406435.0,279533.0,10,100000.0,6,17,27,0,0,1657.0,0,318.25,109,91,200,369398.0,0.6189981984465596,0.36370860927152315,5.78021978021978,3,0.8348623853211009,172,109,37,3,168,168,30,42,91,27,237533.0,0.0,223533.0,0,223533.0,0.0,0,223533.0,17,6,5
8,8,202840.0,0.0,0,0.0,0.0,0.0,0.0,0.0,0.0,0.0,0,422557.0,422557.0,19,20,1,170458,219717,49259,422557.0,16000,72000.0,494557.0,274840.0,10,100000.0,6,22,32,0,0,1657.0,0,347.25,127,108,235,445298.0,0.6137630007165567,0.3707728335024,5.981481481481482,3.0,0.8503937007874016,199,127,39,5,192,192,30,49,108,32,218840.0,0.0,202840.0,0,202840.0,0.0,0,202840.0,22,6,5
8,9,294752.0,0.0,0,0.0,0.0,0.0,0.0,0.0,0.0,0.0,0,514182.0,514182.0,17,20,3,152075,219430,67355,514182.0,18000,90000.0,604182.0,384752.0,10,100000.0,6,31,41,0,0,1657.0,0,341.25,138,121,259,536827.0,0.6222370167390603,0.38642533936651585,5.983471074380165,3,0.8768115942028986,226,138,43,8,216,216,35,52,121,41,312752.0,0.0,294752.0,0,294752.0,0.0,0,294752.0,31,6,8
8,10,297130.0,0.0,0,0.0,0.0,0.0,0.0,0.0,0.0,0.0,0,610215.0,610215.0,19,20,1,213497,313085,99588,610215.0,20000,110000.0,720215.0,407130.0,10,100000.0,6,32,42,0,0,1657.0,0,355.25,151,132,283,620627.0,0.6382312362072475,0.4327736917284113,5.962121212121212,3.0,0.8741721854304636,249,151,49,11,238,238,41,57,132,42,317130.0,0.0,297130.0,0,297130.0,0.0,0,297130.0,32,6,8
8,11,335181.0,0.0,0,0.0,0.0,0.0,0.0,0.0,0.0,0.0,0,691439.0,691439.0,20,20,0,217982,356258,138276,691439.0,22000,132000.0,823439.0,467181.0,10,100000.0,6,39,49,0,0,1657.0,0,375.75,164,144,308,685163.0,0.6133950280752523,0.38839983545865897,6.777777777777778,3.0,0.8780487804878049,273,164,52,12,258,258,43,62,144,49,357181.0,0.0,335181.0,0,335181.0,0.0,0,335181.0,39,6,9
8,12,303857.0,0.0,0,0.0,0.0,0.0,0.0,0.0,0.0,0.0,0,688419.0,688419.0,19,20,1,253246,384562,131316,688419.0,24000,156000.0,844419.0,459857.0,10,100000.0,6,41,51,0,0,1657.0,0,388.75,179,160,339,713103.0,0.584370566041787,0.3653688045619646,6.84375,3.0,0.8938547486033519,296,179,55,15,282,282,48,64,160,51,327857.0,0.0,303857.0,0,303857.0,0.0,0,303857.0,41,6,10
9,1,104217.0,0.0,0,0.0,0.0,0.0,0.0,0.0,0.0,0.0,0,165293.0,165293.0,3,10,7,33847,61076,27229,165293.0,2000,2000.0,167293.0,106217.0,0,0.0,1,0,0,0,0,10250.0,0,34.0,14,11,25,40064.0,0.4080744178410802,0.2501130710085934,1.8181818181818181,1,0.7857142857142857,24,14,5,4,27,27,13,2,11,,106217.0,0.0,104217.0,0,104217.0,0.0,0,104217.0,,1,1
9,2,138463.0,0.0,0,0.0,0.0,0.0,0.0,0.0,0.0,0.0,0,209196.0,209196.0,6,10,4,44270,70733,26463,209196.0,4000,6000.0,215196.0,144463.0,0,0.0,1,0,0,0,0,10250.0,0,89.0,30,24,54,88733.0,0.550622722161647,0.4480592869279787,1.7916666666666667,1.0,0.8,46,30,9,6,51,51,21,3,24,,142463.0,0.0,138463.0,0,138463.0,0.0,0,138463.0,,1,3
9,3,109092.0,0.0,0,0.0,0.0,0.0,0.0,0.0,0.0,0.0,0,272293.0,272293.0,10,12,2,84273,163201,78928,272293.0,6000,12000.0,284293.0,121092.0,2,20000.0,1,0,2,0,0,10250.0,0,136.5,47,37,84,125365.0,0.5578569514696115,0.4372849546449797,2.324324324324324,2,0.7872340425531915,69,47,15,6,77,77,26,8,37,2,115092.0,0.0,109092.0,0,109092.0,0.0,0,109092.0,,1,6
9,4,27197.0,0.0,0,0.0,0.0,0.0,0.0,0.0,0.0,0.0,0,316643.0,316643.0,13,14,1,208912,289446,80534,316643.0,8000,20000.0,336643.0,47197.0,4,40000.0,5,4,8,0,0,31.0,0,147.75,60,47,107,196109.0,0.6571962137135816,0.6666666666666666,2.702127659574468,2,0.7833333333333333,97,60,17,11,97,97,30,14,47,8,35197.0,0.0,27197.0,0,27197.0,0.0,0,27197.0,4,5,6
9,5,156870.0,0.0,0,0.0,0.0,0.0,0.0,0.0,0.0,0.0,0,359470.0,359470.0,11,14,3,155941,202600,46659,359470.0,10000,30000.0,389470.0,186870.0,4,40000.0,5,4,8,0,0,31.0,0,166.0,73,62,135,282811.0,0.5925748221527746,0.43086403060364575,2.838709677419355,2.0,0.8493150684931506,121,73,23,16,119,119,33,17,62,8,166870.0,0.0,156870.0,0,156870.0,0.0,0,156870.0,4,5,7
9,6,300278.0,0.0,0,0.0,0.0,0.0,0.0,0.0,0.0,0.0,0,418416.0,418416.0,10,16,6,73362,118138,44776,418416.0,12000,42000.0,460416.0,342278.0,6,60000.0,5,4,10,0,0,31.0,0,204.0,87,77,164,375640.0,0.6142382556982986,0.4588336192109777,3.3376623376623376,2,0.8850574712643678,143,87,30,17,144,144,38,21,77,10,312278.0,0.0,300278.0,0,300278.0,0.0,0,300278.0,4,5,8
9,7,325908.0,0.0,0,0.0,0.0,0.0,0.0,0.0,0.0,0.0,0,439354.0,439354.0,13,17,4,77428,113446,36018,439354.0,14000,56000.0,495354.0,381908.0,7,70000.0,5,4,11,0,0,31.0,0,251.5,103,90,193,429336.0,0.6262441726326946,0.6665574486675404,3.466666666666667,2.0,0.8737864077669902,166,103,35,19,170,170,38,31,90,11,339908.0,0.0,325908.0,0,325908.0,0.0,0,325908.0,4,5,11
9,8,299772.0,0.0,0,0.0,0.0,0.0,0.0,0.0,0.0,0.0,0,461643.0,461643.0,18,18,0,138241,161871,23630,461643.0,16000,72000.0,533643.0,371772.0,8,80000.0,5,4,12,0,0,31.0,0,278.0,119,101,220,490013.0,0.6156695132031664,0.65,4.118811881188119,2,0.8487394957983193,190,119,42,20,195,195,41,39,101,12,315772.0,0.0,299772.0,0,299772.0,0.0,0,299772.0,4,5,14
9,9,273444.0,0.0,0,0.0,0.0,0.0,0.0,0.0,0.0,0.0,0,493461.0,493461.0,15,20,5,182231,220017,37786,493461.0,18000,90000.0,583461.0,363444.0,10,100000.0,5,4,14,0,0,31.0,0,282.0,130,115,245,545675.0,0.6212839552496537,0.65,4.2,2,0.8846153846153846,208,130,45,24,221,221,43,48,115,14,291444.0,0.0,273444.0,0,273444.0,0.0,0,273444.0,4,5,15
9,10,210474.0,0.0,0,0.0,0.0,0.0,0.0,0.0,0.0,0.0,0,573897.0,573897.0,20,20,0,264886,363423,98537,573897.0,20000,110000.0,683897.0,320474.0,10,100000.0,5,12,22,0,0,31.0,0,279.0,142,122,264,585360.0,0.6037874761640317,0.4478091439891565,4.204918032786885,2.0,0.8591549295774648,238,142,51,28,243,243,43,58,122,22,230474.0,0.0,210474.0,0,210474.0,0.0,0,210474.0,12,5,20
9,11,324249.0,0.0,0,0.0,0.0,0.0,0.0,0.0,0.0,0.0,0,639904.0,639904.0,18,20,2,235803,315655,79852,639904.0,22000,132000.0,771904.0,456249.0,10,100000.0,5,18,28,0,0,31.0,0,286.5,154,136,290,692052.0,0.6021246526141083,0.4478091439891565,4.8088235294117645,3.0,0.8831168831168831,266,154,59,30,264,264,43,63,136,28,346249.0,0.0,324249.0,0,324249.0,0.0,0,324249.0,18,5,22
9,12,411886.0,0.0,0,0.0,0.0,0.0,0.0,0.0,0.0,0.0,0,670587.0,670587.0,20,20,0,232680,258701,26021,670587.0,24000,156000.0,826587.0,567886.0,10,100000.0,5,21,31,0,0,31.0,0,304.0,167,147,314,800566.0,0.6068890237880621,0.4583333333333333,4.870748299319728,3,0.8802395209580839,290,167,66,31,288,288,46,68,147,31,435886.0,0.0,411886.0,0,411886.0,0.0,0,411886.0,21,5,27
10,1,104664.0,0.0,0,0.0,0.0,0.0,0.0,0.0,0.0,0.0,0,122481.0,122481.0,5,10,5,14007,17817,3810,122481.0,2000,2000.0,124481.0,106664.0,0,0.0,0,0,0,0,0,81209.0,0,25.0,14,9,23,20671.0,0.38267410396342555,0.2500575109270761,1.5555555555555556,1,0.6428571428571429,25,14,6,5,23,23,11,1,9,,106664.0,0.0,104664.0,0,104664.0,0.0,0,104664.0,,,2
10,2,51953.0,0.0,0,0.0,0.0,0.0,0.0,0.0,0.0,0.0,0,125203.0,125203.0,9,14,5,48679,73250,24571,125203.0,4000,6000.0,131203.0,57953.0,4,40000.0,0,1,5,0,0,6788.0,0,110.0,33,24,57,46632.0,0.6502285786901005,0.3367858792305302,2.0416666666666665,2.0,0.7272727272727273,52,33,10,8,46,46,17,3,24,5,55953.0,0.0,51953.0,0,51953.0,0.0,0,51953.0,1,,2
10,3,5811.0,0.0,0,0.0,0.0,0.0,0.0,0.0,0.0,0.0,0,165047.0,165047.0,16,16,0,143032,159236,16204,165047.0,6000,12000.0,177047.0,17811.0,6,60000.0,1,4,10,0,0,5811.0,0,178.25,55,39,94,120843.0,0.656263065080085,0.37496296296296294,2.5128205128205128,2,0.7090909090909091,82,55,12,10,66,66,20,5,39,10,11811.0,0.0,5811.0,0,5811.0,0.0,0,5811.0,4,1,2
10,4,9072.0,0.0,0,0.0,0.0,0.0,0.0,0.0,0.0,0.0,0,135284.0,135284.0,15,16,1,143337,126212,-17125,135284.0,8000,20000.0,155284.0,29072.0,6,60000.0,5,6,12,0,0,5811.0,0,172.75,63,48,111,132409.0,0.6249562274763751,0.37498148148148147,3.3333333333333335,2.5,0.7619047619047619,108,63,19,15,91,91,22,16,48,12,17072.0,0.0,9072.0,0,9072.0,0.0,0,9072.0,6,5,5
10,5,-8185.0,0.0,0,0.0,0.0,0.0,0.0,0.0,0.0,0.0,0,125122.0,125122.0,16,17,1,150044,133307,-16737,125122.0,10000,30000.0,155122.0,21815.0,7,70000.0,8,10,17,1,1,-8185.0,1,191.25,74,58,132,141859.0,0.6337456814249369,0.4368183367416496,3.2241379310344827,2.0,0.7837837837837838,133,74,24,17,117,117,22,30,58,17,1815.0,0.0,-8185.0,0,-8185.0,0.0,0,-8185.0,10,8,7
10,6,62678.0,0.0,0,0.0,0.0,0.0,0.0,0.0,0.0,0.0,0,159072.0,159072.0,13,17,4,86900,96394,9494,159072.0,12000,42000.0,201072.0,104678.0,7,70000.0,17,10,17,2,1,-8185.0,0,193.0,82,69,151,161578.0,0.6162680270403328,0.375,4.6521739130434785,3,0.8414634146341463,156,82,27,20,142,142,23,42,69,17,74678.0,0.0,62678.0,0,62678.0,0.0,0,62678.0,10,17,8
10,7,56280.0,0.0,0,0.0,0.0,0.0,0.0,0.0,0.0,0.0,0,183641.0,183641.0,12,17,5,106818,127361,20543,183641.0,14000,56000.0,239641.0,112280.0,7,70000.0,17,10,17,2,1,-8185.0,0,214.25,95,83,178,189098.0,0.5912949766471691,0.3838310269482884,5.542168674698795,3,0.8736842105263158,177,95,31,24,173,173,27,49,83,17,70280.0,0.0,56280.0,0,56280.0,0.0,0,56280.0,10,17,14
10,8,42158.0,0.0,0,0.0,0.0,0.0,0.0,0.0,0.0,0.0,0,198873.0,198873.0,20,20,0,142835,156715,13880,198873.0,16000,72000.0,270873.0,114158.0,10,100000.0,17,16,26,2,1,-8185.0,0,252.0,112,92,204,256993.0,0.6071183192626216,0.44064592030328115,5.456521739130435,3.0,0.8214285714285714,208,112,38,25,194,194,29,58,92,26,58158.0,0.0,42158.0,0,42158.0,0.0,0,42158.0,16,17,15
10,9,74185.0,0.0,0,0.0,0.0,0.0,0.0,0.0,0.0,0.0,0,305477.0,305477.0,20,20,0,160989,231292,70303,305477.0,18000,90000.0,395477.0,164185.0,10,100000.0,17,17,27,2,1,-8185.0,0,289.0,130,110,240,325174.0,0.6211425754061136,0.4596077576511717,5.818181818181818,3.0,0.8461538461538461,230,130,40,26,222,222,29,68,110,27,92185.0,0.0,74185.0,0,74185.0,0.0,0,74185.0,17,17,15
10,10,-8903.0,0.0,0,0.0,0.0,0.0,0.0,0.0,0.0,0.0,0,322287.0,322287.0,18,20,2,254484,331190,76706,322287.0,20000,110000.0,432287.0,101097.0,10,100000.0,17,24,34,3,2,-8903.0,1,298.0,142,124,266,355581.0,0.6014373677129923,0.4213443241221019,5.92741935483871,4.0,0.8732394366197183,257,142,47,27,247,247,35,72,124,34,11097.0,0.0,-8903.0,0,-8903.0,0.0,0,-8903.0,24,17,16
10,11,29792.0,0.0,0,0.0,0.0,0.0,0.0,0.0,0.0,0.0,0,261310.0,261310.0,8,20,12,220404,231518,11114,261310.0,22000,132000.0,393310.0,161792.0,10,100000.0,19,24,34,4,2,-8903.0,0,298.5,149,141,290,382196.0,0.5854901389483165,0.3937518420277041,6.432624113475177,4,0.9463087248322147,276,149,53,31,280,280,42,81,141,34,51792.0,0.0,29792.0,0,29792.0,0.0,0,29792.0,24,19,16
10,12,269132.0,0.0,0,0.0,0.0,0.0,0.0,0.0,0.0,0.0,0,369619.0,369619.0,4,20,16,85581,100487,14906,369619.0,24000,156000.0,525619.0,425132.0,10,100000.0,22,24,34,4,2,-8903.0,0,294.5,157,153,310,510713.0,0.5927611944299983,0.4176954732510288,6.483660130718954,4,0.9745222929936306,297,157,60,34,307,307,57,81,153,34,293132.0,0.0,269132.0,0,269132.0,0.0,0,269132.0,24,22,16
11,1,43540.0,0.0,0,0.0,0.0,0.0,0.0,0.0,0.0,0.0,0,118880.0,118880.0,7,10,3,69616,75340,5724,118880.0,2000,2000.0,120880.0,45540.0,0,0.0,0,0,0,0,0,23674.0,0,75.0,18,11,29,15156.0,0.5121882009427339,0.4375,1.1818181818181819,1,0.6111111111111112,24,18,5,1,24,24,11,2,11,,45540.0,0.0,43540.0,0,43540.0,0.0,0,43540.0,,,
11,2,22905.0,0.0,0,0.0,0.0,0.0,0.0,0.0,0.0,0.0,0,113367.0,113367.0,9,13,4,74415,90462,16047,113367.0,4000,6000.0,119367.0,28905.0,3,30000.0,3,0,3,0,0,11756.0,0,117.5,30,21,51,33320.0,0.5460900612941955,0.4375,1.619047619047619,1,0.7,53,30,15,5,43,43,15,7,21,3,26905.0,0.0,22905.0,0,22905.0,0.0,0,22905.0,,3,
11,3,58877.0,0.0,0,0.0,0.0,0.0,0.0,0.0,0.0,0.0,0,121783.0,121783.0,11,14,3,53526,62906,9380,121783.0,6000,12000.0,133783.0,70877.0,4,40000.0,5,0,4,0,0,5024.0,0,148.75,43,32,75,64403.0,0.5473519763868494,0.406225989243181,2.59375,2.0,0.7441860465116279,76,43,20,8,69,69,24,11,32,4,64877.0,0.0,58877.0,0,58877.0,0.0,0,58877.0,,5,2
11,4,8290.0,0.0,0,0.0,0.0,0.0,0.0,0.0,0.0,0.0,0,99255.0,99255.0,15,18,3,68729,90965,22236,99255.0,8000,20000.0,119255.0,28290.0,8,80000.0,5,4,12,0,0,4282.0,0,195.25,59,44,103,77019.0,0.5408792225700509,0.36927353804027585,2.8863636363636362,2.0,0.7457627118644068,102,59,25,9,92,92,33,13,44,12,16290.0,0.0,8290.0,0,8290.0,0.0,0,8290.0,4,5,2
11,5,32566.0,0.0,0,0.0,0.0,0.0,0.0,0.0,0.0,0.0,0,118884.0,118884.0,15,18,3,66554,86318,19764,118884.0,10000,30000.0,148884.0,62566.0,8,80000.0,6,4,12,0,0,4282.0,0,233.75,73,58,131,109120.0,0.5469787426420812,0.36927353804027585,3.2241379310344827,2.0,0.7945205479452054,123,73,30,10,119,119,40,19,58,12,42566.0,0.0,32566.0,0,32566.0,0.0,0,32566.0,4,6,2
11,6,-10944.0,0.0,0,0.0,0.0,0.0,0.0,0.0,0.0,0.0,0,135787.0,135787.0,19,19,0,111541,146731,35190,135787.0,12000,42000.0,177787.0,31056.0,9,90000.0,7,5,14,1,1,-10944.0,1,251.5,86,67,153,132597.0,0.5300376230539131,0.35,3.5522388059701493,2,0.7790697674418605,147,86,36,13,140,140,44,25,67,14,1056.0,0.0,-10944.0,0,-10944.0,0.0,0,-10944.0,5,7,4
11,7,38121.0,0.0,0,0.0,0.0,0.0,0.0,0.0,0.0,0.0,0,158106.0,158106.0,18,20,2,85372,119985,34613,158106.0,14000,56000.0,214106.0,94121.0,10,100000.0,7,10,20,2,1,-10944.0,0,257.5,98,80,178,179493.0,0.5799679240725824,0.35706372406327014,4.175,2.0,0.8163265306122449,169,98,40,14,166,166,53,28,80,20,52121.0,0.0,38121.0,0,38121.0,0.0,0,38121.0,10,7,5
11,8,101064.0,0.0,0,0.0,0.0,0.0,0.0,0.0,0.0,0.0,0,204241.0,204241.0,17,20,3,77215,103177,25962,204241.0,16000,72000.0,276241.0,173064.0,10,100000.0,7,15,25,2,1,-10944.0,0,278.0,111,94,205,250279.0,0.5753115800195125,0.35706372406327014,4.882978723404255,2.0,0.8468468468468469,195,111,47,15,190,190,60,31,94,25,117064.0,0.0,101064.0,0,101064.0,0.0,0,101064.0,15,7,5
11,9,32103.0,0.0,0,0.0,0.0,0.0,0.0,0.0,0.0,0.0,0,225234.0,225234.0,17,20,3,153622,193131,39509,225234.0,18000,90000.0,315234.0,122103.0,10,100000.0,7,15,25,2,1,-10944.0,0,302.0,125,108,233,275725.0,0.5902532705354996,0.35706372406327014,5.861111111111111,2.0,0.864,216,125,53,16,217,217,67,37,108,25,50103.0,0.0,32103.0,0,32103.0,0.0,0,32103.0,15,7,5
11,10,67744.0,0.0,0,0.0,0.0,0.0,0.0,0.0,0.0,0.0,0,278056.0,278056.0,20,20,0,172141,210312,38171,278056.0,20000,110000.0,388056.0,177744.0,10,100000.0,9,17,27,2,1,-10944.0,0,318.0,139,119,258,349885.0,0.5884134259167538,0.35053235053235055,6.100840336134453,2,0.8561151079136691,239,139,56,18,242,242,71,46,119,27,87744.0,0.0,67744.0,0,67744.0,0.0,0,67744.0,17,9,6
11,11,214415.0,0.0,0,0.0,0.0,0.0,0.0,0.0,0.0,0.0,0,350798.0,350798.0,18,20,2,110811,136383,25572,350798.0,22000,132000.0,482798.0,346415.0,10,100000.0,9,22,32,2,1,-10944.0,0,339.0,153,135,288,457226.0,0.6087783677629577,0.37495531990944836,6.059259259259259,2,0.8823529411764706,266,153,63,19,265,265,77,47,135,32,236415.0,0.0,214415.0,0,214415.0,0.0,0,214415.0,22,9,6
11,12,132458.0,0.0,0,0.0,0.0,0.0,0.0,0.0,0.0,0.0,0,337722.0,337722.0,20,20,0,184816,205264,20448,337722.0,24000,156000.0,493722.0,288458.0,10,100000.0,9,30,40,2,1,-10944.0,0,336.5,162,142,304,473274.0,0.6155767023699648,0.437752201027146,6.0,2.0,0.8765432098765432,288,162,66,21,291,291,87,54,142,40,156458.0,0.0,132458.0,0,132458.0,0.0,0,132458.0,30,9,8
12,1,15299.0,0.0,0,0.0,0.0,0.0,0.0,0.0,0.0,0.0,0,122566.0,122566.0,10,12,2,74085,107267,33182,122566.0,2000,2000.0,124566.0,17299.0,2,20000.0,1,3,5,0,0,5144.0,0,71.0,20,10,30,11384.0,0.38726897872746097,0.17605596568744603,1.3,1.0,0.5,30,20,5,1,19,19,6,3,10,5,17299.0,0.0,15299.0,0,15299.0,0.0,0,15299.0,3,1,
12,2,11892.0,0.0,0,0.0,0.0,0.0,0.0,0.0,0.0,0.0,0,92429.0,92429.0,15,15,0,70788,80537,9749,92429.0,4000,6000.0,98429.0,17892.0,5,50000.0,1,4,9,0,0,5144.0,0,115.5,34,19,53,38680.0,0.3775140397697263,0.19779411764705881,2.9473684210526314,1,0.5588235294117647,56,34,12,5,38,38,12,6,19,9,15892.0,0.0,11892.0,0,11892.0,0.0,0,11892.0,4,1,1
12,3,26655.0,0.0,0,0.0,0.0,0.0,0.0,0.0,0.0,0.0,0,95619.0,95619.0,19,20,1,50795,68964,18169,95619.0,6000,12000.0,107619.0,38655.0,10,100000.0,2,6,16,0,0,5144.0,0,155.75,53,34,87,89450.0,0.47015795602540544,0.2601867816799364,3.588235294117647,3.0,0.6415094339622641,86,53,16,9,59,59,13,10,34,16,32655.0,0.0,26655.0,0,26655.0,0.0,0,26655.0,6,2,2
12,4,-555.0,0.0,0,0.0,0.0,0.0,0.0,0.0,0.0,0.0,0,116795.0,116795.0,17,20,3,93163,117350,24187,116795.0,8000,20000.0,136795.0,19445.0,10,100000.0,4,9,19,1,1,-555.0,1,173.0,65,48,113,112608.0,0.5023740043189184,0.3189077469143238,4.645833333333333,3.5,0.7384615384615385,111,65,19,14,82,82,17,13,48,19,7445.0,0.0,-555.0,0,-555.0,0.0,0,-555.0,9,4,4
12,5,56215.0,0.0,0,0.0,0.0,0.0,0.0,0.0,0.0,0.0,0,145232.0,145232.0,19,20,1,64475,89017,24542,145232.0,10000,30000.0,175232.0,86215.0,10,100000.0,5,9,19,1,1,-555.0,0,236.0,84,65,149,150690.0,0.559325819274785,0.39588137075614216,4.707692307692308,3,0.7738095238095238,136,84,23,15,112,112,21,21,65,19,66215.0,0.0,56215.0,0,56215.0,0.0,0,56215.0,9,5,5
12,6,113088.0,0.0,0,0.0,0.0,0.0,0.0,0.0,0.0,0.0,0,189287.0,189287.0,18,20,2,63066,76199,13133,189287.0,12000,42000.0,231287.0,155088.0,10,100000.0,5,13,23,1,1,-555.0,0,260.25,99,81,180,218154.0,0.5811427865625077,0.41835572762468687,4.666666666666667,3,0.8181818181818182,166,99,33,16,131,131,22,23,81,23,125088.0,0.0,113088.0,0,113088.0,0.0,0,113088.0,13,5,5
12,7,65203.0,0.0,0,0.0,0.0,0.0,0.0,0.0,0.0,0.0,0,289103.0,289103.0,18,20,2,152284,223900,71616,289103.0,14000,56000.0,345103.0,121203.0,10,100000.0,5,24,34,1,1,-555.0,0,275.25,110,92,202,273487.0,0.5982466423776871,0.4609912971958692,5.021739130434782,3.5,0.8363636363636363,195,110,39,17,152,152,25,30,92,34,79203.0,0.0,65203.0,0,65203.0,0.0,0,65203.0,24,5,5
12,8,156875.0,0.0,0,0.0,0.0,0.0,0.0,0.0,0.0,0.0,0,406436.0,406436.0,20,20,0,171602,249561,77959,406436.0,16000,72000.0,478436.0,228875.0,10,100000.0,5,24,34,1,1,-555.0,0,298.75,126,106,232,400477.0,0.6408436059638188,0.49109124283788863,5.216981132075472,3.0,0.8412698412698413,218,126,45,18,175,175,25,36,106,34,172875.0,0.0,156875.0,0,156875.0,0.0,0,156875.0,24,5,8
12,9,171301.0,0.0,0,0.0,0.0,0.0,0.0,0.0,0.0,0.0,0,424074.0,424074.0,20,20,0,207530,252773,45243,424074.0,18000,90000.0,514074.0,261301.0,10,100000.0,5,28,38,1,1,-555.0,0,298.75,139,119,258,468831.0,0.6170933073680401,0.4785714285714286,5.663865546218488,3,0.8561151079136691,243,139,50,21,202,202,25,46,119,38,189301.0,0.0,171301.0,0,171301.0,0.0,0,171301.0,28,5,12
12,10,125610.0,0.0,0,0.0,0.0,0.0,0.0,0.0,0.0,0.0,0,489900.0,489900.0,20,20,0,272113,364290,92177,489900.0,20000,110000.0,599900.0,235610.0,10,100000.0,5,41,51,1,1,-555.0,0,293.75,149,129,278,507723.0,0.6169080322015975,0.48229201470096894,5.9689922480620154,4,0.8657718120805369,272,149,54,23,219,219,26,51,129,51,145610.0,0.0,125610.0,0,125610.0,0.0,0,125610.0,41,5,13
12,11,185842.0,0.0,0,0.0,0.0,0.0,0.0,0.0,0.0,0.0,0,608024.0,608024.0,18,20,2,274633,422182,147549,608024.0,22000,132000.0,740024.0,317842.0,10,100000.0,5,42,52,1,1,-555.0,0,295.75,161,143,304,592475.0,0.6227194741241252,0.4785714285714286,6.664335664335664,4,0.8881987577639752,295,161,61,26,249,249,34,55,143,52,207842.0,0.0,185842.0,0,185842.0,0.0,0,185842.0,42,5,17
12,12,249977.0,0.0,0,0.0,0.0,0.0,0.0,0.0,0.0,0.0,0,696846.0,696846.0,17,20,3,309860,446869,137009,696846.0,24000,156000.0,852846.0,405977.0,10,100000.0,5,44,54,1,1,-555.0,0,321.25,178,161,339,715837.0,0.6174659845640363,0.4785714285714286,6.552795031055901,3,0.9044943820224719,318,178,62,29,271,271,36,56,161,54,273977.0,0.0,249977.0,0,249977.0,0.0,0,249977.0,44,5,18
13,1,52469.0,0.0,0,0.0,0.0,0.0,0.0,0.0,0.0,0.0,0,135608.0,135608.0,11,13,2,70674,83139,12465,135608.0,2000,2000.0,137608.0,54469.0,3,30000.0,0,0,3,0,0,34355.0,0,44.0,18,7,25,55143.0,0.46339996904185454,0.35,2.142857142857143,2,0.3888888888888889,29,18,9,2,20,20,10,3,7,3,54469.0,0.0,52469.0,0,52469.0,0.0,0,52469.0,,,
13,2,30215.0,0.0,0,0.0,0.0,0.0,0.0,0.0,0.0,0.0,0,111338.0,111338.0,10,16,6,77078,81123,4045,111338.0,4000,6000.0,117338.0,36215.0,6,60000.0,0,6,12,0,0,2078.0,0,105.0,34,24,58,73293.0,0.47473735551944113,0.3554123711340206,3.5416666666666665,2.0,0.7058823529411765,57,34,12,5,41,41,10,6,24,12,34215.0,0.0,30215.0,0,30215.0,0.0,0,30215.0,6,,1
13,3,3402.0,0.0,0,0.0,0.0,0.0,0.0,0.0,0.0,0.0,0,109364.0,109364.0,15,16,1,112009,105962,-6047,109364.0,6000,12000.0,121364.0,15402.0,6,60000.0,0,9,15,0,0,1221.0,0,136.5,49,34,83,87411.0,0.5230718239018234,0.37749826070457276,3.8529411764705883,2.5,0.6938775510204082,82,49,16,8,63,63,12,16,34,15,9402.0,0.0,3402.0,0,3402.0,0.0,0,3402.0,9,,1
13,4,64454.0,0.0,0,0.0,0.0,0.0,0.0,0.0,0.0,0.0,0,142214.0,142214.0,12,16,4,69157,77760,8603,142214.0,8000,20000.0,162214.0,84454.0,6,60000.0,5,16,22,0,0,1162.0,0,152.25,58,46,104,113611.0,0.5780011321942893,0.5458993932276375,4.630434782608695,3.0,0.7931034482758621,110,58,21,10,87,87,17,22,46,22,72454.0,0.0,64454.0,0,64454.0,0.0,0,64454.0,16,5,2
13,5,66215.0,0.0,0,0.0,0.0,0.0,0.0,0.0,0.0,0.0,0,178957.0,178957.0,11,16,5,85650,112742,27092,178957.0,10000,30000.0,208957.0,96215.0,6,60000.0,5,16,22,0,0,1162.0,0,203.25,74,63,137,141865.0,0.6263641533628347,0.6665074056378404,5.253968253968254,3,0.8513513513513513,132,74,25,12,119,119,27,25,63,22,76215.0,0.0,66215.0,0,66215.0,0.0,0,66215.0,16,5,4
13,6,152302.0,0.0,0,0.0,0.0,0.0,0.0,0.0,0.0,0.0,0,237197.0,237197.0,8,16,8,57492,84895,27403,237197.0,12000,42000.0,279197.0,194302.0,6,60000.0,6,16,22,0,0,1162.0,0,247.5,88,80,168,211794.0,0.6026875568021497,0.4733346783269948,5.375,3.0,0.9090909090909091,152,88,30,12,147,147,36,26,80,22,164302.0,0.0,152302.0,0,152302.0,0.0,0,152302.0,16,6,5
13,7,162670.0,0.0,0,0.0,0.0,0.0,0.0,0.0,0.0,0.0,0,288598.0,288598.0,15,18,3,91166,125928,34762,288598.0,14000,56000.0,344598.0,218670.0,8,80000.0,6,16,24,0,0,1162.0,0,293.5,110,95,205,289836.0,0.6631322555008398,0.5215372368653812,4.873684210526315,3,0.8636363636363636,181,110,37,12,166,166,38,27,95,24,176670.0,0.0,162670.0,0,162670.0,0.0,0,162670.0,16,6,6
13,8,145125.0,0.0,0,0.0,0.0,0.0,0.0,0.0,0.0,0.0,0,388566.0,388566.0,19,19,0,187914,243441,55527,388566.0,16000,72000.0,460566.0,217125.0,9,90000.0,6,18,27,0,0,869.0,0,330.0,130,111,241,395039.0,0.662596990038899,0.6664788732394367,4.882882882882883,3,0.8538461538461538,209,130,41,14,185,185,38,28,111,27,161125.0,0.0,145125.0,0,145125.0,0.0,0,145125.0,18,6,8
13,9,385530.0,0.0,0,0.0,0.0,0.0,0.0,0.0,0.0,0.0,0,513874.0,513874.0,15,20,5,104037,128344,24307,513874.0,18000,90000.0,603874.0,475530.0,10,100000.0,6,18,28,0,0,869.0,0,324.0,139,124,263,579567.0,0.6464160774803445,0.5342207760311897,4.709677419354839,3.0,0.8920863309352518,231,139,49,19,215,215,41,35,124,28,403530.0,0.0,385530.0,0,385530.0,0.0,0,385530.0,18,6,15
13,10,316289.0,0.0,0,0.0,0.0,0.0,0.0,0.0,0.0,0.0,0,545410.0,545410.0,20,20,0,188069,229121,41052,545410.0,20000,110000.0,655410.0,426289.0,10,100000.0,6,20,30,0,0,869.0,0,332.5,154,134,288,614358.0,0.6460096723916643,0.504210556611471,4.813432835820896,3.0,0.8701298701298701,259,154,58,21,234,234,42,43,134,30,336289.0,0.0,316289.0,0,316289.0,0.0,0,316289.0,20,6,15
13,11,216899.0,0.0,0,0.0,0.0,0.0,0.0,0.0,0.0,0.0,0,583136.0,583136.0,19,20,1,290416,366237,75821,583136.0,22000,132000.0,715136.0,348899.0,10,100000.0,6,31,41,0,0,869.0,0,337.5,164,145,309,639315.0,0.6282829370997935,0.4284258787570046,4.972413793103448,3,0.8841463414634146,289,164,66,22,249,249,44,45,145,41,238899.0,0.0,216899.0,0,216899.0,0.0,0,216899.0,31,6,15
13,12,437047.0,0.0,0,0.0,0.0,0.0,0.0,0.0,0.0,0.0,0,658809.0,658809.0,15,20,5,163576,221762,58186,658809.0,24000,156000.0,814809.0,593047.0,10,100000.0,6,31,41,0,0,869.0,0,359.5,176,161,337,756623.0,0.6242742981418646,0.4284258787570046,5.484472049689441,3,0.9147727272727273,311,176,75,23,277,277,51,50,161,41,461047.0,0.0,437047.0,0,437047.0,0.0,0,437047.0,31,6,15
14,1,36263.0,0.0,0,0.0,0.0,0.0,0.0,0.0,0.0,0.0,0,139083.0,139083.0,6,10,4,75447,102820,27373,139083.0,2000,2000.0,141083.0,38263.0,0,0.0,1,0,0,0,0,20332.0,0,56.0,17,11,28,13710.0,0.7175380290146373,0.8997150997150997,1.0909090909090908,1,0.6470588235294118,22,17,4,,27,27,12,4,11,,38263.0,0.0,36263.0,0,36263.0,0.0,0,36263.0,,1,
14,2,79680.0,0.0,0,0.0,0.0,0.0,0.0,0.0,0.0,0.0,0,154342.0,154342.0,11,11,0,60574,74662,14088,154342.0,4000,6000.0,160342.0,85680.0,1,10000.0,1,0,1,0,0,20332.0,0,123.5,35,24,59,56254.0,0.5990439871110195,0.7236078645021977,2.5833333333333335,1.5,0.6857142857142857,48,35,10,2,47,47,19,4,24,1,83680.0,0.0,79680.0,0,79680.0,0.0,0,79680.0,,1,
14,3,84706.0,0.0,0,0.0,0.0,0.0,0.0,0.0,0.0,0.0,0,160371.0,160371.0,10,15,5,56360,75665,19305,160371.0,6000,12000.0,172371.0,96706.0,5,50000.0,1,1,6,0,0,11978.0,0,139.25,51,41,92,103066.0,0.6121265341941026,0.7469625644474334,2.5365853658536586,1,0.803921568627451,75,51,15,7,72,72,27,4,41,6,90706.0,0.0,84706.0,0,84706.0,0.0,0,84706.0,1,1,
14,4,110345.0,0.0,0,0.0,0.0,0.0,0.0,0.0,0.0,0.0,0,179133.0,179133.0,6,15,9,46236,68788,22552,179133.0,8000,20000.0,199133.0,130345.0,5,50000.0,1,1,6,0,0,11978.0,0,162.75,59,53,112,126581.0,0.6246345670050404,0.6853932584269663,3.0943396226415096,2,0.8983050847457628,86,59,17,8,111,111,44,11,53,6,118345.0,0.0,110345.0,0,110345.0,0.0,0,110345.0,1,1,3
14,5,8102.0,0.0,0,0.0,0.0,0.0,0.0,0.0,0.0,0.0,0,279687.0,279687.0,11,16,5,207997,271585,63588,279687.0,10000,30000.0,309687.0,38102.0,6,60000.0,1,3,9,0,0,2862.0,0,189.25,75,64,139,206099.0,0.5952866477333666,0.5092847317744154,3.203125,2.0,0.8533333333333334,115,75,25,11,131,131,49,14,64,9,18102.0,0.0,8102.0,0,8102.0,0.0,0,8102.0,3,1,4
14,6,8658.0,0.0,0,0.0,0.0,0.0,0.0,0.0,0.0,0.0,0,299400.0,299400.0,17,18,1,213266,290742,77476,299400.0,12000,42000.0,341400.0,50658.0,8,80000.0,1,5,13,0,0,2862.0,0,251.5,94,77,171,243924.0,0.5809785200549652,0.46936114732724904,3.3766233766233764,2,0.8191489361702128,139,94,26,13,155,155,55,18,77,13,20658.0,0.0,8658.0,0,8658.0,0.0,0,8658.0,5,1,5
14,7,180962.0,0.0,0,0.0,0.0,0.0,0.0,0.0,0.0,0.0,0,317530.0,317530.0,17,20,3,116189,136568,20379,317530.0,14000,56000.0,373530.0,236962.0,10,100000.0,2,7,17,0,0,2862.0,0,269.5,113,96,209,353151.0,0.595875398650276,0.5092847317744154,4.09375,2.0,0.8495575221238938,167,113,27,18,181,181,56,24,96,17,194962.0,0.0,180962.0,0,180962.0,0.0,0,180962.0,7,2,5
14,8,274897.0,0.0,0,0.0,0.0,0.0,0.0,0.0,0.0,0.0,0,340761.0,340761.0,11,20,9,68568,65864,-2704,340761.0,16000,72000.0,412761.0,346897.0,10,100000.0,2,13,23,0,0,2862.0,0,258.0,120,109,229,415465.0,0.5935170522504242,0.5185694635488308,4.541284403669724,2,0.9083333333333333,188,120,31,22,208,208,56,38,109,23,290897.0,0.0,274897.0,0,274897.0,0.0,0,274897.0,13,2,5
14,9,-8555.0,0.0,0,0.0,0.0,0.0,0.0,0.0,0.0,0.0,0,453884.0,453884.0,19,20,1,347987,462439,114452,453884.0,18000,90000.0,543884.0,81445.0,10,100000.0,3,16,26,1,1,-8555.0,1,261.0,140,121,261,429432.0,0.5554074854814254,0.42501570351758794,4.537190082644628,2,0.8642857142857143,222,140,36,27,227,227,56,43,121,26,9445.0,0.0,-8555.0,0,-8555.0,0.0,0,-8555.0,16,3,7
14,10,164741.0,0.0,0,0.0,0.0,0.0,0.0,0.0,0.0,0.0,0,480465.0,480465.0,19,20,1,225392,315724,90332,480465.0,20000,110000.0,590465.0,274741.0,10,100000.0,9,16,26,2,1,-8555.0,0,258.5,151,132,283,500133.0,0.5531421617991147,0.42515974596894407,4.6893939393939394,2.0,0.8741721854304636,246,151,41,29,250,250,60,50,132,26,184741.0,0.0,164741.0,0,164741.0,0.0,0,164741.0,16,9,8
14,11,100107.0,0.0,0,0.0,0.0,0.0,0.0,0.0,0.0,0.0,0,474414.0,474414.0,16,20,4,286078,374307,88229,474414.0,22000,132000.0,606414.0,232107.0,10,100000.0,9,33,43,2,1,-8555.0,0,240.0,159,143,302,518185.0,0.5390218343277297,0.38673708920187794,5.076923076923077,3,0.89937106918239,280,159,47,32,270,270,64,55,143,43,122107.0,0.0,100107.0,0,100107.0,0.0,0,100107.0,33,9,8
14,12,159999.0,0.0,0,0.0,0.0,0.0,0.0,0.0,0.0,0.0,0,528272.0,528272.0,20,20,0,252425,368273,115848,528272.0,24000,156000.0,684272.0,315999.0,10,100000.0,9,40,50,2,1,-8555.0,0,254.5,170,150,320,568424.0,0.5335622265621761,0.37998302439989773,5.08,3.0,0.8823529411764706,305,170,53,33,294,294,71,64,150,50,183999.0,0.0,159999.0,0,159999.0,0.0,0,159999.0,40,9,9
15,1,65395.0,0.0,0,0.0,0.0,0.0,0.0,0.0,0.0,0.0,0,116385.0,116385.0,6,10,4,37765,50990,13225,116385.0,2000,2000.0,118385.0,67395.0,0,0.0,0,0,0,0,0,65395.0,0,41.0,12,6,18,5160.0,0.5712101786522992,0.5987586831533223,1.5,1.5,0.5,29,12,13,4,19,19,11,1,6,,67395.0,0.0,65395.0,0,65395.0,0.0,0,65395.0,,,1
15,2,65965.0,0.0,0,0.0,0.0,0.0,0.0,0.0,0.0,0.0,0,185029.0,185029.0,8,10,2,91053,119064,28011,185029.0,4000,6000.0,191029.0,71965.0,0,0.0,0,0,0,0,0,51554.0,0,93.0,27,19,46,63018.0,1.119186118834747,0.8942084942084942,2.3157894736842106,1,0.7037037037037037,50,27,15,8,48,48,19,8,19,,69965.0,0.0,65965.0,0,65965.0,0.0,0,65965.0,,,2
15,3,58903.0,0.0,0,0.0,0.0,0.0,0.0,0.0,0.0,0.0,0,253758.0,253758.0,7,11,4,138037,194855,56818,253758.0,6000,12000.0,265758.0,70903.0,1,10000.0,0,2,3,0,0,12173.0,0,131.0,41,34,75,118940.0,0.8810230917229329,0.8087458789452324,2.323529411764706,1.5,0.8292682926829268,72,41,20,9,74,74,26,12,34,3,64903.0,0.0,58903.0,0,58903.0,0.0,0,58903.0,2,,2
15,4,-1404.0,0.0,0,0.0,0.0,0.0,0.0,0.0,0.0,0.0,0,267299.0,267299.0,14,14,0,200973,268703,67730,267299.0,8000,20000.0,287299.0,18596.0,4,40000.0,3,5,9,1,1,-1404.0,1,165.5,57,43,100,159569.0,0.8404825631249345,0.7496729175752289,2.441860465116279,2,0.7543859649122807,100,57,25,10,93,93,30,15,43,9,6596.0,0.0,-1404.0,0,-1404.0,0.0,0,-1404.0,5,3,5
15,5,161238.0,0.0,0,0.0,0.0,0.0,0.0,0.0,0.0,0.0,0,295429.0,295429.0,13,16,3,117064,134191,17127,295429.0,10000,30000.0,325429.0,191238.0,6,60000.0,3,5,11,1,1,-1404.0,0,211.25,71,58,129,268302.0,0.7787077834430174,0.6827456952846975,3.3620689655172415,2.5,0.8169014084507042,123,71,33,11,115,115,33,19,58,11,171238.0,0.0,161238.0,0,161238.0,0.0,0,161238.0,5,3,5
15,6,157083.0,0.0,0,0.0,0.0,0.0,0.0,0.0,0.0,0.0,0,318318.0,318318.0,20,20,0,132162,161235,29073,318318.0,12000,42000.0,360318.0,199083.0,10,100000.0,3,7,17,1,1,-1404.0,0,269.25,94,74,168,331245.0,0.7466522299652162,0.6666351814527288,3.4324324324324325,2.0,0.7872340425531915,152,94,37,11,136,136,33,23,74,17,169083.0,0.0,157083.0,0,157083.0,0.0,0,157083.0,7,3,6
15,7,230750.0,0.0,0,0.0,0.0,0.0,0.0,0.0,0.0,0.0,0,327340.0,327340.0,18,20,2,91453,96590,5137,327340.0,14000,56000.0,383340.0,286750.0,10,100000.0,3,8,18,1,1,-1404.0,0,273.25,107,89,196,378203.0,0.7155184926955233,0.666337123084528,4.022471910112359,3,0.8317757009345794,176,107,44,14,161,161,36,28,89,18,244750.0,0.0,230750.0,0,230750.0,0.0,0,230750.0,8,3,8
15,8,197620.0,0.0,0,0.0,0.0,0.0,0.0,0.0,0.0,0.0,0,423456.0,423456.0,15,20,5,175877,225836,49959,423456.0,16000,72000.0,495456.0,269620.0,10,100000.0,3,8,18,1,1,-1404.0,0,293.75,120,105,225,445497.0,0.6678508939426848,0.5125,4.390476190476191,3,0.875,196,120,49,16,185,185,40,32,105,18,213620.0,0.0,197620.0,0,197620.0,0.0,0,197620.0,8,3,8
15,9,264614.0,0.0,0,0.0,0.0,0.0,0.0,0.0,0.0,0.0,0,459420.0,459420.0,20,20,0,163788,194806,31018,459420.0,18000,90000.0,549420.0,354614.0,10,100000.0,3,12,22,1,1,-1404.0,0,316.75,137,117,254,518402.0,0.6671374336426913,0.5125,4.538461538461538,3,0.8540145985401459,221,137,51,18,208,208,48,35,117,22,282614.0,0.0,264614.0,0,264614.0,0.0,0,264614.0,12,3,8
15,10,267223.0,0.0,0,0.0,0.0,0.0,0.0,0.0,0.0,0.0,0,547273.0,547273.0,18,20,2,195002,280050,85048,547273.0,20000,110000.0,657273.0,377223.0,10,100000.0,3,13,23,1,1,-1404.0,0,348.75,152,134,286,572225.0,0.6446364694184404,0.4800983899821109,4.455223880597015,3.0,0.881578947368421,245,152,59,18,236,236,55,38,134,23,287223.0,0.0,267223.0,0,267223.0,0.0,0,267223.0,13,3,9
15,11,322974.0,0.0,0,0.0,0.0,0.0,0.0,0.0,0.0,0.0,0,561883.0,561883.0,20,20,0,191373,238909,47536,561883.0,22000,132000.0,693883.0,454974.0,10,100000.0,3,17,27,1,1,-1404.0,0,372.25,167,147,314,646347.0,0.6313609637814035,0.45682335887347275,4.870748299319728,3,0.8802395209580839,271,167,64,20,262,262,62,41,147,27,344974.0,0.0,322974.0,0,322974.0,0.0,0,322974.0,17,3,12
15,12,457363.0,0.0,0,0.0,0.0,0.0,0.0,0.0,0.0,0.0,0,618918.0,618918.0,15,20,5,113521,161555,48034,618918.0,24000,156000.0,774918.0,613363.0,10,100000.0,3,25,35,1,1,-1404.0,0,388.25,178,163,341,726884.0,0.63240520180957,0.4601967799642218,5.153374233128834,3,0.9157303370786517,297,178,70,21,286,286,63,43,163,35,481363.0,0.0,457363.0,0,457363.0,0.0,0,457363.0,25,3,17
16,1,82893.0,0.0,0,0.0,0.0,0.0,0.0,0.0,0.0,0.0,0,120910.0,120910.0,9,10,1,31191,38017,6826,120910.0,2000,2000.0,122910.0,84893.0,0,0.0,0,0,0,0,0,39535.0,0,60.0,19,10,29,16084.0,0.3461966364304876,0.224049371358479,0.8,0.0,0.5263157894736842,21,19,2,,24,24,10,1,10,,84893.0,0.0,82893.0,0,82893.0,0.0,0,82893.0,,,3
16,2,-132.0,0.0,0,0.0,0.0,0.0,0.0,0.0,0.0,0.0,0,146737.0,146737.0,16,16,0,106968,146869,39901,146737.0,4000,6000.0,152737.0,5868.0,6,60000.0,0,1,7,1,1,-132.0,1,112.75,37,21,58,72836.0,0.5976350698170844,0.39247145942610306,1.6666666666666667,1,0.5675675675675675,48,37,8,2,48,48,19,5,21,7,3868.0,0.0,-132.0,0,-132.0,0.0,0,-132.0,1,,3
16,3,-2842.0,0.0,0,0.0,0.0,0.0,0.0,0.0,0.0,0.0,0,134159.0,134159.0,18,18,0,124517,137001,12484,134159.0,6000,12000.0,146159.0,9158.0,8,80000.0,0,11,19,2,2,-2842.0,1,124.0,50,32,82,113675.0,0.7692479528360768,0.38373572971305153,2.40625,2.0,0.64,79,50,12,6,65,65,20,8,32,19,3158.0,0.0,-2842.0,0,-2842.0,0.0,0,-2842.0,11,,5
16,4,71895.0,0.0,0,0.0,0.0,0.0,0.0,0.0,0.0,0.0,0,160990.0,160990.0,16,18,2,64826,89095,24269,160990.0,8000,20000.0,180990.0,91895.0,8,80000.0,3,14,22,3,2,-2842.0,0,135.75,61,45,106,136721.0,0.6419584190549548,0.3126503126503126,3.3333333333333335,2,0.7377049180327869,103,61,17,8,89,89,28,11,45,22,79895.0,0.0,71895.0,0,71895.0,0.0,0,71895.0,14,3,5
16,5,73947.0,0.0,0,0.0,0.0,0.0,0.0,0.0,0.0,0.0,0,176986.0,176986.0,16,20,4,74048,103039,28991,176986.0,10000,30000.0,206986.0,103947.0,10,100000.0,3,18,28,3,2,-2842.0,0,166.5,73,57,130,177995.0,0.651095253474917,0.3491781430475344,4.0,3,0.7808219178082192,124,73,21,9,117,117,38,16,57,28,83947.0,0.0,73947.0,0,73947.0,0.0,0,73947.0,18,3,6
16,6,113049.0,0.0,0,0.0,0.0,0.0,0.0,0.0,0.0,0.0,0,204010.0,204010.0,17,20,3,66288,90961,24673,204010.0,12000,42000.0,246010.0,155049.0,10,100000.0,3,19,29,3,2,-2842.0,0,193.75,87,70,157,221337.0,0.653557350392495,0.3568388971174661,4.571428571428571,3.0,0.8045977011494253,144,87,22,13,148,148,40,29,70,29,125049.0,0.0,113049.0,0,113049.0,0.0,0,113049.0,19,3,9
16,7,151770.0,0.0,0,0.0,0.0,0.0,0.0,0.0,0.0,0.0,0,263615.0,263615.0,18,20,2,84884,111845,26961,263615.0,14000,56000.0,319615.0,207770.0,10,100000.0,3,19,29,3,2,-2842.0,0,224.5,104,86,190,292654.0,0.6452793763103049,0.3693564892848543,5.058139534883721,3.0,0.8269230769230769,168,104,26,16,171,171,43,33,86,29,165770.0,0.0,151770.0,0,151770.0,0.0,0,151770.0,19,3,9
16,8,197351.0,0.0,0,0.0,0.0,0.0,0.0,0.0,0.0,0.0,0,309411.0,309411.0,16,20,4,87273,112060,24787,309411.0,16000,72000.0,381411.0,269351.0,10,100000.0,3,26,36,3,2,-2842.0,0,247.25,114,98,212,356624.0,0.6308648403498214,0.3693564892848543,5.561224489795919,3.0,0.8596491228070176,193,114,32,18,195,195,50,37,98,36,213351.0,0.0,197351.0,0,197351.0,0.0,0,197351.0,26,3,10
16,9,173419.0,0.0,0,0.0,0.0,0.0,0.0,0.0,0.0,0.0,0,348980.0,348980.0,18,20,2,136923,175561,38638,348980.0,18000,90000.0,438980.0,263419.0,10,100000.0,3,26,36,3,2,-2842.0,0,297.75,133,115,248,400342.0,0.7082875572999108,0.375,5.921739130434783,3,0.8646616541353384,219,133,39,18,218,218,51,40,115,36,191419.0,0.0,173419.0,0,173419.0,0.0,0,173419.0,26,3,12
16,10,294014.0,0.0,0,0.0,0.0,0.0,0.0,0.0,0.0,0.0,0,439436.0,439436.0,17,20,3,94917,145422,50505,439436.0,20000,110000.0,549436.0,404014.0,10,100000.0,3,28,38,3,2,-2842.0,0,309.75,145,128,273,498931.0,0.7093239337598053,0.39110656460634996,6.0390625,3.0,0.8827586206896552,240,145,44,20,243,243,57,45,128,38,314014.0,0.0,294014.0,0,294014.0,0.0,0,294014.0,28,3,13
16,11,387835.0,0.0,0,0.0,0.0,0.0,0.0,0.0,0.0,0.0,0,496562.0,496562.0,9,20,11,58662,108727,50065,496562.0,22000,132000.0,628562.0,519835.0,10,100000.0,3,28,38,3,2,-2842.0,0,325.25,154,145,299,578497.0,0.7136274881039555,0.4015527950310559,6.620689655172414,3,0.9415584415584416,254,154,48,21,275,275,71,45,145,38,409835.0,0.0,387835.0,0,387835.0,0.0,0,387835.0,28,3,14
16,12,283578.0,0.0,0,0.0,0.0,0.0,0.0,0.0,0.0,0.0,0,521199.0,521199.0,13,20,7,160855,237621,76766,521199.0,24000,156000.0,677199.0,439578.0,10,100000.0,3,28,38,3,2,-2842.0,0,313.25,164,151,315,600433.0,0.7105271151208946,0.4015527950310559,6.443708609271523,3,0.9207317073170732,276,164,56,25,298,298,79,52,151,38,307578.0,0.0,283578.0,0,283578.0,0.0,0,283578.0,28,3,16
17,1,60919.0,0.0,0,0.0,0.0,0.0,0.0,0.0,0.0,0.0,0,131792.0,131792.0,10,10,0,48390,70873,22483,131792.0,2000,2000.0,133792.0,62919.0,0,0.0,0,0,0,0,0,60531.0,0,66.0,20,10,30,11309.0,0.5920951729993911,0.3691574624275401,1.3,1.0,0.5,27,20,4,3,26,26,14,2,10,,62919.0,0.0,60919.0,0,60919.0,0.0,0,60919.0,,,
17,2,5352.0,0.0,0,0.0,0.0,0.0,0.0,0.0,0.0,0.0,0,82258.0,82258.0,17,17,0,61045,76906,15861,82258.0,4000,6000.0,88258.0,11352.0,7,70000.0,0,5,12,0,0,4706.0,0,98.0,33,16,49,42397.0,0.6336193956215006,0.5624642243846594,1.6875,1.0,0.48484848484848486,50,33,6,6,50,50,24,9,16,12,9352.0,0.0,5352.0,0,5352.0,0.0,0,5352.0,5,,1
17,3,8309.0,0.0,0,0.0,0.0,0.0,0.0,0.0,0.0,0.0,0,110720.0,110720.0,16,18,2,74396,102411,28015,110720.0,6000,12000.0,122720.0,20309.0,8,80000.0,0,8,16,0,0,4706.0,0,149.75,48,32,80,74705.0,0.6369278824180149,0.5630203852871406,4.09375,2.0,0.6666666666666666,78,48,14,8,71,71,28,10,32,16,14309.0,0.0,8309.0,0,8309.0,0.0,0,8309.0,8,,1
17,4,14712.0,0.0,0,0.0,0.0,0.0,0.0,0.0,0.0,0.0,0,104686.0,104686.0,13,18,5,76002,89974,13972,104686.0,8000,20000.0,124686.0,34712.0,8,80000.0,1,8,16,0,0,4706.0,0,177.0,60,47,107,90714.0,0.593645428995499,0.47478991596638653,5.085106382978723,3,0.7833333333333333,99,60,20,10,97,97,31,18,47,16,22712.0,0.0,14712.0,0,14712.0,0.0,0,14712.0,8,1,1
17,5,13158.0,0.0,0,0.0,0.0,0.0,0.0,0.0,0.0,0.0,0,158694.0,158694.0,15,18,3,104929,145536,40607,158694.0,10000,30000.0,188694.0,43158.0,8,80000.0,5,8,16,0,0,4217.0,0,223.25,76,61,137,128087.0,0.5675336941013996,0.4674175382139984,4.688524590163935,3,0.8026315789473685,125,76,24,12,120,120,32,25,61,16,23158.0,0.0,13158.0,0,13158.0,0.0,0,13158.0,8,5,2
17,6,19389.0,0.0,0,0.0,0.0,0.0,0.0,0.0,0.0,0.0,0,176390.0,176390.0,16,18,2,114210,157001,42791,176390.0,12000,42000.0,218390.0,61389.0,8,80000.0,8,13,21,0,0,3047.0,0,250.5,87,71,158,155599.0,0.5641297938398905,0.437444279346211,4.929577464788732,3,0.8160919540229885,150,87,29,13,147,147,36,38,71,21,31389.0,0.0,19389.0,0,19389.0,0.0,0,19389.0,13,8,2
17,7,63393.0,0.0,0,0.0,0.0,0.0,0.0,0.0,0.0,0.0,0,213908.0,213908.0,16,18,2,98410,150515,52105,213908.0,14000,56000.0,269908.0,119393.0,8,80000.0,8,13,21,0,0,3047.0,0,256.25,100,84,184,197803.0,0.5905844655530172,0.47110372709019244,5.2023809523809526,3.0,0.84,173,100,33,19,171,171,37,46,84,21,77393.0,0.0,63393.0,0,63393.0,0.0,0,63393.0,13,8,4
17,8,32470.0,0.0,0,0.0,0.0,0.0,0.0,0.0,0.0,0.0,0,227087.0,227087.0,15,18,3,131677,194617,62940,227087.0,16000,72000.0,299087.0,104470.0,8,80000.0,9,13,21,0,0,3047.0,0,262.75,111,96,207,216147.0,0.6185161678396613,0.48591750852751675,5.677083333333333,3.0,0.8648648648648649,191,111,37,21,201,201,49,51,96,21,48470.0,0.0,32470.0,0,32470.0,0.0,0,32470.0,13,9,5
17,9,68845.0,0.0,0,0.0,0.0,0.0,0.0,0.0,0.0,0.0,0,241888.0,241888.0,18,20,2,133504,173043,39539,241888.0,18000,90000.0,331888.0,158845.0,10,100000.0,10,16,26,0,0,3047.0,0,298.25,128,110,238,292349.0,0.6105966421770254,0.48591750852751675,5.654545454545454,3.0,0.859375,216,128,39,23,225,225,54,55,110,26,86845.0,0.0,68845.0,0,68845.0,0.0,0,68845.0,16,10,6
17,10,48661.0,0.0,0,0.0,0.0,0.0,0.0,0.0,0.0,0.0,0,275485.0,275485.0,20,20,0,158687,226824,68137,275485.0,20000,110000.0,385485.0,158661.0,10,100000.0,12,21,31,0,0,3047.0,0,292.25,139,119,258,317348.0,0.6014701067862993,0.47478991596638653,5.453781512605042,3,0.8561151079136691,244,139,46,26,247,247,56,65,119,31,68661.0,0.0,48661.0,0,48661.0,0.0,0,48661.0,21,12,7
17,11,81488.0,0.0,0,0.0,0.0,0.0,0.0,0.0,0.0,0.0,0,324438.0,324438.0,20,20,0,170259,242950,72691,324438.0,22000,132000.0,456438.0,213488.0,10,100000.0,12,34,44,0,0,3047.0,0,289.75,148,128,276,383747.0,0.6033076384908387,0.48591750852751675,6.09375,3.0,0.8648648648648649,270,148,49,27,267,267,58,74,128,44,103488.0,0.0,81488.0,0,81488.0,0.0,0,81488.0,34,12,7
17,12,256987.0,0.0,0,0.0,0.0,0.0,0.0,0.0,0.0,0.0,0,371925.0,371925.0,15,20,5,102132,114938,12806,371925.0,24000,156000.0,527925.0,412987.0,10,100000.0,12,40,50,0,0,3047.0,0,299.75,159,144,303,515119.0,0.6199073954862242,0.5201012882983768,6.506944444444445,3.0,0.9056603773584906,293,159,53,29,289,289,59,79,144,50,280987.0,0.0,256987.0,0,256987.0,0.0,0,256987.0,40,12,7
18,1,123654.0,0.0,0,0.0,0.0,0.0,0.0,0.0,0.0,0.0,0,132060.0,132060.0,3,10,7,6216,8406,2190,132060.0,2000,2000.0,134060.0,125654.0,0,0.0,0,0,0,0,0,65811.0,0,54.0,12,9,21,31870.0,0.5450875000981048,0.4372891750996627,1.1111111111111112,1,0.75,15,12,3,,35,35,24,1,9,,125654.0,0.0,123654.0,0,123654.0,0.0,0,123654.0,,,1
18,2,79625.0,0.0,0,0.0,0.0,0.0,0.0,0.0,0.0,0.0,0,180265.0,180265.0,8,10,2,66752,100640,33888,180265.0,4000,6000.0,186265.0,85625.0,0,0.0,0,0,0,0,0,64462.0,0,99.0,26,18,44,52377.0,0.5456506571046665,0.4063337903752602,1.5,1.5,0.6923076923076923,38,26,11,1,57,57,29,7,18,,83625.0,0.0,79625.0,0,79625.0,0.0,0,79625.0,,,3
18,3,90018.0,0.0,0,0.0,0.0,0.0,0.0,0.0,0.0,0.0,0,182262.0,182262.0,7,12,5,67572,92244,24672,182262.0,6000,12000.0,194262.0,102018.0,2,20000.0,0,0,2,0,0,61944.0,0,140.75,42,35,77,89590.0,0.5738562828600688,0.4634146341463415,2.5142857142857142,2,0.8333333333333334,62,42,17,3,82,82,35,8,35,2,96018.0,0.0,90018.0,0,90018.0,0.0,0,90018.0,,,4
18,4,130423.0,0.0,0,0.0,0.0,0.0,0.0,0.0,0.0,0.0,0,232608.0,232608.0,7,12,5,75096,102185,27089,232608.0,8000,20000.0,252608.0,150423.0,2,20000.0,0,0,2,0,0,61944.0,0,186.5,57,50,107,145519.0,0.5957449887514455,0.4991125353379594,2.68,2.0,0.8771929824561403,81,57,20,4,113,113,49,10,50,2,138423.0,0.0,130423.0,0,130423.0,0.0,0,130423.0,,,4
18,5,32899.0,0.0,0,0.0,0.0,0.0,0.0,0.0,0.0,0.0,0,260427.0,260427.0,12,12,0,198996,227528,28532,260427.0,10000,30000.0,290427.0,62899.0,2,20000.0,0,0,2,0,0,32899.0,0,226.75,74,62,136,181895.0,0.5724043741800506,0.4503519046230021,2.7096774193548385,2.0,0.8378378378378378,105,74,24,7,137,137,57,14,62,2,42899.0,0.0,32899.0,0,32899.0,0.0,0,32899.0,,,4
18,6,146860.0,0.0,0,0.0,0.0,0.0,0.0,0.0,0.0,0.0,0,361927.0,361927.0,12,15,3,181769,215067,33298,361927.0,12000,42000.0,403927.0,188860.0,5,50000.0,0,1,6,0,0,22459.0,0,250.5,89,77,166,320629.0,0.5615291300242086,0.4372891750996627,2.5974025974025974,2,0.8651685393258427,129,89,26,13,161,161,61,16,77,6,158860.0,0.0,146860.0,0,146860.0,0.0,0,146860.0,1,,7
18,7,28350.0,0.0,0,0.0,0.0,0.0,0.0,0.0,0.0,0.0,0,331393.0,331393.0,14,16,2,311948,303043,-8905,331393.0,14000,56000.0,387393.0,84350.0,6,60000.0,0,1,7,0,0,22459.0,0,276.25,102,88,190,356298.0,0.5741009858766648,0.4651948524111301,2.4545454545454546,2.0,0.8627450980392157,152,102,35,14,188,188,71,21,88,7,42350.0,0.0,28350.0,0,28350.0,0.0,0,28350.0,1,,8
18,8,83489.0,0.0,0,0.0,0.0,0.0,0.0,0.0,0.0,0.0,0,404254.0,404254.0,16,16,0,290745,320765,30020,404254.0,16000,72000.0,476254.0,155489.0,6,60000.0,0,1,7,0,0,22459.0,0,274.75,113,97,210,406234.0,0.5840234269877927,0.4669750706759188,2.731958762886598,2,0.8584070796460177,169,113,37,18,220,220,87,26,97,7,99489.0,0.0,83489.0,0,83489.0,0.0,0,83489.0,1,,10
18,9,233551.0,0.0,0,0.0,0.0,0.0,0.0,0.0,0.0,0.0,0,465214.0,465214.0,20,20,0,178206,231663,53457,465214.0,18000,90000.0,555214.0,323551.0,10,100000.0,0,8,18,0,0,2097.0,0,285.75,125,105,230,501757.0,0.5757763425381496,0.4669750706759188,2.8095238095238093,2,0.84,196,125,43,20,242,242,97,29,105,18,251551.0,0.0,233551.0,0,233551.0,0.0,0,233551.0,8,,11
18,10,231625.0,0.0,0,0.0,0.0,0.0,0.0,0.0,0.0,0.0,0,460428.0,460428.0,19,20,1,172324,228803,56479,460428.0,20000,110000.0,570428.0,341625.0,10,100000.0,0,32,42,0,0,2097.0,0,250.25,129,110,239,513949.0,0.5795861206966948,0.5041728293530956,2.8363636363636364,2.0,0.8527131782945736,230,129,46,23,257,257,104,31,110,42,251625.0,0.0,231625.0,0,231625.0,0.0,0,231625.0,32,,12
18,11,341803.0,0.0,0,0.0,0.0,0.0,0.0,0.0,0.0,0.0,0,513405.0,513405.0,20,20,0,148444,171602,23158,513405.0,22000,132000.0,645405.0,473803.0,10,100000.0,0,38,48,0,0,2097.0,0,243.75,140,120,260,622247.0,0.6351350209781157,0.6041353213981822,3.2416666666666667,2.0,0.8571428571428571,254,140,50,26,280,280,112,34,120,48,363803.0,0.0,341803.0,0,341803.0,0.0,0,341803.0,38,,14
18,12,367339.0,0.0,0,0.0,0.0,0.0,0.0,0.0,0.0,0.0,0,555395.0,555395.0,20,20,0,164179,188056,23877,555395.0,24000,156000.0,711395.0,523339.0,10,100000.0,0,48,58,0,0,2097.0,0,243.25,148,128,276,687518.0,0.627981523663005,0.5248592411495594,3.1328125,2.0,0.8648648648648649,279,148,52,31,304,304,120,42,128,58,391339.0,0.0,367339.0,0,367339.0,0.0,0,367339.0,48,,14
19,1,113565.0,0.0,0,0.0,0.0,0.0,0.0,0.0,0.0,0.0,0,141844.0,141844.0,4,10,6,23191,28279,5088,141844.0,2000,2000.0,143844.0,115565.0,0,0.0,0,0,0,0,0,53353.0,0,26.0,11,7,18,38756.0,0.5334901984329722,0.3753315649867374,2.142857142857143,1,0.6363636363636364,25,11,12,2,22,22,12,2,7,,115565.0,0.0,113565.0,0,113565.0,0.0,0,113565.0,,,1
19,2,120891.0,0.0,0,0.0,0.0,0.0,0.0,0.0,0.0,0.0,0,184094.0,184094.0,7,10,3,58986,63203,4217,184094.0,4000,6000.0,190094.0,126891.0,0,0.0,0,0,0,0,0,53353.0,0,82.0,25,18,43,85877.0,0.5524447472758622,0.3351361807710867,1.6666666666666667,1.0,0.72,46,25,19,2,47,47,23,5,18,,124891.0,0.0,120891.0,0,120891.0,0.0,0,120891.0,,,1
19,3,270.0,0.0,0,0.0,0.0,0.0,0.0,0.0,0.0,0.0,0,206253.0,206253.0,12,13,1,166124,205983,39859,206253.0,6000,12000.0,218253.0,12270.0,3,30000.0,1,1,4,0,0,270.0,0,136.0,40,28,68,108394.0,0.5398089078835241,0.284970398277718,2.3214285714285716,1.0,0.7,72,40,26,4,68,68,28,9,28,4,6270.0,0.0,270.0,0,270.0,0.0,0,270.0,1,1,3
19,4,40255.0,0.0,0,0.0,0.0,0.0,0.0,0.0,0.0,0.0,0,193161.0,193161.0,13,14,1,150161,152906,2745,193161.0,8000,20000.0,213161.0,60255.0,4,40000.0,4,4,8,0,0,270.0,0,161.25,54,41,95,150416.0,0.5720454211726075,0.3753315649867374,3.0,2,0.7592592592592593,96,54,29,5,94,94,33,14,41,8,48255.0,0.0,40255.0,0,40255.0,0.0,0,40255.0,4,4,6
19,5,37913.0,0.0,0,0.0,0.0,0.0,0.0,0.0,0.0,0.0,0,173925.0,173925.0,9,15,6,140325,136012,-4313,173925.0,10000,30000.0,203925.0,67913.0,5,50000.0,6,8,13,0,0,270.0,0,160.75,59,50,109,158238.0,0.5518800590740568,0.31236300535801265,3.5,2.0,0.847457627118644,116,59,36,7,120,120,38,21,50,13,47913.0,0.0,37913.0,0,37913.0,0.0,0,37913.0,8,6,11
19,6,-2941.0,0.0,0,0.0,0.0,0.0,0.0,0.0,0.0,0.0,0,184073.0,184073.0,14,16,2,166175,187014,20839,184073.0,12000,42000.0,226073.0,39059.0,6,60000.0,8,11,17,1,1,-2941.0,1,199.75,72,58,130,165234.0,0.5543176991318093,0.31236300535801265,3.206896551724138,2.0,0.8055555555555556,138,72,39,8,147,147,48,27,58,17,9059.0,0.0,-2941.0,0,-2941.0,0.0,0,-2941.0,11,8,14
19,7,49189.0,0.0,0,0.0,0.0,0.0,0.0,0.0,0.0,0.0,0,226734.0,226734.0,17,17,0,150783,177545,26762,226734.0,14000,56000.0,282734.0,105189.0,7,70000.0,13,11,18,2,1,-2941.0,0,216.25,86,69,155,225972.0,0.5882804436112486,0.375,4.188405797101449,2,0.8023255813953488,165,86,46,9,169,169,49,34,69,18,63189.0,0.0,49189.0,0,49189.0,0.0,0,49189.0,11,13,17
19,8,31579.0,0.0,0,0.0,0.0,0.0,0.0,0.0,0.0,0.0,0,257693.0,257693.0,17,18,1,200026,226114,26088,257693.0,16000,72000.0,329693.0,103579.0,8,80000.0,14,12,20,2,1,-2941.0,0,262.5,103,86,189,283605.0,0.5958959764245544,0.40781561345175465,4.709302325581396,2.0,0.8349514563106796,188,103,48,11,197,197,55,36,86,20,47579.0,0.0,31579.0,0,31579.0,0.0,0,31579.0,12,14,20
19,9,87551.0,0.0,0,0.0,0.0,0.0,0.0,0.0,0.0,0.0,0,315692.0,315692.0,13,19,6,181778,228141,46363,315692.0,18000,90000.0,405692.0,177551.0,9,90000.0,18,12,21,2,1,-2941.0,0,271.0,113,100,213,349329.0,0.5946169901548479,0.4017157387096385,5.29,2.0,0.8849557522123894,208,113,53,12,224,224,62,40,100,21,105551.0,0.0,87551.0,0,87551.0,0.0,0,87551.0,12,18,22
19,10,2461.0,0.0,0,0.0,0.0,0.0,0.0,0.0,0.0,0.0,0,277357.0,277357.0,13,19,6,259225,274896,15671,277357.0,20000,110000.0,387357.0,112461.0,9,90000.0,19,12,21,2,1,-2941.0,0,272.5,121,108,229,361686.0,0.5891996312596629,0.4017157387096385,5.203703703703703,2.0,0.8925619834710744,223,121,58,13,258,258,75,51,108,21,22461.0,0.0,2461.0,0,2461.0,0.0,0,2461.0,12,19,24
19,11,-5612.0,0.0,0,0.0,0.0,0.0,0.0,0.0,0.0,0.0,0,336763.0,336763.0,17,19,2,277098,342375,65277,336763.0,22000,132000.0,468763.0,126388.0,9,90000.0,29,12,21,3,2,-5612.0,1,291.0,134,117,251,393486.0,0.5908382853271886,0.4058021670744495,5.632478632478633,2,0.8731343283582089,249,134,60,14,279,279,79,59,117,21,16388.0,0.0,-5612.0,0,-5612.0,0.0,0,-5612.0,12,29,24
19,12,30011.0,0.0,0,0.0,0.0,0.0,0.0,0.0,0.0,0.0,0,295446.0,295446.0,14,19,5,256788,265435,8647,295446.0,24000,156000.0,451446.0,186011.0,9,90000.0,35,12,21,4,2,-5612.0,0,289.5,143,129,272,432799.0,0.5853948704914158,0.4098290598290598,5.75968992248062,2,0.9020979020979021,270,143,63,17,308,308,81,73,129,21,54011.0,0.0,30011.0,0,30011.0,0.0,0,30011.0,12,35,25
20,1,27613.0,0.0,0,0.0,0.0,0.0,0.0,0.0,0.0,0.0,0,108136.0,108136.0,10,11,1,70503,80523,10020,108136.0,2000,2000.0,110136.0,29613.0,1,10000.0,2,0,1,0,0,21399.0,0,69.0,19,9,28,10116.0,0.4116241219127272,0.37496733733995297,2.111111111111111,2,0.47368421052631576,27,19,4,2,19,19,8,2,9,1,29613.0,0.0,27613.0,0,27613.0,0.0,0,27613.0,,2,
20,2,12486.0,0.0,0,0.0,0.0,0.0,0.0,0.0,0.0,0.0,0,100523.0,100523.0,10,13,3,76581,88037,11456,100523.0,4000,6000.0,106523.0,18486.0,3,30000.0,7,5,8,0,0,4403.0,0,101.0,32,22,54,25067.0,0.45400548526391,0.36930185048815833,3.4545454545454546,3.0,0.6875,56,32,9,3,37,37,11,4,22,8,16486.0,0.0,12486.0,0,12486.0,0.0,0,12486.0,5,7,
20,3,45987.0,0.0,0,0.0,0.0,0.0,0.0,0.0,0.0,0.0,0,107839.0,107839.0,7,13,6,60842,61852,1010,107839.0,6000,12000.0,119839.0,57987.0,3,30000.0,7,5,8,0,0,4403.0,0,146.0,44,37,81,48829.0,0.4389224444407627,0.24987642115669798,3.4594594594594597,3,0.8409090909090909,71,44,11,4,68,68,18,11,37,8,51987.0,0.0,45987.0,0,45987.0,0.0,0,45987.0,5,7,2
20,4,46148.0,0.0,0,0.0,0.0,0.0,0.0,0.0,0.0,0.0,0,129120.0,129120.0,11,13,2,66635,82972,16337,129120.0,8000,20000.0,149120.0,66148.0,3,30000.0,13,5,8,0,0,127.0,0,166.5,57,46,103,62783.0,0.43932379632117896,0.23873749373247086,4.195652173913044,3.0,0.8070175438596491,99,57,18,6,89,89,21,19,46,8,54148.0,0.0,46148.0,0,46148.0,0.0,0,46148.0,5,13,3
20,5,24643.0,0.0,0,0.0,0.0,0.0,0.0,0.0,0.0,0.0,0,110432.0,110432.0,12,16,4,80542,85789,5247,110432.0,10000,30000.0,140432.0,54643.0,6,60000.0,14,8,14,0,0,127.0,0,212.75,71,59,130,95185.0,0.4545994565402846,0.25001022453069405,3.711864406779661,2,0.8309859154929577,123,71,24,6,114,114,21,29,59,14,34643.0,0.0,24643.0,0,24643.0,0.0,0,24643.0,8,14,5
20,6,12975.0,0.0,0,0.0,0.0,0.0,0.0,0.0,0.0,0.0,0,146349.0,146349.0,18,18,0,116794,133374,16580,146349.0,12000,42000.0,188349.0,54975.0,8,80000.0,15,8,16,0,0,127.0,0,255.75,88,70,158,151769.0,0.48904732727853173,0.30373853115788596,3.9714285714285715,2.0,0.7954545454545454,146,88,27,8,138,138,25,34,70,16,24975.0,0.0,12975.0,0,12975.0,0.0,0,12975.0,8,15,9
20,7,56154.0,0.0,0,0.0,0.0,0.0,0.0,0.0,0.0,0.0,0,184648.0,184648.0,16,19,3,105620,128494,22874,184648.0,14000,56000.0,240648.0,112154.0,9,90000.0,15,10,19,0,0,127.0,0,271.75,101,85,186,207774.0,0.507801278120838,0.3498085624782457,4.5058823529411764,2,0.8415841584158416,167,101,31,10,162,162,30,37,85,19,70154.0,0.0,56154.0,0,56154.0,0.0,0,56154.0,10,15,10
20,8,-10668.0,0.0,0,0.0,0.0,0.0,0.0,0.0,0.0,0.0,0,243124.0,243124.0,19,19,0,177982,253792,75810,243124.0,16000,72000.0,315124.0,61332.0,9,90000.0,16,12,21,1,1,-10668.0,1,291.25,113,94,207,229314.0,0.5018408730090833,0.31240104122144985,4.4361702127659575,2.0,0.831858407079646,188,113,36,11,186,186,30,49,94,21,5332.0,0.0,-10668.0,0,-10668.0,0.0,0,-10668.0,12,16,13
20,9,83178.0,0.0,0,0.0,0.0,0.0,0.0,0.0,0.0,0.0,0,269163.0,269163.0,15,19,4,101683,185985,84302,269163.0,18000,90000.0,359163.0,173178.0,9,90000.0,25,18,27,2,1,-10668.0,0,275.75,121,106,227,264861.0,0.5013531512674836,0.31240104122144985,5.245283018867925,2.5,0.8760330578512396,218,121,39,15,205,205,30,53,106,27,101178.0,0.0,83178.0,0,83178.0,0.0,0,83178.0,18,25,16
20,10,352248.0,0.0,0,0.0,0.0,0.0,0.0,0.0,0.0,0.0,0,427103.0,427103.0,17,20,3,52453,74855,22402,427103.0,20000,110000.0,537103.0,462248.0,10,100000.0,25,20,30,2,1,-10668.0,0,309.25,140,123,263,514701.0,0.5447646383791713,0.37496733733995297,5.203252032520325,2,0.8785714285714286,243,140,40,18,229,229,32,56,123,30,372248.0,0.0,352248.0,0,352248.0,0.0,0,352248.0,20,25,18
20,11,367563.0,0.0,0,0.0,0.0,0.0,0.0,0.0,0.0,0.0,0,468287.0,468287.0,18,20,2,78906,100724,21818,468287.0,22000,132000.0,600287.0,499563.0,10,100000.0,25,20,30,2,1,-10668.0,0,356.25,163,145,308,578469.0,0.5596587895898316,0.37496733733995297,5.151724137931034,2,0.8895705521472392,268,163,41,19,254,254,32,57,145,30,389563.0,0.0,367563.0,0,367563.0,0.0,0,367563.0,20,25,20
20,12,300590.0,0.0,0,0.0,0.0,0.0,0.0,0.0,0.0,0.0,0,467346.0,467346.0,20,20,0,146020,166756,20736,467346.0,24000,156000.0,623346.0,456590.0,10,100000.0,25,22,32,2,1,-10668.0,0,373.25,177,157,334,602610.0,0.5655002191148198,0.375,5.044585987261146,2,0.8870056497175142,294,177,49,21,277,277,32,64,157,32,324590.0,0.0,300590.0,0,300590.0,0.0,0,300590.0,22,25,24
21,1,59620.0,0.0,0,0.0,0.0,0.0,0.0,0.0,0.0,0.0,0,119641.0,119641.0,6,10,4,50184,60021,9837,119641.0,2000,2000.0,121641.0,61620.0,0,0.0,0,0,0,0,0,42757.0,0,62.0,17,11,28,11804.0,0.2698932558622356,0.22727695599590658,1.3636363636363635,1,0.6470588235294118,27,17,8,2,23,23,11,1,11,,61620.0,0.0,59620.0,0,59620.0,0.0,0,59620.0,,,
21,2,21195.0,0.0,0,0.0,0.0,0.0,0.0,0.0,0.0,0.0,0,123599.0,123599.0,12,15,3,74605,102404,27799,123599.0,4000,6000.0,129599.0,27195.0,5,50000.0,1,0,5,0,0,3774.0,0,123.25,36,24,60,51800.0,0.45475902442737465,0.31245211899477565,2.2083333333333335,2.0,0.6666666666666666,52,36,12,3,50,50,23,2,24,5,25195.0,0.0,21195.0,0,21195.0,0.0,0,21195.0,,1,1
21,3,46355.0,0.0,0,0.0,0.0,0.0,0.0,0.0,0.0,0.0,0,133689.0,133689.0,12,16,4,66586,87334,20748,133689.0,6000,12000.0,145689.0,58355.0,6,60000.0,8,1,7,0,0,3774.0,0,149.0,48,36,84,84941.0,0.5129292209464152,0.3312662573536259,2.861111111111111,2.0,0.75,76,48,15,4,74,74,29,8,36,7,52355.0,0.0,46355.0,0,46355.0,0.0,0,46355.0,1,8,1
21,4,63206.0,0.0,0,0.0,0.0,0.0,0.0,0.0,0.0,0.0,0,171485.0,171485.0,16,16,0,104581,108279,3698,171485.0,8000,20000.0,191485.0,83206.0,6,60000.0,8,1,7,0,0,3774.0,0,192.0,65,49,114,147787.0,0.5505800095699794,0.34988614468383256,3.0408163265306123,2,0.7538461538461538,99,65,18,7,99,99,33,15,49,7,71206.0,0.0,63206.0,0,63206.0,0.0,0,63206.0,1,8,2
21,5,195648.0,0.0,0,0.0,0.0,0.0,0.0,0.0,0.0,0.0,0,311657.0,311657.0,13,16,3,95081,116009,20928,311657.0,10000,30000.0,341657.0,225648.0,6,60000.0,8,3,9,0,0,3774.0,0,227.5,77,64,141,280729.0,0.5648416627757004,0.3624960833682097,3.890625,2.0,0.8311688311688312,118,77,22,8,126,126,38,22,64,9,205648.0,0.0,195648.0,0,195648.0,0.0,0,195648.0,3,8,2
21,6,268051.0,0.0,0,0.0,0.0,0.0,0.0,0.0,0.0,0.0,0,351162.0,351162.0,9,17,8,72298,83111,10813,351162.0,12000,42000.0,393162.0,310051.0,7,70000.0,8,3,10,0,0,3774.0,0,270.5,94,85,179,352349.0,0.5539255226164482,0.34988614468383256,4.223529411764706,2,0.9042553191489362,143,94,29,9,153,153,38,24,85,10,280051.0,0.0,268051.0,0,268051.0,0.0,0,268051.0,3,8,6
21,7,140036.0,0.0,0,0.0,0.0,0.0,0.0,0.0,0.0,0.0,0,433384.0,433384.0,12,17,5,253056,293348,40292,433384.0,14000,56000.0,489384.0,196036.0,7,70000.0,8,3,10,0,0,3774.0,0,289.0,107,95,202,419092.0,0.5522208581038442,0.34988614468383256,4.273684210526316,2,0.8878504672897196,164,107,34,12,183,183,43,35,95,10,154036.0,0.0,140036.0,0,140036.0,0.0,0,140036.0,3,8,10
21,8,14952.0,0.0,0,0.0,0.0,0.0,0.0,0.0,0.0,0.0,0,514409.0,514409.0,17,17,0,414253,499457,85204,514409.0,16000,72000.0,586409.0,86952.0,7,70000.0,8,8,15,0,0,3774.0,0,306.5,123,106,229,471205.0,0.5397799861698543,0.33428373168257564,4.377358490566038,2.0,0.8617886178861789,192,123,37,16,203,203,45,38,106,15,30952.0,0.0,14952.0,0,14952.0,0.0,0,14952.0,8,8,14
21,9,253004.0,0.0,0,0.0,0.0,0.0,0.0,0.0,0.0,0.0,0,555545.0,555545.0,20,20,0,259050,302541,43491,555545.0,18000,90000.0,645545.0,343004.0,10,100000.0,10,11,21,0,0,3436.0,0,330.0,139,119,258,602054.0,0.5626148363338205,0.36351875808538164,4.764705882352941,2,0.8561151079136691,220,139,43,17,225,225,48,43,119,21,271004.0,0.0,253004.0,0,253004.0,0.0,0,253004.0,11,10,15
21,10,291736.0,0.0,0,0.0,0.0,0.0,0.0,0.0,0.0,0.0,0,602865.0,602865.0,18,20,2,238275,311129,72854,602865.0,20000,110000.0,712865.0,401736.0,10,100000.0,10,18,28,0,0,3436.0,0,335.0,149,131,280,640011.0,0.5749335801205739,0.36363636363636365,4.847328244274809,2,0.8791946308724832,246,149,49,20,249,249,51,50,131,28,311736.0,0.0,291736.0,0,291736.0,0.0,0,291736.0,18,10,17
21,11,307977.0,0.0,0,0.0,0.0,0.0,0.0,0.0,0.0,0.0,0,705067.0,705067.0,20,20,0,319600,397090,77490,705067.0,22000,132000.0,837067.0,439977.0,10,100000.0,10,20,30,0,0,3436.0,0,359.5,163,143,306,759577.0,0.5653592417098758,0.36363636363636365,4.909090909090909,2,0.8773006134969326,268,163,54,21,276,276,54,59,143,30,329977.0,0.0,307977.0,0,307977.0,0.0,0,307977.0,20,10,20
21,12,416223.0,0.0,0,0.0,0.0,0.0,0.0,0.0,0.0,0.0,0,739443.0,739443.0,16,20,4,274709,323220,48511,739443.0,24000,156000.0,895443.0,572223.0,10,100000.0,10,27,37,0,0,3436.0,0,362.0,172,156,328,846932.0,0.5577509964614892,0.36449439941498774,5.128205128205129,3.0,0.9069767441860465,291,172,59,23,301,301,57,66,156,37,440223.0,0.0,416223.0,0,416223.0,0.0,0,416223.0,27,10,22
22,1,91248.0,0.0,0,0.0,0.0,0.0,0.0,0.0,0.0,0.0,0,116206.0,116206.0,7,10,3,19612,24958,5346,116206.0,2000,2000.0,118206.0,93248.0,0,0.0,0,0,0,0,0,46561.0,0,25.0,13,6,19,12860.0,0.3067846258224068,0.19654178674351586,1.6666666666666667,1.5,0.46153846153846156,24,13,7,4,25,25,12,7,6,,93248.0,0.0,91248.0,0,91248.0,0.0,0,91248.0,,,
22,2,84072.0,0.0,0,0.0,0.0,0.0,0.0,0.0,0.0,0.0,0,133553.0,133553.0,9,11,2,45839,49481,3642,133553.0,4000,6000.0,139553.0,90072.0,1,10000.0,0,0,1,0,0,31252.0,0,62.0,26,17,43,45911.0,0.6115275252396011,0.818075117370892,2.1176470588235294,2,0.6538461538461539,47,26,12,9,52,52,15,18,17,1,88072.0,0.0,84072.0,0,84072.0,0.0,0,84072.0,,,2
22,3,18790.0,0.0,0,0.0,0.0,0.0,0.0,0.0,0.0,0.0,0,116735.0,116735.0,15,15,0,89492,97945,8453,116735.0,6000,12000.0,128735.0,30790.0,5,50000.0,0,0,5,0,0,18790.0,0,98.0,39,24,63,70282.0,0.6324674579316197,0.6120921405582552,2.4166666666666665,2.0,0.6153846153846154,69,39,18,12,79,79,23,26,24,5,24790.0,0.0,18790.0,0,18790.0,0.0,0,18790.0,,,6
22,4,22726.0,0.0,0,0.0,0.0,0.0,0.0,0.0,0.0,0.0,0,116244.0,116244.0,14,17,3,79190,93518,14328,116244.0,8000,20000.0,136244.0,42726.0,7,70000.0,8,1,8,0,0,184.0,0,115.5,50,36,86,91916.0,0.6115604418296194,0.35935200220664837,2.9722222222222223,2.0,0.72,95,50,21,15,101,101,26,31,36,8,30726.0,0.0,22726.0,0,22726.0,0.0,0,22726.0,1,8,8
22,5,13983.0,0.0,0,0.0,0.0,0.0,0.0,0.0,0.0,0.0,0,130116.0,130116.0,15,17,2,95538,116133,20595,130116.0,10000,30000.0,160116.0,43983.0,7,70000.0,9,1,8,0,0,184.0,0,124.0,62,47,109,109521.0,0.6180786251986083,0.3444247787610619,4.0,2,0.7580645161290323,124,62,31,21,121,121,30,34,47,8,23983.0,0.0,13983.0,0,13983.0,0.0,0,13983.0,1,9,10
22,6,26394.0,0.0,0,0.0,0.0,0.0,0.0,0.0,0.0,0.0,0,115386.0,115386.0,13,17,4,93657,88992,-4665,115386.0,12000,42000.0,157386.0,68394.0,7,70000.0,10,1,8,0,0,184.0,0,179.75,76,63,139,132051.0,0.6298102513503746,0.5659547738693468,4.428571428571429,2,0.8289473684210527,145,76,36,22,149,149,34,39,63,8,38394.0,0.0,26394.0,0,26394.0,0.0,0,26394.0,1,10,13
22,7,-3804.0,0.0,0,0.0,0.0,0.0,0.0,0.0,0.0,0.0,0,142022.0,142022.0,16,17,1,119361,145826,26465,142022.0,14000,56000.0,198022.0,52196.0,7,70000.0,14,1,8,1,1,-3804.0,1,190.75,85,69,154,141557.0,0.6423136415820867,0.5736268215632324,4.666666666666667,2,0.8117647058823529,167,85,44,23,173,173,40,47,69,8,10196.0,0.0,-3804.0,0,-3804.0,0.0,0,-3804.0,1,14,17
22,8,32130.0,0.0,0,0.0,0.0,0.0,0.0,0.0,0.0,0.0,0,125834.0,125834.0,15,18,3,89623,93704,4081,125834.0,16000,72000.0,197834.0,104130.0,8,80000.0,16,3,11,2,1,-3804.0,0,209.25,97,82,179,173753.0,0.6332710129111858,0.5822679562361617,5.402439024390244,2.0,0.845360824742268,195,97,53,26,193,193,41,52,82,11,48130.0,0.0,32130.0,0,32130.0,0.0,0,32130.0,3,16,18
22,9,17441.0,0.0,0,0.0,0.0,0.0,0.0,0.0,0.0,0.0,0,141045.0,141045.0,13,18,5,104031,123604,19573,141045.0,18000,90000.0,231045.0,107441.0,8,80000.0,24,3,11,2,1,-3804.0,0,217.5,103,90,193,191472.0,0.616120691006549,0.5697907977162896,5.4222222222222225,2.0,0.8737864077669902,215,103,59,26,219,219,49,60,90,11,35441.0,0.0,17441.0,0,17441.0,0.0,0,17441.0,3,24,20
22,10,45626.0,0.0,0,0.0,0.0,0.0,0.0,0.0,0.0,0.0,0,151142.0,151142.0,13,18,5,94388,105516,11128,151142.0,20000,110000.0,261142.0,155626.0,8,80000.0,26,3,11,2,1,-3804.0,0,254.0,118,105,223,230014.0,0.6151472150948483,0.5659547738693468,5.914285714285715,3,0.8898305084745762,241,118,66,28,243,243,50,68,105,11,65626.0,0.0,45626.0,0,45626.0,0.0,0,45626.0,3,26,20
22,11,-5085.0,0.0,0,0.0,0.0,0.0,0.0,0.0,0.0,0.0,0,138307.0,138307.0,19,20,1,122063,143392,21329,138307.0,22000,132000.0,270307.0,126915.0,10,100000.0,28,5,15,3,2,-5085.0,1,247.75,132,113,245,248978.0,0.6165421326940952,0.5736268215632324,6.070796460176991,3,0.8560606060606061,270,132,69,36,259,259,51,70,113,15,16915.0,0.0,-5085.0,0,-5085.0,0.0,0,-5085.0,5,28,25
22,12,48439.0,0.0,0,0.0,0.0,0.0,0.0,0.0,0.0,0.0,0,234348.0,234348.0,15,20,5,114169,185909,71740,234348.0,24000,156000.0,390348.0,204439.0,10,100000.0,31,5,15,4,2,-5085.0,0,277.75,145,130,275,318608.0,0.6166979067593974,0.5655860825868473,6.869230769230769,3.0,0.896551724137931,291,145,73,37,283,283,53,72,130,15,72439.0,0.0,48439.0,0,48439.0,0.0,0,48439.0,5,31,28
23,1,30363.0,0.0,0,0.0,0.0,0.0,0.0,0.0,0.0,0.0,0,131260.0,131260.0,9,10,1,74267,100897,26630,131260.0,2000,2000.0,133260.0,32363.0,0,0.0,0,0,0,0,0,30363.0,0,52.0,16,7,23,6630.0,0.4657733707254742,0.3500369822485207,1.5714285714285714,2,0.4375,24,16,6,2,23,23,8,8,7,,32363.0,0.0,30363.0,0,30363.0,0.0,0,30363.0,,,
23,2,947.0,0.0,0,0.0,0.0,0.0,0.0,0.0,0.0,0.0,0,110729.0,110729.0,12,12,0,91641,109782,18141,110729.0,4000,6000.0,116729.0,6947.0,2,20000.0,3,10,12,0,0,111.0,0,80.0,28,16,44,18588.0,0.42224395254886155,0.30008417688358774,3.375,2.5,0.5714285714285714,54,28,11,2,42,42,11,13,16,12,4947.0,0.0,947.0,0,947.0,0.0,0,947.0,10,3,2
23,3,66252.0,0.0,0,0.0,0.0,0.0,0.0,0.0,0.0,0.0,0,105286.0,105286.0,7,13,6,37481,39034,1553,105286.0,6000,12000.0,117286.0,78252.0,3,30000.0,5,15,18,0,0,111.0,0,91.0,35,28,63,45733.0,0.4538080639540086,0.274685069535718,3.5714285714285716,3.0,0.8,77,35,19,3,64,64,16,18,28,18,72252.0,0.0,66252.0,0,66252.0,0.0,0,66252.0,15,5,2
23,4,98700.0,0.0,0,0.0,0.0,0.0,0.0,0.0,0.0,0.0,0,183671.0,183671.0,13,13,0,71383,84971,13588,183671.0,8000,20000.0,203671.0,118700.0,3,30000.0,5,15,18,0,0,111.0,0,136.75,53,40,93,120083.0,0.5328457054239727,0.3935748772335246,3.125,2.0,0.7547169811320755,105,53,23,9,89,89,28,19,40,18,106700.0,0.0,98700.0,0,98700.0,0.0,0,98700.0,15,5,2
23,5,30607.0,0.0,0,0.0,0.0,0.0,0.0,0.0,0.0,0.0,0,152453.0,152453.0,15,18,3,106580,121846,15266,152453.0,10000,30000.0,182453.0,60607.0,8,80000.0,5,16,24,0,0,111.0,0,159.5,68,53,121,147187.0,0.5288150354119118,0.36363636363636365,4.09433962264151,2,0.7794117647058824,132,68,31,12,111,111,33,23,53,24,40607.0,0.0,30607.0,0,30607.0,0.0,0,30607.0,16,5,2
23,6,134052.0,0.0,0,0.0,0.0,0.0,0.0,0.0,0.0,0.0,0,203910.0,203910.0,10,18,8,56168,69858,13690,203910.0,12000,42000.0,245910.0,176052.0,8,80000.0,7,16,24,0,0,111.0,0,184.25,79,69,148,212220.0,0.5552868900146439,0.4251592356687898,4.3478260869565215,2,0.8734177215189873,152,79,36,14,140,140,42,25,69,24,146052.0,0.0,134052.0,0,134052.0,0.0,0,134052.0,16,7,4
23,7,246984.0,0.0,0,0.0,0.0,0.0,0.0,0.0,0.0,0.0,0,258667.0,258667.0,5,18,13,10024,11683,1659,258667.0,14000,56000.0,314667.0,302984.0,8,80000.0,7,16,24,0,0,111.0,0,206.75,87,82,169,293008.0,0.5682889062824733,0.46251753587162514,5.195121951219512,3.0,0.9425287356321839,167,87,41,16,173,173,54,30,82,24,260984.0,0.0,246984.0,0,246984.0,0.0,0,246984.0,16,7,7
23,8,228271.0,0.0,0,0.0,0.0,0.0,0.0,0.0,0.0,0.0,0,308701.0,308701.0,11,18,7,67920,80430,12510,308701.0,16000,72000.0,380701.0,300271.0,8,80000.0,7,16,24,0,0,111.0,0,260.75,106,95,201,348191.0,0.5531851047773904,0.4251592356687898,5.231578947368421,2,0.8962264150943396,195,106,48,18,195,195,60,32,95,24,244271.0,0.0,228271.0,0,228271.0,0.0,0,228271.0,16,7,8
23,9,12197.0,0.0,0,0.0,0.0,0.0,0.0,0.0,0.0,0.0,0,338477.0,338477.0,20,20,0,261262,326280,65018,338477.0,18000,90000.0,428477.0,102197.0,10,100000.0,7,20,30,0,0,111.0,0,279.75,121,101,222,363459.0,0.5471397012561875,0.42351339083068545,4.97029702970297,2,0.8347107438016529,221,121,54,19,216,216,63,44,101,30,30197.0,0.0,12197.0,0,12197.0,0.0,0,12197.0,20,7,8
23,10,174712.0,0.0,0,0.0,0.0,0.0,0.0,0.0,0.0,0.0,0,379110.0,379110.0,17,20,3,159864,204398,44534,379110.0,20000,110000.0,489110.0,284712.0,10,100000.0,9,27,37,0,0,111.0,0,282.75,132,115,247,444576.0,0.5735558734844372,0.42520325203252035,5.591304347826087,2,0.8712121212121212,250,132,61,21,236,236,66,46,115,37,194712.0,0.0,174712.0,0,174712.0,0.0,0,174712.0,27,9,9
23,11,303687.0,0.0,0,0.0,0.0,0.0,0.0,0.0,0.0,0.0,0,383208.0,383208.0,19,20,1,72246,79521,7275,383208.0,22000,132000.0,515208.0,435687.0,10,100000.0,9,33,43,0,0,111.0,0,304.75,147,128,275,507933.0,0.5701848730466885,0.4251812438506551,5.828125,3.0,0.8707482993197279,278,147,67,22,257,257,72,48,128,43,325687.0,0.0,303687.0,0,303687.0,0.0,0,303687.0,33,9,9
23,12,249507.0,0.0,0,0.0,0.0,0.0,0.0,0.0,0.0,0.0,0,460222.0,460222.0,18,20,2,169634,210715,41081,460222.0,24000,156000.0,616222.0,405507.0,10,100000.0,9,33,43,0,0,111.0,0,316.25,162,144,306,575141.0,0.5788126306878323,0.46251753587162514,5.763888888888889,3.0,0.8888888888888888,303,162,73,26,284,284,79,51,144,43,273507.0,0.0,249507.0,0,249507.0,0.0,0,249507.0,33,9,10
24,1,112776.0,0.0,0,0.0,0.0,0.0,0.0,0.0,0.0,0.0,0,148140.0,148140.0,2,10,8,30705,35364,4659,148140.0,2000,2000.0,150140.0,114776.0,0,0.0,0,0,0,0,0,44628.0,0,30.0,12,10,22,45481.0,0.7200499534909348,0.8567510584845915,1.2,1.0,0.8333333333333334,22,12,7,3,28,28,16,1,10,,114776.0,0.0,112776.0,0,112776.0,0.0,0,112776.0,,,1
24,2,170345.0,0.0,0,0.0,0.0,0.0,0.0,0.0,0.0,0.0,0,176725.0,176725.0,4,10,6,5235,6380,1145,176725.0,4000,6000.0,182725.0,176345.0,0,0.0,0,0,0,0,0,44628.0,0,80.0,26,22,48,81580.0,0.7053938301178078,0.7499354005167959,1.5454545454545454,1.0,0.8461538461538461,45,26,13,6,57,57,31,1,22,,174345.0,0.0,170345.0,0,170345.0,0.0,0,170345.0,,,3
24,3,188957.0,0.0,0,0.0,0.0,0.0,0.0,0.0,0.0,0.0,0,212941.0,212941.0,8,10,2,16771,23984,7213,212941.0,6000,12000.0,224941.0,200957.0,0,0.0,0,0,0,0,0,44628.0,0,120.25,39,31,70,117728.0,0.6131992425252074,0.546242774566474,1.7419354838709677,1,0.7948717948717948,63,39,17,7,86,86,43,7,31,,194957.0,0.0,188957.0,0,188957.0,0.0,0,188957.0,,,5
24,4,18105.0,0.0,0,0.0,0.0,0.0,0.0,0.0,0.0,0.0,0,200297.0,200297.0,15,16,1,142415,182192,39777,200297.0,8000,20000.0,220297.0,38105.0,6,60000.0,0,0,6,0,0,18105.0,0,155.75,59,44,103,140520.0,0.6187163692294556,0.491871387283237,2.1136363636363638,1.0,0.7457627118644068,95,59,24,12,106,106,47,9,44,6,26105.0,0.0,18105.0,0,18105.0,0.0,0,18105.0,,,6
24,5,101197.0,0.0,0,0.0,0.0,0.0,0.0,0.0,0.0,0.0,0,209591.0,209591.0,18,18,0,80421,108394,27973,209591.0,10000,30000.0,239591.0,131197.0,8,80000.0,1,0,8,0,0,16294.0,0,196.0,72,54,126,191618.0,0.5930168049270361,0.45023869836321123,2.2962962962962963,1.5,0.75,115,72,28,14,132,132,58,13,54,8,111197.0,0.0,101197.0,0,101197.0,0.0,0,101197.0,,1,7
24,6,125484.0,0.0,0,0.0,0.0,0.0,0.0,0.0,0.0,0.0,0,212744.0,212744.0,18,20,2,57943,87260,29317,212744.0,12000,42000.0,254744.0,167484.0,10,100000.0,1,5,15,0,0,16294.0,0,250.5,88,70,158,225427.0,0.6093219862223725,0.4517436558702934,3.0285714285714285,2.0,0.7954545454545454,137,88,28,15,161,161,65,17,70,15,137484.0,0.0,125484.0,0,125484.0,0.0,0,125484.0,5,1,9
24,7,133003.0,0.0,0,0.0,0.0,0.0,0.0,0.0,0.0,0.0,0,285427.0,285427.0,9,20,11,126829,152424,25595,285427.0,14000,56000.0,341427.0,189003.0,10,100000.0,1,5,15,0,0,16294.0,0,277.0,98,89,187,315832.0,0.6344769505659426,0.6976671850699845,4.46067415730337,2,0.9081632653061225,153,98,33,16,192,192,73,21,89,15,147003.0,0.0,133003.0,0,133003.0,0.0,0,133003.0,5,1,9
24,8,104830.0,0.0,0,0.0,0.0,0.0,0.0,0.0,0.0,0.0,0,281689.0,281689.0,15,20,5,175272,176859,1587,281689.0,16000,72000.0,353689.0,176830.0,10,100000.0,1,5,15,0,0,16294.0,0,302.0,114,99,213,352102.0,0.6291011524923471,0.6662337662337663,4.212121212121212,2,0.868421052631579,175,114,36,19,222,222,79,31,99,15,120830.0,0.0,104830.0,0,104830.0,0.0,0,104830.0,5,1,13
24,9,217928.0,0.0,0,0.0,0.0,0.0,0.0,0.0,0.0,0.0,0,333995.0,333995.0,11,20,9,91781,116067,24286,333995.0,18000,90000.0,423995.0,307928.0,10,100000.0,1,5,15,0,0,16294.0,0,314.5,128,117,245,399709.0,0.5907374163398875,0.46297739672642246,4.589743589743589,2,0.9140625,197,128,40,23,250,250,81,34,117,15,235928.0,0.0,217928.0,0,217928.0,0.0,0,217928.0,5,1,18
24,10,297042.0,0.0,0,0.0,0.0,0.0,0.0,0.0,0.0,0.0,0,368574.0,368574.0,12,20,8,60969,71532,10563,368574.0,20000,110000.0,478574.0,407042.0,10,100000.0,1,5,15,0,0,16294.0,0,348.0,144,132,276,468011.0,0.5758784073342037,0.4390049575070821,4.606060606060606,2.0,0.9166666666666666,216,144,43,23,280,280,86,42,132,15,317042.0,0.0,297042.0,0,297042.0,0.0,0,297042.0,5,1,20
24,11,339330.0,0.0,0,0.0,0.0,0.0,0.0,0.0,0.0,0.0,0,450614.0,450614.0,18,20,2,89033,111284,22251,450614.0,22000,132000.0,582614.0,471330.0,10,100000.0,1,6,16,0,0,16294.0,0,380.5,164,146,310,560363.0,0.5805843729663708,0.45340490600801175,4.7465753424657535,2.0,0.8902439024390244,244,164,46,27,301,301,87,47,146,16,361330.0,0.0,339330.0,0,339330.0,0.0,0,339330.0,6,1,21
24,12,252309.0,0.0,0,0.0,0.0,0.0,0.0,0.0,0.0,0.0,0,505284.0,505284.0,17,20,3,193209,252975,59766,505284.0,24000,156000.0,661284.0,408309.0,10,100000.0,1,10,20,0,0,16294.0,0,392.0,177,160,337,601518.0,0.591007955230097,0.47310546317499336,4.91875,2.0,0.903954802259887,269,177,51,30,325,325,94,50,160,20,276309.0,0.0,252309.0,0,252309.0,0.0,0,252309.0,10,1,21
25,1,133253.0,0.0,0,0.0,0.0,0.0,0.0,0.0,0.0,0.0,0,153928.0,153928.0,6,10,4,16859,20675,3816,153928.0,2000,2000.0,155928.0,135253.0,0,0.0,0,0,0,0,0,6513.0,0,60.0,21,15,36,52112.0,0.587710365596384,0.42481336651261997,1.2666666666666666,1,0.7142857142857143,29,21,4,4,24,24,8,,15,,135253.0,0.0,133253.0,0,133253.0,0.0,0,133253.0,,,1
25,2,120215.0,0.0,0,0.0,0.0,0.0,0.0,0.0,0.0,0.0,0,167291.0,167291.0,8,13,5,42193,47076,4883,167291.0,4000,6000.0,173291.0,126215.0,3,30000.0,0,4,7,0,0,6064.0,0,112.25,35,27,62,98408.0,0.5349346044130797,0.3493975903614458,2.074074074074074,1,0.7714285714285715,55,35,10,6,49,49,16,4,27,7,124215.0,0.0,120215.0,0,120215.0,0.0,0,120215.0,4,,2
25,3,-4842.0,0.0,0,0.0,0.0,0.0,0.0,0.0,0.0,0.0,0,232258.0,232258.0,11,13,2,192543,237100,44557,232258.0,6000,12000.0,244258.0,7158.0,3,30000.0,1,4,7,1,1,-4842.0,1,143.75,51,40,91,129701.0,0.5626185591956601,0.3126206563706564,2.55,1.0,0.7843137254901961,80,51,15,9,75,75,22,11,40,7,1158.0,0.0,-4842.0,0,-4842.0,0.0,0,-4842.0,4,1,2
25,4,81952.0,0.0,0,0.0,0.0,0.0,0.0,0.0,0.0,0.0,0,241406.0,241406.0,13,16,3,118242,159454,41212,241406.0,8000,20000.0,261406.0,101952.0,6,60000.0,1,9,15,1,1,-4842.0,0,179.75,65,52,117,180194.0,0.5620401547142004,0.30426778436457946,2.7115384615384617,1.0,0.8,105,65,17,13,100,100,23,23,52,15,89952.0,0.0,81952.0,0,81952.0,0.0,0,81952.0,9,1,2
25,5,12198.0,0.0,0,0.0,0.0,0.0,0.0,0.0,0.0,0.0,0,331553.0,331553.0,13,16,3,213604,319355,105751,331553.0,10000,30000.0,361553.0,42198.0,6,60000.0,2,9,15,1,1,-4842.0,0,211.25,79,66,145,215802.0,0.5851580409512197,0.3543862951807229,2.9696969696969697,1.0,0.8354430379746836,130,79,23,17,124,124,27,27,66,15,22198.0,0.0,12198.0,0,12198.0,0.0,0,12198.0,9,2,4
25,6,50126.0,0.0,0,0.0,0.0,0.0,0.0,0.0,0.0,0.0,0,294006.0,294006.0,15,19,4,165185,243880,78695,294006.0,12000,42000.0,336006.0,92126.0,9,90000.0,6,10,19,1,1,-4842.0,0,240.25,94,79,173,247311.0,0.5763458486365752,0.3493975903614458,3.9873417721518987,1,0.8404255319148937,159,94,31,18,142,142,27,30,79,19,62126.0,0.0,50126.0,0,50126.0,0.0,0,50126.0,10,6,6
25,7,118467.0,0.0,0,0.0,0.0,0.0,0.0,0.0,0.0,0.0,0,296921.0,296921.0,15,20,5,139848,178454,38606,296921.0,14000,56000.0,352921.0,174467.0,10,100000.0,6,19,29,1,1,-4842.0,0,259.75,110,95,205,314315.0,0.5653232181761301,0.3513824884792627,4.073684210526316,2,0.8636363636363636,189,110,34,20,161,161,28,32,95,29,132467.0,0.0,118467.0,0,118467.0,0.0,0,118467.0,19,6,6
25,8,172919.0,0.0,0,0.0,0.0,0.0,0.0,0.0,0.0,0.0,0,345209.0,345209.0,12,20,8,120032,172290,52258,345209.0,16000,72000.0,417209.0,244919.0,10,100000.0,6,19,29,1,1,-4842.0,0,263.25,122,110,232,364951.0,0.5627050494975177,0.3615037994864999,4.236363636363636,2.0,0.9016393442622951,210,122,41,22,189,189,34,39,110,29,188919.0,0.0,172919.0,0,172919.0,0.0,0,172919.0,19,6,6
25,9,160199.0,0.0,0,0.0,0.0,0.0,0.0,0.0,0.0,0.0,0,379495.0,379495.0,14,20,6,169788,219296,49508,379495.0,18000,90000.0,469495.0,250199.0,10,100000.0,7,19,29,1,1,-4842.0,0,284.25,137,123,260,419987.0,0.5501551959439754,0.359375,4.333333333333333,2,0.8978102189781022,232,137,46,23,215,215,40,44,123,29,178199.0,0.0,160199.0,0,160199.0,0.0,0,160199.0,19,7,8
25,10,226624.0,0.0,0,0.0,0.0,0.0,0.0,0.0,0.0,0.0,0,498245.0,498245.0,18,20,2,160726,271621,110895,498245.0,20000,110000.0,608245.0,336624.0,10,100000.0,7,21,31,1,1,-4842.0,0,317.25,156,138,294,497350.0,0.5681927999854612,0.3720575336131139,4.797101449275362,2.0,0.8846153846153846,258,156,50,24,240,240,47,45,138,31,246624.0,0.0,226624.0,0,226624.0,0.0,0,226624.0,21,7,10
25,11,293959.0,0.0,0,0.0,0.0,0.0,0.0,0.0,0.0,0.0,0,543532.0,543532.0,19,20,1,202691,249573,46882,543532.0,22000,132000.0,675532.0,425959.0,10,100000.0,7,24,34,1,1,-4842.0,0,337.75,171,152,323,628650.0,0.5950464702624675,0.39419934640522875,5.065789473684211,2.0,0.8888888888888888,283,171,54,27,263,263,51,50,152,34,315959.0,0.0,293959.0,0,293959.0,0.0,0,293959.0,24,7,10
25,12,77436.0,0.0,0,0.0,0.0,0.0,0.0,0.0,0.0,0.0,0,594093.0,594093.0,20,20,0,434063,516657,82594,594093.0,24000,156000.0,750093.0,233436.0,10,100000.0,7,30,40,1,1,-4842.0,0,347.75,184,164,348,667499.0,0.601820246805397,0.41910602966153876,5.024390243902439,2.0,0.8913043478260869,306,184,55,30,287,287,51,60,164,40,101436.0,0.0,77436.0,0,77436.0,0.0,0,77436.0,30,7,12
26,1,103077.0,0.0,0,0.0,0.0,0.0,0.0,0.0,0.0,0.0,0,108984.0,108984.0,3,10,7,3994,5907,1913,108984.0,2000,2000.0,110984.0,105077.0,0,0.0,0,0,0,0,0,91622.0,0,10.0,9,6,15,9071.0,0.5974084391561972,0.7425507058477869,1.6666666666666667,1.5,0.6666666666666666,21,9,6,6,24,24,13,5,6,,105077.0,0.0,103077.0,0,103077.0,0.0,0,103077.0,,,
26,2,550.0,0.0,0,0.0,0.0,0.0,0.0,0.0,0.0,0.0,0,86336.0,86336.0,16,16,0,59507,85786,26279,86336.0,4000,6000.0,92336.0,6550.0,6,60000.0,0,3,9,0,0,550.0,0,95.0,29,13,42,26057.0,0.7642025620915424,0.8545500378119486,1.8461538461538463,1,0.4482758620689655,48,29,10,6,44,44,22,7,13,9,4550.0,0.0,550.0,0,550.0,0.0,0,550.0,3,,2
26,3,73059.0,0.0,0,0.0,0.0,0.0,0.0,0.0,0.0,0.0,0,145164.0,145164.0,13,16,3,41482,72105,30623,145164.0,6000,12000.0,157164.0,85059.0,6,60000.0,0,7,13,0,0,550.0,0,136.75,41,28,69,86541.0,0.6912462340972939,0.5975351988965742,4.035714285714286,2.5,0.6829268292682927,70,41,15,7,69,69,28,9,28,13,79059.0,0.0,73059.0,0,73059.0,0.0,0,73059.0,7,,4
26,4,-2649.0,0.0,0,0.0,0.0,0.0,0.0,0.0,0.0,0.0,0,184286.0,184286.0,20,20,0,135270,186935,51665,184286.0,8000,20000.0,204286.0,17351.0,10,100000.0,0,7,17,1,1,-2649.0,1,204.75,63,43,106,152621.0,0.69736565402294,0.6646654158849281,4.069767441860465,3,0.6825396825396826,101,63,24,7,88,88,31,10,43,17,5351.0,0.0,-2649.0,0,-2649.0,0.0,0,-2649.0,7,,4
26,5,78006.0,0.0,0,0.0,0.0,0.0,0.0,0.0,0.0,0.0,0,243491.0,243491.0,19,20,1,108518,165485,56967,243491.0,10000,30000.0,273491.0,108006.0,10,100000.0,0,8,18,2,1,-2649.0,0,254.75,79,60,139,216524.0,0.691353947625327,0.6667393780194346,4.083333333333333,3.0,0.759493670886076,123,79,28,8,116,116,41,11,60,18,88006.0,0.0,78006.0,0,78006.0,0.0,0,78006.0,8,,4
26,6,20609.0,0.0,0,0.0,0.0,0.0,0.0,0.0,0.0,0.0,0,266263.0,266263.0,19,20,1,208766,245654,36888,266263.0,12000,42000.0,308263.0,62609.0,10,100000.0,1,12,22,2,1,-2649.0,0,279.25,93,74,167,271375.0,0.6565900875245324,0.5379625800573915,4.391891891891892,3.0,0.7956989247311828,147,93,32,9,141,141,45,17,74,22,32609.0,0.0,20609.0,0,20609.0,0.0,0,20609.0,12,1,5
26,7,89830.0,0.0,0,0.0,0.0,0.0,0.0,0.0,0.0,0.0,0,365764.0,365764.0,16,20,4,219129,275934,56805,365764.0,14000,56000.0,421764.0,145830.0,10,100000.0,2,13,23,2,1,-2649.0,0,317.25,108,92,200,364959.0,0.6690520795378944,0.6062457514207249,5.260869565217392,3.5,0.8518518518518519,169,108,37,9,168,168,49,20,92,23,103830.0,0.0,89830.0,0,89830.0,0.0,0,89830.0,13,2,7
26,8,32933.0,0.0,0,0.0,0.0,0.0,0.0,0.0,0.0,0.0,0,425486.0,425486.0,20,20,0,273077,392553,119476,425486.0,16000,72000.0,497486.0,104933.0,10,100000.0,3,23,33,2,1,-2649.0,0,310.75,120,100,220,378010.0,0.652495315509816,0.5432805822133383,5.28,3.5,0.8333333333333334,200,120,43,11,184,184,56,21,100,33,48933.0,0.0,32933.0,0,32933.0,0.0,0,32933.0,23,3,7
26,9,124261.0,0.0,0,0.0,0.0,0.0,0.0,0.0,0.0,0.0,0,402098.0,402098.0,16,20,4,228221,277837,49616,402098.0,18000,90000.0,492098.0,214261.0,10,100000.0,3,27,37,2,1,-2649.0,0,317.75,129,113,242,442482.0,0.640190987512891,0.5387350774701549,5.522123893805309,3,0.875968992248062,219,129,45,15,212,212,62,30,113,37,142261.0,0.0,124261.0,0,124261.0,0.0,0,124261.0,27,3,7
26,10,244247.0,0.0,0,0.0,0.0,0.0,0.0,0.0,0.0,0.0,0,582914.0,582914.0,20,20,0,208829,338667,129838,582914.0,20000,110000.0,692914.0,354247.0,10,100000.0,4,28,38,2,1,-2649.0,0,341.75,145,125,270,563076.0,0.6292834242940837,0.5387350774701549,5.864,3,0.8620689655172413,240,145,47,16,239,239,68,34,125,38,264247.0,0.0,244247.0,0,244247.0,0.0,0,244247.0,28,4,12
26,11,172309.0,0.0,0,0.0,0.0,0.0,0.0,0.0,0.0,0.0,0,767831.0,767831.0,17,20,3,334971,595522,260551,767831.0,22000,132000.0,899831.0,304309.0,10,100000.0,4,28,38,2,1,-2649.0,0,335.75,156,139,295,639280.0,0.6462160147697017,0.5387350774701549,6.517985611510792,4,0.8910256410256411,258,156,51,19,270,270,76,41,139,38,194309.0,0.0,172309.0,0,172309.0,0.0,0,172309.0,28,4,14
26,12,367677.0,0.0,0,0.0,0.0,0.0,0.0,0.0,0.0,0.0,0,813600.0,813600.0,17,20,3,344062,445923,101861,813600.0,24000,156000.0,969600.0,523677.0,10,100000.0,4,30,40,2,1,-2649.0,0,367.25,173,156,329,867739.0,0.6450335441155675,0.5589324987311791,6.493589743589744,3.0,0.9017341040462428,282,173,55,20,301,301,85,46,156,40,391677.0,0.0,367677.0,0,367677.0,0.0,0,367677.0,30,4,14
27,1,34519.0,0.0,0,0.0,0.0,0.0,0.0,0.0,0.0,0.0,0,141503.0,141503.0,7,10,3,86559,106984,20425,141503.0,2000,2000.0,143503.0,36519.0,0,0.0,0,0,0,0,0,34519.0,0,47.0,17,10,27,23078.0,0.5718241106520063,0.5999048323635958,0.9,1.0,0.5882352941176471,25,17,3,5,23,23,9,4,10,,36519.0,0.0,34519.0,0,34519.0,0.0,0,34519.0,,,
27,2,125926.0,0.0,0,0.0,0.0,0.0,0.0,0.0,0.0,0.0,0,186888.0,186888.0,8,10,2,54118,60962,6844,186888.0,4000,6000.0,192888.0,131926.0,0,0.0,0,0,0,0,0,6784.0,0,111.25,34,26,60,86044.0,0.6759205091978211,0.6833691243140062,2.1538461538461537,1.5,0.7647058823529411,48,34,7,7,48,48,15,5,26,,129926.0,0.0,125926.0,0,125926.0,0.0,0,125926.0,,,2
27,3,62258.0,0.0,0,0.0,0.0,0.0,0.0,0.0,0.0,0.0,0,213705.0,213705.0,9,11,2,118555,151447,32892,213705.0,6000,12000.0,225705.0,74258.0,1,10000.0,0,0,1,0,0,6784.0,0,142.5,49,40,89,102813.0,0.6256594436498295,0.6138020833333333,2.475,2.0,0.8163265306122449,73,49,15,9,73,73,18,10,40,1,68258.0,0.0,62258.0,0,62258.0,0.0,0,62258.0,,,5
27,4,292.0,0.0,0,0.0,0.0,0.0,0.0,0.0,0.0,0.0,0,193885.0,193885.0,14,15,1,176160,193593,17433,193885.0,8000,20000.0,213885.0,20292.0,5,50000.0,1,2,7,0,0,292.0,0,209.25,69,55,124,146452.0,0.6231998651821198,0.6666666666666666,2.890909090909091,2,0.7971014492753623,100,69,17,11,95,95,19,14,55,7,8292.0,0.0,292.0,0,292.0,0.0,0,292.0,2,1,7
27,5,95775.0,0.0,0,0.0,0.0,0.0,0.0,0.0,0.0,0.0,0,207141.0,207141.0,14,16,2,100712,111366,10654,207141.0,10000,30000.0,237141.0,125775.0,6,60000.0,3,2,8,0,0,292.0,0,203.25,78,64,142,186487.0,0.5989106991203484,0.530337791382923,3.125,2.5,0.8205128205128205,123,78,23,17,122,122,32,18,64,8,105775.0,0.0,95775.0,0,95775.0,0.0,0,95775.0,2,3,8
27,6,104395.0,0.0,0,0.0,0.0,0.0,0.0,0.0,0.0,0.0,0,252355.0,252355.0,15,19,4,127550,147960,20410,252355.0,12000,42000.0,294355.0,146395.0,9,90000.0,3,2,11,0,0,292.0,0,251.25,93,78,171,263945.0,0.6263434965161189,0.6666666666666666,3.423076923076923,2.5,0.8387096774193549,147,93,30,19,145,145,34,24,78,11,116395.0,0.0,104395.0,0,104395.0,0.0,0,104395.0,2,3,9
27,7,67342.0,0.0,0,0.0,0.0,0.0,0.0,0.0,0.0,0.0,0,313592.0,313592.0,20,20,0,202302,246250,43948,313592.0,14000,56000.0,369592.0,123342.0,10,100000.0,3,4,14,0,0,292.0,0,260.5,111,91,202,325644.0,0.5964778965065469,0.49973808276584597,3.4725274725274726,2,0.8198198198198198,176,111,35,23,165,165,37,28,91,14,81342.0,0.0,67342.0,0,67342.0,0.0,0,67342.0,4,3,9
27,8,274937.0,0.0,0,0.0,0.0,0.0,0.0,0.0,0.0,0.0,0,368032.0,368032.0,16,20,4,93783,93095,-688,368032.0,16000,72000.0,440032.0,346937.0,10,100000.0,3,4,14,0,0,292.0,0,282.0,124,108,232,440720.0,0.6145039294080449,0.5186053051191868,4.037037037037037,3.0,0.8709677419354839,197,124,42,24,192,192,40,34,108,14,290937.0,0.0,274937.0,0,274937.0,0.0,0,274937.0,4,3,10
27,9,119677.0,0.0,0,0.0,0.0,0.0,0.0,0.0,0.0,0.0,0,444310.0,444310.0,20,20,0,266622,324633,58011,444310.0,18000,90000.0,534310.0,209677.0,10,100000.0,3,9,19,0,0,292.0,0,303.0,139,119,258,476299.0,0.629610173297766,0.5374725274725275,4.411764705882353,3,0.8561151079136691,223,139,46,26,213,213,42,40,119,19,137677.0,0.0,119677.0,0,119677.0,0.0,0,119677.0,9,3,12
27,10,525492.0,0.0,0,0.0,0.0,0.0,0.0,0.0,0.0,0.0,0,580022.0,580022.0,13,20,7,35938,54530,18592,580022.0,20000,110000.0,690022.0,635492.0,10,100000.0,3,10,20,0,0,292.0,0,330.0,152,139,291,671430.0,0.6464607278781642,0.49973808276584597,5.079136690647482,3,0.9144736842105263,242,152,51,26,242,242,43,46,139,20,545492.0,0.0,525492.0,0,525492.0,0.0,0,525492.0,10,3,14
27,11,479716.0,0.0,0,0.0,0.0,0.0,0.0,0.0,0.0,0.0,0,608546.0,608546.0,14,20,6,114982,128830,13848,608546.0,22000,132000.0,740546.0,611716.0,10,100000.0,3,10,20,0,0,292.0,0,342.0,169,155,324,726698.0,0.6431928780463168,0.47520661157024796,5.109677419354838,3,0.9171597633136095,268,169,57,29,267,267,43,52,155,20,501716.0,0.0,479716.0,0,479716.0,0.0,0,479716.0,10,3,17
27,12,446327.0,0.0,0,0.0,0.0,0.0,0.0,0.0,0.0,0.0,0,694176.0,694176.0,17,20,3,170485,247849,77364,694176.0,24000,156000.0,850176.0,602327.0,10,100000.0,3,10,20,0,0,292.0,0,353.5,182,165,347,772812.0,0.6298685370205815,0.44612900331927874,5.2,3,0.9065934065934066,286,182,60,31,297,297,54,60,165,20,470327.0,0.0,446327.0,0,446327.0,0.0,0,446327.0,10,3,18
28,1,103294.0,0.0,0,0.0,0.0,0.0,0.0,0.0,0.0,0.0,0,114142.0,114142.0,1,10,9,5424,10848,5424,114142.0,2000,2000.0,116142.0,105294.0,0,0.0,0,0,0,0,0,90181.0,0,58.0,13,12,25,10718.0,0.49255485174168506,0.27794173377858944,1.5,1.0,0.9230769230769231,19,13,4,2,30,30,15,2,12,,105294.0,0.0,103294.0,0,103294.0,0.0,0,103294.0,,,1
28,2,48528.0,0.0,0,0.0,0.0,0.0,0.0,0.0,0.0,0.0,0,172294.0,172294.0,9,10,1,75570,123766,48196,172294.0,4000,6000.0,178294.0,54528.0,0,0.0,0,0,0,0,0,26230.0,0,103.0,28,19,47,30098.0,0.5300721545812686,0.4375,1.5789473684210527,1,0.6785714285714286,47,28,17,2,48,48,25,3,19,,52528.0,0.0,48528.0,0,48528.0,0.0,0,48528.0,,,1
28,3,47509.0,0.0,0,0.0,0.0,0.0,0.0,0.0,0.0,0.0,0,178847.0,178847.0,13,16,3,97621,131338,33717,178847.0,6000,12000.0,190847.0,59509.0,6,60000.0,1,2,8,0,0,3821.0,0,142.25,43,30,73,117130.0,0.5619023798418216,0.46880021088572005,2.1,1.0,0.6976744186046512,68,43,19,3,73,73,31,9,30,8,53509.0,0.0,47509.0,0,47509.0,0.0,0,47509.0,2,1,3
28,4,42398.0,0.0,0,0.0,0.0,0.0,0.0,0.0,0.0,0.0,0,217511.0,217511.0,14,16,2,149164,175113,25949,217511.0,8000,20000.0,237511.0,62398.0,6,60000.0,1,2,8,0,0,3821.0,0,187.5,58,44,102,171562.0,0.5511014550861457,0.49116510864618745,2.9545454545454546,2.0,0.7586206896551724,89,58,25,3,99,99,36,13,44,8,50398.0,0.0,42398.0,0,42398.0,0.0,0,42398.0,2,1,6
28,5,142591.0,0.0,0,0.0,0.0,0.0,0.0,0.0,0.0,0.0,0,263549.0,263549.0,15,17,2,93693,120958,27265,263549.0,10000,30000.0,293549.0,172591.0,7,70000.0,6,8,15,0,0,3821.0,0,220.25,70,55,125,236284.0,0.5695832227919096,0.48222979552093476,3.8,2,0.7857142857142857,118,70,31,3,121,121,42,16,55,15,152591.0,0.0,142591.0,0,142591.0,0.0,0,142591.0,8,6,8
28,6,171298.0,0.0,0,0.0,0.0,0.0,0.0,0.0,0.0,0.0,0,264094.0,264094.0,18,20,2,77337,92796,15459,264094.0,12000,42000.0,306094.0,213298.0,10,100000.0,6,8,18,0,0,3821.0,0,262.0,88,70,158,290635.0,0.5854595430593627,0.49116510864618745,4.3428571428571425,2.0,0.7954545454545454,140,88,32,6,146,146,46,20,70,18,183298.0,0.0,171298.0,0,171298.0,0.0,0,171298.0,8,6,10
28,7,179981.0,0.0,0,0.0,0.0,0.0,0.0,0.0,0.0,0.0,0,291884.0,291884.0,19,20,1,103886,111903,8017,291884.0,14000,56000.0,347884.0,235981.0,10,100000.0,6,18,28,0,0,3821.0,0,258.0,100,81,181,339867.0,0.5635436583978205,0.4375,4.185185185185185,2,0.81,169,100,36,9,165,165,51,23,81,28,193981.0,0.0,179981.0,0,179981.0,0.0,0,179981.0,18,6,10
28,8,243069.0,0.0,0,0.0,0.0,0.0,0.0,0.0,0.0,0.0,0,346905.0,346905.0,15,20,5,66765,103836,37071,346905.0,16000,72000.0,418905.0,315069.0,10,100000.0,6,22,32,0,0,3821.0,0,278.5,112,97,209,381834.0,0.574537205948936,0.4375,4.762886597938144,2,0.8660714285714286,189,112,39,10,193,193,60,26,97,32,259069.0,0.0,243069.0,0,243069.0,0.0,0,243069.0,22,6,10
28,9,255746.0,0.0,0,0.0,0.0,0.0,0.0,0.0,0.0,0.0,0,366283.0,366283.0,16,20,4,86196,110537,24341,366283.0,18000,90000.0,456283.0,345746.0,10,100000.0,6,22,32,0,0,3821.0,0,288.5,124,108,232,431942.0,0.5530918890705288,0.40966111069837685,4.777777777777778,2.0,0.8709677419354839,212,124,48,12,219,219,67,32,108,32,273746.0,0.0,255746.0,0,255746.0,0.0,0,255746.0,22,6,12
28,10,178460.0,0.0,0,0.0,0.0,0.0,0.0,0.0,0.0,0.0,0,416635.0,416635.0,18,20,2,193180,238175,44995,416635.0,20000,110000.0,526635.0,288460.0,10,100000.0,6,24,34,0,0,3821.0,0,320.5,140,122,262,481640.0,0.5826297619353983,0.45986489776046735,4.729508196721311,2.0,0.8714285714285714,235,140,53,12,247,247,69,41,122,34,198460.0,0.0,178460.0,0,178460.0,0.0,0,178460.0,24,6,15
28,11,244519.0,0.0,0,0.0,0.0,0.0,0.0,0.0,0.0,0.0,0,436043.0,436043.0,19,20,1,175322,191524,16202,436043.0,22000,132000.0,568043.0,376519.0,10,100000.0,6,28,38,0,0,3821.0,0,333.0,153,134,287,551841.0,0.5820088750476493,0.43125,4.656716417910448,2.0,0.8758169934640523,257,153,57,13,273,273,70,52,134,38,266519.0,0.0,244519.0,0,244519.0,0.0,0,244519.0,28,6,17
28,12,353097.0,0.0,0,0.0,0.0,0.0,0.0,0.0,0.0,0.0,0,502399.0,502399.0,19,20,1,95815,149302,53487,502399.0,24000,156000.0,658399.0,509097.0,10,100000.0,6,43,53,0,0,3821.0,0,326.0,161,142,303,604912.0,0.5824509949773113,0.42430237877401644,5.253521126760563,3.0,0.8819875776397516,285,161,61,14,292,292,72,59,142,53,377097.0,0.0,353097.0,0,353097.0,0.0,0,353097.0,43,6,19
29,1,52806.0,0.0,0,0.0,0.0,0.0,0.0,0.0,0.0,0.0,0,112537.0,112537.0,6,10,4,55637,59731,4094,112537.0,2000,2000.0,114537.0,54806.0,0,0.0,1,0,0,0,0,45812.0,0,34.0,17,11,28,10443.0,0.3439028663913154,0.2750230982445334,1.2727272727272727,1,0.6470588235294118,26,17,3,5,22,22,10,1,11,,54806.0,0.0,52806.0,0,52806.0,0.0,0,52806.0,,1,
29,2,110154.0,0.0,0,0.0,0.0,0.0,0.0,0.0,0.0,0.0,0,135027.0,135027.0,12,12,0,16892,24873,7981,135027.0,4000,6000.0,141027.0,116154.0,2,20000.0,1,4,6,0,0,4075.0,0,84.0,33,21,54,53046.0,0.3585499960268841,0.2502507522567703,1.9523809523809523,1,0.6363636363636364,55,33,9,8,41,41,17,3,21,6,114154.0,0.0,110154.0,0,110154.0,0.0,0,110154.0,4,1,
29,3,9905.0,0.0,0,0.0,0.0,0.0,0.0,0.0,0.0,0.0,0,102569.0,102569.0,15,17,2,77654,92664,15010,102569.0,6000,12000.0,114569.0,21905.0,7,70000.0,2,5,12,0,0,4075.0,0,148.0,51,36,87,69559.0,0.6650425325574514,0.2938992143205046,2.75,2.0,0.7058823529411765,79,51,11,10,66,66,19,8,36,12,15905.0,0.0,9905.0,0,9905.0,0.0,0,9905.0,5,2,3
29,4,14717.0,0.0,0,0.0,0.0,0.0,0.0,0.0,0.0,0.0,0,109674.0,109674.0,16,19,3,80392,94957,14565,109674.0,8000,20000.0,129674.0,34717.0,9,90000.0,6,5,14,0,0,109.0,0,183.75,69,53,122,105109.0,0.6396734044293368,0.375,2.8679245283018866,2,0.7681159420289855,109,69,14,15,88,88,22,10,53,14,22717.0,0.0,14717.0,0,14717.0,0.0,0,14717.0,5,6,3
29,5,-3726.0,0.0,0,0.0,0.0,0.0,0.0,0.0,0.0,0.0,0,132965.0,132965.0,19,19,0,118794,136691,17897,132965.0,10000,30000.0,162965.0,26274.0,9,90000.0,13,5,14,1,1,-3726.0,1,222.0,83,64,147,135068.0,0.6972681110053115,0.3750158911772184,3.671875,2.0,0.7710843373493976,134,83,17,16,111,111,24,18,64,14,6274.0,0.0,-3726.0,0,-3726.0,0.0,0,-3726.0,5,13,5
29,6,86755.0,0.0,0,0.0,0.0,0.0,0.0,0.0,0.0,0.0,0,141610.0,141610.0,14,19,5,57573,54855,-2718,141610.0,12000,42000.0,183610.0,128755.0,9,90000.0,14,8,17,2,1,-3726.0,0,248.25,92,78,170,176328.0,0.7180610075987454,0.41949808455214255,4.410256410256411,3.0,0.8478260869565217,153,92,22,17,138,138,29,25,78,17,98755.0,0.0,86755.0,0,86755.0,0.0,0,86755.0,8,14,6
29,7,86913.0,0.0,0,0.0,0.0,0.0,0.0,0.0,0.0,0.0,0,176865.0,176865.0,13,19,6,72803,89952,17149,176865.0,14000,56000.0,232865.0,142913.0,9,90000.0,14,8,17,2,1,-3726.0,0,266.75,107,94,201,205716.0,0.7015615178788027,0.4289832790712809,5.382978723404255,3.0,0.8785046728971962,175,107,27,19,161,161,30,29,94,17,100913.0,0.0,86913.0,0,86913.0,0.0,0,86913.0,8,14,8
29,8,148459.0,0.0,0,0.0,0.0,0.0,0.0,0.0,0.0,0.0,0,218479.0,218479.0,13,19,6,51291,70020,18729,218479.0,16000,72000.0,290479.0,220459.0,9,90000.0,15,8,17,2,1,-3726.0,0,293.25,126,113,239,261750.0,0.6751452099818964,0.4318181818181818,5.716814159292035,3,0.8968253968253969,200,126,30,21,188,188,36,30,113,17,164459.0,0.0,148459.0,0,148459.0,0.0,0,148459.0,8,15,9
29,9,58359.0,0.0,0,0.0,0.0,0.0,0.0,0.0,0.0,0.0,0,258491.0,258491.0,20,20,0,177153,200132,22979,258491.0,18000,90000.0,348491.0,148359.0,10,100000.0,15,14,24,2,1,-3726.0,0,325.75,145,125,270,325512.0,0.6737628831191078,0.4318181818181818,5.408,3,0.8620689655172413,231,145,36,21,209,209,40,35,125,24,76359.0,0.0,58359.0,0,58359.0,0.0,0,58359.0,14,15,9
29,10,254771.0,0.0,0,0.0,0.0,0.0,0.0,0.0,0.0,0.0,0,341582.0,341582.0,13,20,7,76760,86811,10051,341582.0,20000,110000.0,451582.0,364771.0,10,100000.0,15,17,27,2,1,-3726.0,0,333.75,157,144,301,441531.0,0.6748542185620607,0.4397769658394851,5.520833333333333,3.0,0.9171974522292994,256,157,42,25,230,230,40,36,144,27,274771.0,0.0,254771.0,0,254771.0,0.0,0,254771.0,17,15,10
29,11,199227.0,0.0,0,0.0,0.0,0.0,0.0,0.0,0.0,0.0,0,353109.0,353109.0,19,20,1,133190,153882,20692,353109.0,22000,132000.0,485109.0,331227.0,10,100000.0,15,18,28,2,1,-3726.0,0,362.75,177,158,335,464417.0,0.6530873274901446,0.4322184324098566,5.405063291139241,3.0,0.8926553672316384,283,177,46,27,252,252,45,39,158,28,221227.0,0.0,199227.0,0,199227.0,0.0,0,199227.0,18,15,10
29,12,276130.0,0.0,0,0.0,0.0,0.0,0.0,0.0,0.0,0.0,0,378022.0,378022.0,16,20,4,87651,101892,14241,378022.0,24000,156000.0,534022.0,432130.0,10,100000.0,15,25,35,2,1,-3726.0,0,388.25,190,174,364,519781.0,0.6540472559018581,0.4397769658394851,5.35632183908046,3.0,0.9157894736842105,306,190,48,28,278,278,48,46,174,35,300130.0,0.0,276130.0,0,276130.0,0.0,0,276130.0,25,15,10
30,1,53392.0,0.0,0,0.0,0.0,0.0,0.0,0.0,0.0,0.0,0,157115.0,157115.0,7,10,3,64149,103723,39574,157115.0,2000,2000.0,159115.0,55392.0,0,0.0,2,0,0,0,0,13639.0,0,80.0,19,12,31,19541.0,0.3918095766218124,0.2907090063603247,1.5833333333333333,1.0,0.631578947368421,27,19,5,1,23,23,9,2,12,,55392.0,0.0,53392.0,0,53392.0,0.0,0,53392.0,,2,
30,2,113530.0,0.0,0,0.0,0.0,0.0,0.0,0.0,0.0,0.0,0,252922.0,252922.0,9,10,1,85435,139392,53957,252922.0,4000,6000.0,258922.0,119530.0,0,0.0,2,1,1,0,0,5769.0,0,138.0,36,27,63,104965.0,0.4394252669860623,0.2745762711864407,1.6296296296296295,1,0.75,52,36,10,3,45,45,13,5,27,1,117530.0,0.0,113530.0,0,113530.0,0.0,0,113530.0,1,2,
30,3,121674.0,0.0,0,0.0,0.0,0.0,0.0,0.0,0.0,0.0,0,319619.0,319619.0,10,12,2,124906,197945,73039,319619.0,6000,12000.0,331619.0,133674.0,2,20000.0,2,1,3,0,0,5769.0,0,182.0,52,42,94,178580.0,0.4873942390622008,0.3006268757712745,2.5952380952380953,2.0,0.8076923076923077,74,52,14,5,70,70,17,6,42,3,127674.0,0.0,121674.0,0,121674.0,0.0,0,121674.0,1,2,5
30,4,247434.0,0.0,0,0.0,0.0,0.0,0.0,0.0,0.0,0.0,0,363795.0,363795.0,7,13,6,75278,116361,41083,363795.0,8000,20000.0,383795.0,267434.0,3,30000.0,2,1,4,0,0,5769.0,0,205.25,63,56,119,272712.0,0.4935368733948033,0.30113648105835966,2.732142857142857,2.0,0.8888888888888888,97,63,24,7,96,96,23,9,56,4,255434.0,0.0,247434.0,0,247434.0,0.0,0,247434.0,1,2,8
30,5,47701.0,0.0,0,0.0,0.0,0.0,0.0,0.0,0.0,0.0,0,461223.0,461223.0,13,14,1,298654,413522,114868,461223.0,10000,30000.0,491223.0,77701.0,4,40000.0,2,1,5,0,0,5769.0,0,255.0,81,68,149,316355.0,0.4586355457741267,0.2844941405973905,3.073529411764706,2.0,0.8395061728395061,120,81,28,8,124,124,33,13,68,5,57701.0,0.0,47701.0,0,47701.0,0.0,0,47701.0,1,2,10
30,6,155370.0,0.0,0,0.0,0.0,0.0,0.0,0.0,0.0,0.0,0,416785.0,416785.0,17,18,1,213055,261415,48360,416785.0,12000,42000.0,458785.0,197370.0,8,80000.0,2,1,9,0,0,5769.0,0,279.5,97,80,177,390425.0,0.4691374643229273,0.2949216152954254,3.25,2.0,0.8247422680412371,141,97,31,10,148,148,33,22,80,9,167370.0,0.0,155370.0,0,155370.0,0.0,0,155370.0,1,2,13
30,7,142280.0,0.0,0,0.0,0.0,0.0,0.0,0.0,0.0,0.0,0,491531.0,491531.0,16,19,3,270245,349251,79006,491531.0,14000,56000.0,547531.0,198280.0,9,90000.0,2,1,10,0,0,5769.0,0,286.5,111,95,206,458525.0,0.4751608609502594,0.31212121212121213,3.6210526315789475,2,0.8558558558558559,165,111,37,14,176,176,35,27,95,10,156280.0,0.0,142280.0,0,142280.0,0.0,0,142280.0,1,2,19
30,8,308246.0,0.0,0,0.0,0.0,0.0,0.0,0.0,0.0,0.0,0,522173.0,522173.0,12,19,7,180351,213927,33576,522173.0,16000,72000.0,594173.0,380246.0,9,90000.0,2,1,10,0,0,5769.0,0,309.5,123,111,234,550597.0,0.5122209876918452,0.3263157894736842,3.7567567567567566,2,0.9024390243902439,184,123,43,15,205,205,42,33,111,10,324246.0,0.0,308246.0,0,308246.0,0.0,0,308246.0,1,2,19
30,9,176650.0,0.0,0,0.0,0.0,0.0,0.0,0.0,0.0,0.0,0,554070.0,554070.0,20,20,0,352030,377420,25390,554070.0,18000,90000.0,644070.0,266650.0,10,100000.0,2,6,16,0,0,5769.0,0,331.5,140,120,260,618680.0,0.5250581291759163,0.35689418372170123,3.7416666666666667,2.0,0.8571428571428571,209,140,45,16,228,228,47,42,120,16,194650.0,0.0,176650.0,0,176650.0,0.0,0,176650.0,6,2,19
30,10,354253.0,0.0,0,0.0,0.0,0.0,0.0,0.0,0.0,0.0,0,643468.0,643468.0,14,20,6,277674,289215,11541,643468.0,20000,110000.0,753468.0,464253.0,10,100000.0,2,9,19,0,0,5769.0,0,346.0,153,139,292,741927.0,0.5100240588268474,0.31291547958214627,4.16546762589928,2,0.9084967320261438,236,153,53,19,252,252,47,44,139,19,374253.0,0.0,354253.0,0,354253.0,0.0,0,354253.0,9,2,22
30,11,310442.0,0.0,0,0.0,0.0,0.0,0.0,0.0,0.0,0.0,0,668096.0,668096.0,20,20,0,347978,357654,9676,668096.0,22000,132000.0,800096.0,442442.0,10,100000.0,2,17,27,0,0,5769.0,0,383.0,171,151,322,790420.0,0.5105222170174936,0.31291547958214627,4.317880794701987,2,0.8830409356725146,264,171,54,20,272,272,47,49,151,27,332442.0,0.0,310442.0,0,310442.0,0.0,0,310442.0,17,2,25
30,12,304795.0,0.0,0,0.0,0.0,0.0,0.0,0.0,0.0,0.0,0,795085.0,795085.0,19,20,1,386103,490290,104187,795085.0,24000,156000.0,951085.0,460795.0,10,100000.0,2,23,33,0,0,5769.0,0,391.5,183,164,347,846898.0,0.5239030334926627,0.35689418372170123,4.237804878048781,2.0,0.8961748633879781,291,183,62,21,295,295,50,53,164,33,328795.0,0.0,304795.0,0,304795.0,0.0,0,304795.0,23,2,28
31,1,14573.0,0.0,0,0.0,0.0,0.0,0.0,0.0,0.0,0.0,0,146714.0,146714.0,10,12,2,88617,132141,43524,146714.0,2000,2000.0,148714.0,16573.0,2,20000.0,0,1,3,0,0,6134.0,0,73.0,17,7,24,25190.0,0.5306187972887936,0.30669546436285094,0.8571428571428571,1,0.4117647058823529,26,17,8,,22,22,11,4,7,3,16573.0,0.0,14573.0,0,14573.0,0.0,0,14573.0,1,,
31,2,68846.0,0.0,0,0.0,0.0,0.0,0.0,0.0,0.0,0.0,0,224638.0,224638.0,9,12,3,97470,155792,58322,224638.0,4000,6000.0,230638.0,74846.0,2,20000.0,0,1,3,0,0,6134.0,0,127.25,32,23,55,92316.0,0.552591248759969,0.29731925264013,2.739130434782609,1,0.71875,50,32,15,2,46,46,18,5,23,3,72846.0,0.0,68846.0,0,68846.0,0.0,0,68846.0,1,,
31,3,60890.0,0.0,0,0.0,0.0,0.0,0.0,0.0,0.0,0.0,0,265753.0,265753.0,12,12,0,143727,204863,61136,265753.0,6000,12000.0,277753.0,72890.0,2,20000.0,0,1,3,0,0,6134.0,0,150.5,45,33,78,136617.0,0.5860936917407006,0.31057268722466963,3.3333333333333335,1,0.7333333333333333,68,45,19,3,78,78,30,13,33,3,66890.0,0.0,60890.0,0,60890.0,0.0,0,60890.0,1,,2
31,4,-2992.0,0.0,0,0.0,0.0,0.0,0.0,0.0,0.0,0.0,0,382244.0,382244.0,14,15,1,229231,385236,156005,382244.0,8000,20000.0,402244.0,17008.0,5,50000.0,3,2,7,1,1,-2992.0,1,179.75,62,48,110,196239.0,0.5548031281098019,0.31708116911699974,3.2708333333333335,1.0,0.7741935483870968,99,62,25,7,97,97,31,15,48,7,5008.0,0.0,-2992.0,0,-2992.0,0.0,0,-2992.0,2,3,3
31,5,158213.0,0.0,0,0.0,0.0,0.0,0.0,0.0,0.0,0.0,0,441109.0,441109.0,12,15,3,158733,282896,124163,441109.0,10000,30000.0,471109.0,188213.0,5,50000.0,7,2,7,1,1,-2992.0,0,202.0,75,63,138,296946.0,0.6180147300121279,0.43719806763285024,4.253968253968254,2,0.84,124,75,31,9,124,124,33,22,63,7,168213.0,0.0,158213.0,0,158213.0,0.0,0,158213.0,2,7,6
31,6,207169.0,0.0,0,0.0,0.0,0.0,0.0,0.0,0.0,0.0,0,424531.0,424531.0,16,20,4,150931,217362,66431,424531.0,12000,42000.0,466531.0,249169.0,10,100000.0,7,7,17,1,1,-2992.0,0,224.5,91,75,166,400100.0,0.6046049460571976,0.4477234401349072,4.533333333333333,2,0.8241758241758241,154,91,39,10,143,143,34,28,75,17,219169.0,0.0,207169.0,0,207169.0,0.0,0,207169.0,7,7,6
31,7,213923.0,0.0,0,0.0,0.0,0.0,0.0,0.0,0.0,0.0,0,538079.0,538079.0,19,20,1,218287,324156,105869,538079.0,14000,56000.0,594079.0,269923.0,10,100000.0,7,11,21,1,1,-2992.0,0,268.75,108,89,197,488210.0,0.6298351497378643,0.45230439442658094,4.629213483146067,3,0.8240740740740741,178,108,41,11,165,165,35,35,89,21,227923.0,0.0,213923.0,0,213923.0,0.0,0,213923.0,11,7,6
31,8,388624.0,0.0,0,0.0,0.0,0.0,0.0,0.0,0.0,0.0,0,642421.0,642421.0,17,20,3,184558,253797,69239,642421.0,16000,72000.0,714421.0,460624.0,10,100000.0,7,11,21,1,1,-2992.0,0,305.75,126,109,235,645182.0,0.6457872090476511,0.6170752324598479,4.284403669724771,3,0.8650793650793651,202,126,43,15,189,189,38,36,109,21,404624.0,0.0,388624.0,0,388624.0,0.0,0,388624.0,11,7,6
31,9,168275.0,0.0,0,0.0,0.0,0.0,0.0,0.0,0.0,0.0,0,657886.0,657886.0,20,20,0,435702,489611,53909,657886.0,18000,90000.0,747886.0,258275.0,10,100000.0,7,16,26,1,1,-2992.0,0,318.75,139,119,258,693977.0,0.6574821850543047,0.6663941128372853,4.428571428571429,2,0.8561151079136691,228,139,50,16,214,214,46,43,119,26,186275.0,0.0,168275.0,0,168275.0,0.0,0,168275.0,16,7,6
31,10,340367.0,0.0,0,0.0,0.0,0.0,0.0,0.0,0.0,0.0,0,781230.0,781230.0,20,20,0,318487,440863,122376,781230.0,20000,110000.0,891230.0,450367.0,10,100000.0,7,18,28,1,1,-2992.0,0,332.25,153,133,286,768854.0,0.6355596079240471,0.518341307814992,4.879699248120301,3,0.869281045751634,255,153,60,17,237,237,51,47,133,28,360367.0,0.0,340367.0,0,340367.0,0.0,0,340367.0,18,7,6
31,11,504462.0,0.0,0,0.0,0.0,0.0,0.0,0.0,0.0,0.0,0,824472.0,824472.0,18,20,2,268396,320010,51614,824472.0,22000,132000.0,956472.0,636462.0,10,100000.0,7,18,28,1,1,-2992.0,0,355.25,169,151,320,904858.0,0.6819577085508225,0.518341307814992,5.7218543046357615,3,0.893491124260355,280,169,67,19,258,258,53,48,151,28,526462.0,0.0,504462.0,0,504462.0,0.0,0,504462.0,18,7,6
31,12,409348.0,0.0,0,0.0,0.0,0.0,0.0,0.0,0.0,0.0,0,1003331.0,1003331.0,19,20,1,420318,593983,173665,1003331.0,24000,156000.0,1159331.0,565348.0,10,100000.0,7,19,29,1,1,-2992.0,0,364.75,186,167,353,985666.0,0.664830559948114,0.4477234401349072,5.934131736526946,3,0.8978494623655914,305,186,71,22,282,282,54,55,167,29,433348.0,0.0,409348.0,0,409348.0,0.0,0,409348.0,19,7,6
32,1,14537.0,0.0,0,0.0,0.0,0.0,0.0,0.0,0.0,0.0,0,107106.0,107106.0,10,12,2,77003,92569,15566,107106.0,2000,2000.0,109106.0,16537.0,2,20000.0,0,0,2,0,0,14537.0,0,54.0,18,8,26,13540.0,0.5638106665203776,0.3750558534405719,1.25,1.5,0.4444444444444444,29,18,10,1,20,20,8,2,8,2,16537.0,0.0,14537.0,0,14537.0,0.0,0,14537.0,,,2
32,2,73163.0,0.0,0,0.0,0.0,0.0,0.0,0.0,0.0,0.0,0,142535.0,142535.0,11,12,1,60625,69372,8747,142535.0,4000,6000.0,148535.0,79163.0,2,20000.0,1,0,2,0,0,13793.0,0,82.0,28,17,45,59788.0,0.6224264780235427,0.37511170688114387,2.764705882352941,2,0.6071428571428571,49,28,19,1,48,48,15,13,17,2,77163.0,0.0,73163.0,0,73163.0,0.0,0,73163.0,,1,3
32,3,108733.0,0.0,0,0.0,0.0,0.0,0.0,0.0,0.0,0.0,0,172515.0,172515.0,12,15,3,52721,63782,11061,172515.0,6000,12000.0,184515.0,120733.0,5,50000.0,2,1,6,0,0,8586.0,0,121.0,43,31,74,123454.0,0.6361637029784974,0.48682140984700445,2.774193548387097,2,0.7209302325581395,74,43,26,2,72,72,18,19,31,6,114733.0,0.0,108733.0,0,108733.0,0.0,0,108733.0,1,2,4
32,4,3992.0,0.0,0,0.0,0.0,0.0,0.0,0.0,0.0,0.0,0,146894.0,146894.0,20,20,0,110084,142902,32818,146894.0,8000,20000.0,166894.0,23992.0,10,100000.0,2,5,15,0,0,3992.0,0,171.75,61,41,102,134076.0,0.5997987654542702,0.48682140984700445,3.5853658536585367,2,0.6721311475409836,104,61,31,5,93,93,18,29,41,15,11992.0,0.0,3992.0,0,3992.0,0.0,0,3992.0,5,2,5
32,5,47144.0,0.0,0,0.0,0.0,0.0,0.0,0.0,0.0,0.0,0,202849.0,202849.0,20,20,0,101382,155705,54323,202849.0,10000,30000.0,232849.0,77144.0,10,100000.0,5,13,23,0,0,1513.0,0,198.5,73,53,126,178526.0,0.616051832393475,0.48148148148148145,4.735849056603773,3,0.726027397260274,132,73,34,7,115,115,18,36,53,23,57144.0,0.0,47144.0,0,47144.0,0.0,0,47144.0,13,5,8
32,6,159157.0,0.0,0,0.0,0.0,0.0,0.0,0.0,0.0,0.0,0,238518.0,238518.0,13,20,7,61028,79361,18333,238518.0,12000,42000.0,280518.0,201157.0,10,100000.0,5,19,29,0,0,1513.0,0,231.75,84,71,155,262185.0,0.6277735082757275,0.42572741194486985,5.112676056338028,3,0.8452380952380952,153,84,38,7,144,144,18,43,71,29,171157.0,0.0,159157.0,0,159157.0,0.0,0,159157.0,19,5,12
32,7,137707.0,0.0,0,0.0,0.0,0.0,0.0,0.0,0.0,0.0,0,274017.0,274017.0,16,20,4,118716,136310,17594,274017.0,14000,56000.0,330017.0,193707.0,10,100000.0,7,25,35,0,0,1513.0,0,256.0,101,85,186,312423.0,0.6013415496217539,0.4178326474622771,5.0588235294117645,3,0.8415841584158416,184,101,39,12,164,164,19,48,85,35,151707.0,0.0,137707.0,0,137707.0,0.0,0,137707.0,25,7,12
32,8,130000.0,0.0,0,0.0,0.0,0.0,0.0,0.0,0.0,0.0,0,429307.0,429307.0,18,20,2,212145,299307,87162,429307.0,16000,72000.0,501307.0,202000.0,10,100000.0,7,27,37,0,0,1513.0,0,287.0,117,99,216,414145.0,0.6028022974354027,0.4178326474622771,5.252525252525253,3,0.8461538461538461,210,117,44,15,187,187,23,52,99,37,146000.0,0.0,130000.0,0,130000.0,0.0,0,130000.0,27,7,13
32,9,207633.0,0.0,0,0.0,0.0,0.0,0.0,0.0,0.0,0.0,0,531465.0,531465.0,19,20,1,210555,323832,113277,531465.0,18000,90000.0,621465.0,297633.0,10,100000.0,7,32,42,0,0,1513.0,0,301.5,131,112,243,508188.0,0.6013672353534838,0.4215008103742026,5.25,3.0,0.8549618320610687,236,131,50,16,209,209,25,57,112,42,225633.0,0.0,207633.0,0,207633.0,0.0,0,207633.0,32,7,15
32,10,487009.0,0.0,0,0.0,0.0,0.0,0.0,0.0,0.0,0.0,0,654326.0,654326.0,14,20,6,119357,167317,47960,654326.0,20000,110000.0,764326.0,597009.0,10,100000.0,7,36,46,0,0,1513.0,0,323.5,146,132,278,716366.0,0.5998019533972125,0.41438507373113853,6.106060606060606,3.0,0.9041095890410958,258,146,51,18,240,240,32,61,132,46,507009.0,0.0,487009.0,0,487009.0,0.0,0,487009.0,36,7,15
32,11,474762.0,0.0,0,0.0,0.0,0.0,0.0,0.0,0.0,0.0,0,698729.0,698729.0,20,20,0,178596,223967,45371,698729.0,22000,132000.0,830729.0,606762.0,10,100000.0,7,40,50,0,0,1513.0,0,331.0,165,145,310,785358.0,0.5960618036290868,0.4109375,6.56551724137931,3,0.8787878787878788,290,165,56,22,260,260,36,63,145,50,496762.0,0.0,474762.0,0,474762.0,0.0,0,474762.0,40,7,16
32,12,657109.0,0.0,0,0.0,0.0,0.0,0.0,0.0,0.0,0.0,0,825117.0,825117.0,14,20,6,98358,168008,69650,825117.0,24000,156000.0,981117.0,813109.0,10,100000.0,7,42,52,0,0,1513.0,0,346.0,179,165,344,911467.0,0.592422320506452,0.4109375,6.345454545454546,3,0.9217877094972067,312,179,61,23,283,283,37,63,165,52,681109.0,0.0,657109.0,0,657109.0,0.0,0,657109.0,42,7,18
33,1,100981.0,0.0,0,0.0,0.0,0.0,0.0,0.0,0.0,0.0,0,128787.0,128787.0,5,10,5,15372,27806,12434,128787.0,2000,2000.0,130787.0,102981.0,0,0.0,0,0,0,0,0,15474.0,0,51.0,18,13,31,18353.0,0.36121992099357303,0.19318181818181818,1.0769230769230769,1,0.7222222222222222,28,18,6,4,23,23,9,,13,,102981.0,0.0,100981.0,0,100981.0,0.0,0,100981.0,,,1
33,2,53176.0,0.0,0,0.0,0.0,0.0,0.0,0.0,0.0,0.0,0,140922.0,140922.0,10,13,3,78891,87746,8855,140922.0,4000,6000.0,146922.0,59176.0,3,30000.0,0,0,3,0,0,15474.0,0,121.25,38,28,66,68067.0,0.5826382892380727,0.4000798892202812,2.107142857142857,1.5,0.7368421052631579,50,38,7,5,46,46,14,3,28,3,57176.0,0.0,53176.0,0,53176.0,0.0,0,53176.0,,,1
33,3,12038.0,0.0,0,0.0,0.0,0.0,0.0,0.0,0.0,0.0,0,141442.0,141442.0,15,15,0,108828,129404,20576,141442.0,6000,12000.0,153442.0,24038.0,5,50000.0,1,0,5,0,0,12038.0,0,169.5,54,39,93,82866.0,0.5716304618961605,0.425,2.282051282051282,1,0.7222222222222222,77,54,17,5,69,69,20,8,39,5,18038.0,0.0,12038.0,0,12038.0,0.0,0,12038.0,,1,2
33,4,27868.0,0.0,0,0.0,0.0,0.0,0.0,0.0,0.0,0.0,0,161080.0,161080.0,15,16,1,122537,133212,10675,161080.0,8000,20000.0,181080.0,47868.0,6,60000.0,1,2,8,0,0,10318.0,0,222.25,69,54,123,130405.0,0.615622909559701,0.615089095962073,2.4074074074074074,1.5,0.782608695652174,98,69,21,5,93,93,28,9,54,8,35868.0,0.0,27868.0,0,27868.0,0.0,0,27868.0,2,1,2
33,5,39142.0,0.0,0,0.0,0.0,0.0,0.0,0.0,0.0,0.0,0,165622.0,165622.0,12,18,6,115362,126480,11118,165622.0,10000,30000.0,195622.0,69142.0,8,80000.0,2,6,14,0,0,575.0,0,244.0,80,68,148,164504.0,0.7763816292937227,0.7440235619414031,3.2941176470588234,2.0,0.85,119,80,24,7,124,124,32,21,68,14,49142.0,0.0,39142.0,0,39142.0,0.0,0,39142.0,6,2,3
33,6,90903.0,0.0,0,0.0,0.0,0.0,0.0,0.0,0.0,0.0,0,199593.0,199593.0,14,18,4,87187,108690,21503,199593.0,12000,42000.0,241593.0,132903.0,8,80000.0,3,8,16,0,0,575.0,0,266.5,94,80,174,200090.0,0.7405800944338352,0.6930440771349862,4.1625,2.0,0.851063829787234,143,94,30,8,150,150,37,29,80,16,102903.0,0.0,90903.0,0,90903.0,0.0,0,90903.0,8,3,4
33,7,127625.0,0.0,0,0.0,0.0,0.0,0.0,0.0,0.0,0.0,0,258144.0,258144.0,16,18,2,93503,130519,37016,258144.0,14000,56000.0,314144.0,183625.0,8,80000.0,3,8,16,0,0,575.0,0,291.5,109,93,202,257128.0,0.7035245214937231,0.5635115252574792,4.301075268817204,2,0.8532110091743119,166,109,37,9,173,173,39,37,93,16,141625.0,0.0,127625.0,0,127625.0,0.0,0,127625.0,8,3,4
33,8,87541.0,0.0,0,0.0,0.0,0.0,0.0,0.0,0.0,0.0,0,331954.0,331954.0,16,20,4,177042,244413,67371,331954.0,16000,72000.0,403954.0,159541.0,10,100000.0,3,9,19,0,0,575.0,0,340.5,126,110,236,336583.0,0.6726878708269179,0.5319130942838686,5.245454545454545,2.0,0.873015873015873,188,126,41,9,199,199,39,44,110,19,103541.0,0.0,87541.0,0,87541.0,0.0,0,87541.0,9,3,6
33,9,116388.0,0.0,0,0.0,0.0,0.0,0.0,0.0,0.0,0.0,0,420618.0,420618.0,15,20,5,232412,304230,71818,420618.0,18000,90000.0,510618.0,206388.0,10,100000.0,3,9,19,0,0,575.0,0,369.0,143,128,271,438800.0,0.66509293530104,0.5319130942838686,5.3359375,2.0,0.8951048951048951,211,143,46,10,230,230,40,53,128,19,134388.0,0.0,116388.0,0,116388.0,0.0,0,116388.0,9,3,9
33,10,76047.0,0.0,0,0.0,0.0,0.0,0.0,0.0,0.0,0.0,0,477256.0,477256.0,18,20,2,307649,401209,93560,477256.0,20000,110000.0,587256.0,186047.0,10,100000.0,3,9,19,0,0,575.0,0,383.0,160,142,302,493696.0,0.6546586000328286,0.5319130942838686,5.084507042253521,2.0,0.8875,238,160,53,13,251,251,43,56,142,19,96047.0,0.0,76047.0,0,76047.0,0.0,0,76047.0,9,3,10
33,11,185281.0,0.0,0,0.0,0.0,0.0,0.0,0.0,0.0,0.0,0,552260.0,552260.0,16,20,4,253585,366979,113394,552260.0,22000,132000.0,684260.0,317281.0,10,100000.0,3,19,29,0,0,575.0,0,395.0,173,157,330,570866.0,0.6438562309239261,0.543040293040293,5.146496815286624,2,0.9075144508670521,263,173,55,13,275,275,43,65,157,29,207281.0,0.0,185281.0,0,185281.0,0.0,0,185281.0,19,3,10
33,12,50512.0,0.0,0,0.0,0.0,0.0,0.0,0.0,0.0,0.0,0,541682.0,541682.0,19,20,1,391551,491170,99619,541682.0,24000,156000.0,697682.0,206512.0,10,100000.0,3,25,35,0,0,575.0,0,401.5,188,169,357,598063.0,0.6390361124927503,0.543040293040293,5.431952662721893,2,0.898936170212766,289,188,56,17,301,301,43,76,169,35,74512.0,0.0,50512.0,0,50512.0,0.0,0,50512.0,25,3,13
34,1,89493.0,0.0,0,0.0,0.0,0.0,0.0,0.0,0.0,0.0,0,122690.0,122690.0,9,10,1,21861,33197,11336,122690.0,2000,2000.0,124690.0,91493.0,0,0.0,0,0,0,0,0,61716.0,0,56.0,18,9,27,13354.0,0.4429483637931532,0.22727650727650728,1.8888888888888888,2,0.5,25,18,3,4,21,21,12,,9,,91493.0,0.0,89493.0,0,89493.0,0.0,0,89493.0,,,
34,2,71438.0,0.0,0,0.0,0.0,0.0,0.0,0.0,0.0,0.0,0,172115.0,172115.0,7,11,4,62286,100677,38391,172115.0,4000,6000.0,178115.0,77438.0,1,10000.0,1,2,3,0,0,12513.0,0,105.25,32,25,57,49724.0,0.46649362292354374,0.2501924557351809,2.96,2,0.78125,46,32,6,5,49,49,18,6,25,3,75438.0,0.0,71438.0,0,71438.0,0.0,0,71438.0,2,1,
34,3,22897.0,0.0,0,0.0,0.0,0.0,0.0,0.0,0.0,0.0,0,143066.0,143066.0,17,17,0,86227,120169,33942,143066.0,6000,12000.0,155066.0,34897.0,7,70000.0,1,2,9,0,0,12513.0,0,153.25,51,34,85,91124.0,0.5142194967522751,0.26835707377121254,2.676470588235294,2.0,0.6666666666666666,75,51,13,8,71,71,26,11,34,9,28897.0,0.0,22897.0,0,22897.0,0.0,0,22897.0,2,1,
34,4,38138.0,0.0,0,0.0,0.0,0.0,0.0,0.0,0.0,0.0,0,167006.0,167006.0,16,18,2,90832,128868,38036,167006.0,8000,20000.0,187006.0,58138.0,8,80000.0,1,4,12,0,0,11917.0,0,179.5,63,47,110,128970.0,0.5745313828971113,0.3614314789687924,3.1914893617021276,2,0.746031746031746,102,63,24,10,92,92,34,11,47,12,46138.0,0.0,38138.0,0,38138.0,0.0,0,38138.0,4,1,
34,5,6285.0,0.0,0,0.0,0.0,0.0,0.0,0.0,0.0,0.0,0,192975.0,192975.0,10,18,8,134603,186690,52087,192975.0,10000,30000.0,222975.0,36285.0,8,80000.0,4,8,16,0,0,447.0,0,201.25,72,62,134,150888.0,0.553561624900935,0.3635150241666899,4.516129032258065,3.0,0.8611111111111112,123,72,28,11,121,121,44,15,62,16,16285.0,0.0,6285.0,0,6285.0,0.0,0,6285.0,8,4,
34,6,33535.0,0.0,0,0.0,0.0,0.0,0.0,0.0,0.0,0.0,0,226859.0,226859.0,10,18,8,127564,193324,65760,226859.0,12000,42000.0,268859.0,75535.0,8,80000.0,6,8,16,0,0,447.0,0,240.0,84,74,158,183099.0,0.5698430230960863,0.37502024937460976,4.554054054054054,3.0,0.8809523809523809,141,84,31,12,155,155,58,17,74,16,45535.0,0.0,33535.0,0,33535.0,0.0,0,33535.0,8,6,6
34,7,162396.0,0.0,0,0.0,0.0,0.0,0.0,0.0,0.0,0.0,0,297963.0,297963.0,8,18,10,75078,135567,60489,297963.0,14000,56000.0,353963.0,218396.0,8,80000.0,6,8,16,0,0,447.0,0,254.25,97,89,186,273474.0,0.6055912837884297,0.4583333333333333,4.932584269662922,3,0.9175257731958762,163,97,38,14,186,186,66,21,89,16,176396.0,0.0,162396.0,0,162396.0,0.0,0,162396.0,8,6,10
34,8,53989.0,0.0,0,0.0,0.0,0.0,0.0,0.0,0.0,0.0,0,372622.0,372622.0,16,20,4,183487,318633,135146,372622.0,16000,72000.0,444622.0,125989.0,10,100000.0,6,9,19,0,0,447.0,0,304.75,119,103,222,309476.0,0.600688603545301,0.5303265940902022,4.485436893203883,2,0.865546218487395,190,119,41,15,208,208,70,23,103,19,69989.0,0.0,53989.0,0,53989.0,0.0,0,53989.0,9,6,12
34,9,26599.0,0.0,0,0.0,0.0,0.0,0.0,0.0,0.0,0.0,0,390512.0,390512.0,19,20,1,242585,363913,121328,390512.0,18000,90000.0,480512.0,116599.0,10,100000.0,6,10,20,0,0,447.0,0,331.25,136,117,253,359184.0,0.6125479723409291,0.5721694036300777,4.666666666666667,2,0.8602941176470589,217,136,49,16,232,232,79,24,117,20,44599.0,0.0,26599.0,0,26599.0,0.0,0,26599.0,10,6,12
34,10,666.0,0.0,0,0.0,0.0,0.0,0.0,0.0,0.0,0.0,0,452312.0,452312.0,20,20,0,283463,451646,168183,452312.0,20000,110000.0,562312.0,110666.0,10,100000.0,9,15,25,0,0,447.0,0,359.75,152,132,284,394129.0,0.5947942658520055,0.5637387478432497,4.954545454545454,3.0,0.868421052631579,243,152,51,16,258,258,85,29,132,25,20666.0,0.0,666.0,0,666.0,0.0,0,666.0,15,9,12
34,11,32564.0,0.0,0,0.0,0.0,0.0,0.0,0.0,0.0,0.0,0,499573.0,499573.0,15,20,5,280842,467009,186167,499573.0,22000,132000.0,631573.0,164564.0,10,100000.0,9,15,25,0,0,447.0,0,370.25,164,149,313,445406.0,0.5897437275068003,0.5553080920564217,4.778523489932886,3,0.9085365853658537,265,164,58,19,283,283,90,31,149,25,54564.0,0.0,32564.0,0,32564.0,0.0,0,32564.0,15,9,13
34,12,-17393.0,0.0,0,0.0,0.0,0.0,0.0,0.0,0.0,0.0,0,432257.0,432257.0,20,20,0,319315,449650,130335,432257.0,24000,156000.0,588257.0,138607.0,10,100000.0,9,19,29,1,1,-17393.0,1,379.25,174,154,328,457922.0,0.6011938666575762,0.5747159235344959,4.688311688311688,3.0,0.8850574712643678,287,174,66,19,308,308,96,40,154,29,6607.0,0.0,-17393.0,0,-17393.0,0.0,0,-17393.0,19,9,18
35,1,112588.0,0.0,0,0.0,0.0,0.0,0.0,0.0,0.0,0.0,0,128870.0,128870.0,6,10,4,13387,16282,2895,128870.0,2000,2000.0,130870.0,114588.0,0,0.0,0,0,0,0,0,70630.0,0,33.0,16,10,26,27975.0,0.6362486531660351,0.773477157360406,1.4,1.0,0.625,27,16,6,5,22,22,10,2,10,,114588.0,0.0,112588.0,0,112588.0,0.0,0,112588.0,,,
35,2,59958.0,0.0,0,0.0,0.0,0.0,0.0,0.0,0.0,0.0,0,140545.0,140545.0,11,11,0,73811,80587,6776,140545.0,4000,6000.0,146545.0,65958.0,1,10000.0,0,0,1,0,0,59958.0,0,81.0,31,20,51,49769.0,0.5857516205089776,0.3771296542356867,1.45,1.0,0.6451612903225806,49,31,11,7,47,47,17,10,20,1,63958.0,0.0,59958.0,0,59958.0,0.0,0,59958.0,,,
35,3,2015.0,0.0,0,0.0,0.0,0.0,0.0,0.0,0.0,0.0,0,120255.0,120255.0,17,17,0,90060,118240,28180,120255.0,6000,12000.0,132255.0,14015.0,7,70000.0,1,2,9,0,0,2015.0,0,159.5,52,35,87,74075.0,0.6689589083696514,0.37945492662473795,2.942857142857143,1,0.6730769230769231,76,52,12,9,68,68,18,12,35,9,8015.0,0.0,2015.0,0,2015.0,0.0,0,2015.0,2,1,3
35,4,42350.0,0.0,0,0.0,0.0,0.0,0.0,0.0,0.0,0.0,0,133204.0,133204.0,16,17,1,81484,90854,9370,133204.0,8000,20000.0,153204.0,62350.0,7,70000.0,4,8,15,0,0,2015.0,0,196.0,63,47,110,113834.0,0.6689003268410937,0.6358974358974359,3.9148936170212765,2,0.746031746031746,100,63,16,9,93,93,24,19,47,15,50350.0,0.0,42350.0,0,42350.0,0.0,0,42350.0,8,4,3
35,5,34017.0,0.0,0,0.0,0.0,0.0,0.0,0.0,0.0,0.0,0,145919.0,145919.0,19,19,0,81786,111902,30116,145919.0,10000,30000.0,175919.0,64017.0,9,90000.0,4,9,18,0,0,2015.0,0,215.25,76,57,133,135803.0,0.6811043476576385,0.6487119437939111,4.473684210526316,2,0.75,123,76,24,10,120,120,30,23,57,18,44017.0,0.0,34017.0,0,34017.0,0.0,0,34017.0,9,4,10
35,6,114547.0,0.0,0,0.0,0.0,0.0,0.0,0.0,0.0,0.0,0,240490.0,240490.0,16,19,3,99272,125943,26671,240490.0,12000,42000.0,282490.0,156547.0,9,90000.0,4,9,18,0,0,2015.0,0,244.5,90,74,164,245819.0,0.7567046346734804,0.719047619047619,4.986486486486487,2.0,0.8222222222222222,144,90,28,13,146,146,37,23,74,18,126547.0,0.0,114547.0,0,114547.0,0.0,0,114547.0,9,4,12
35,7,136386.0,0.0,0,0.0,0.0,0.0,0.0,0.0,0.0,0.0,0,328752.0,328752.0,19,20,1,131008,192366,61358,328752.0,14000,56000.0,384752.0,192386.0,10,100000.0,4,9,19,0,0,2015.0,0,278.75,107,88,195,323394.0,0.7280835632112947,0.6773809523809524,5.011363636363637,2.0,0.822429906542056,168,107,34,14,168,168,41,27,88,19,150386.0,0.0,136386.0,0,136386.0,0.0,0,136386.0,9,4,12
35,8,163196.0,0.0,0,0.0,0.0,0.0,0.0,0.0,0.0,0.0,0,400555.0,400555.0,20,20,0,159984,237359,77375,400555.0,16000,72000.0,472555.0,235196.0,10,100000.0,4,19,29,0,0,2015.0,0,292.25,118,98,216,395180.0,0.7146133945509774,0.6666666666666666,5.214285714285714,2.0,0.8305084745762712,196,118,40,15,188,188,48,30,98,29,179196.0,0.0,163196.0,0,163196.0,0.0,0,163196.0,19,4,12
35,9,136235.0,0.0,0,0.0,0.0,0.0,0.0,0.0,0.0,0.0,0,440540.0,440540.0,20,20,0,202778,304305,101527,440540.0,18000,90000.0,530540.0,226235.0,10,100000.0,4,36,46,0,0,2015.0,0,287.75,125,105,230,429013.0,0.6990085175262377,0.6666666666666666,5.247619047619048,2,0.84,228,125,47,16,205,205,53,34,105,46,154235.0,0.0,136235.0,0,136235.0,0.0,0,136235.0,36,4,13
35,10,161452.0,0.0,0,0.0,0.0,0.0,0.0,0.0,0.0,0.0,0,517664.0,517664.0,17,20,3,225555,356212,130657,517664.0,20000,110000.0,627664.0,271452.0,10,100000.0,4,44,54,0,0,2015.0,0,290.75,135,118,253,497007.0,0.7367288457967596,0.6666666666666666,5.423728813559322,2.0,0.8740740740740741,253,135,53,17,228,228,55,40,118,54,181452.0,0.0,161452.0,0,161452.0,0.0,0,161452.0,44,4,15
35,11,200735.0,0.0,0,0.0,0.0,0.0,0.0,0.0,0.0,0.0,0,493870.0,493870.0,19,20,1,248367,293135,44768,493870.0,22000,132000.0,625870.0,332735.0,10,100000.0,4,54,64,0,0,2015.0,0,293.75,146,127,273,581102.0,0.7297957575405932,0.6666666666666666,5.2204724409448815,2,0.8698630136986302,279,146,57,18,251,251,63,46,127,64,222735.0,0.0,200735.0,0,200735.0,0.0,0,200735.0,54,4,15
35,12,428222.0,0.0,0,0.0,0.0,0.0,0.0,0.0,0.0,0.0,0,646679.0,646679.0,19,20,1,142389,218457,76068,646679.0,24000,156000.0,802679.0,584222.0,10,100000.0,4,57,67,0,0,2015.0,0,307.25,159,140,299,726611.0,0.6972338435857877,0.662895596722259,5.935714285714286,3.0,0.8805031446540881,300,159,62,18,277,277,69,52,140,67,452222.0,0.0,428222.0,0,428222.0,0.0,0,428222.0,57,4,16
36,1,86349.0,0.0,0,0.0,0.0,0.0,0.0,0.0,0.0,0.0,0,131386.0,131386.0,9,10,1,34015,45037,11022,131386.0,2000,2000.0,133386.0,88349.0,0,0.0,0,0,0,0,0,66923.0,0,56.0,18,9,27,22364.0,0.6901390267218761,0.800314465408805,2.0,2,0.5,28,18,8,2,22,22,9,4,9,,88349.0,0.0,86349.0,0,86349.0,0.0,0,86349.0,,,
36,2,38228.0,0.0,0,0.0,0.0,0.0,0.0,0.0,0.0,0.0,0,104342.0,104342.0,12,13,1,66880,66114,-766,104342.0,4000,6000.0,110342.0,44228.0,3,30000.0,1,5,8,0,0,694.0,0,100.75,31,19,50,41108.0,0.5596410090398417,0.5899645210339585,2.1052631578947367,2,0.6129032258064516,57,31,16,4,45,45,15,10,19,8,42228.0,0.0,38228.0,0,38228.0,0.0,0,38228.0,5,1,1
36,3,-1581.0,0.0,0,0.0,0.0,0.0,0.0,0.0,0.0,0.0,0,96678.0,96678.0,14,15,1,102724,98259,-4465,96678.0,6000,12000.0,108678.0,10419.0,5,50000.0,1,9,14,1,1,-1581.0,1,112.0,43,29,72,63143.0,0.4909722100074379,0.40555951532430506,2.7586206896551726,2,0.6744186046511628,83,43,23,7,66,66,21,12,29,14,4419.0,0.0,-1581.0,0,-1581.0,0.0,0,-1581.0,9,1,4
36,4,25293.0,0.0,0,0.0,0.0,0.0,0.0,0.0,0.0,0.0,0,108967.0,108967.0,10,15,5,88285,83674,-4611,108967.0,8000,20000.0,128967.0,45293.0,5,50000.0,7,9,14,2,1,-1581.0,0,117.75,52,42,94,83578.0,0.5123224625911993,0.37785953718057436,4.095238095238095,2.5,0.8076923076923077,105,52,28,9,96,96,27,18,42,14,33293.0,0.0,25293.0,0,25293.0,0.0,0,25293.0,9,7,9
36,5,25556.0,0.0,0,0.0,0.0,0.0,0.0,0.0,0.0,0.0,0,122575.0,122575.0,13,15,2,88793,97019,8226,122575.0,10000,30000.0,152575.0,55556.0,5,50000.0,9,11,16,2,1,-1581.0,0,121.0,64,51,115,94349.0,0.5104907946189774,0.35015955903684365,4.1568627450980395,3,0.796875,132,64,35,13,117,117,33,24,51,16,35556.0,0.0,25556.0,0,25556.0,0.0,0,25556.0,11,9,9
36,6,-746.0,0.0,0,0.0,0.0,0.0,0.0,0.0,0.0,0.0,0,104413.0,104413.0,17,17,0,101008,105159,4151,104413.0,12000,42000.0,146413.0,41254.0,7,70000.0,11,11,18,3,2,-1581.0,1,138.0,78,61,139,112262.0,0.48718003924215875,0.35006077444000694,4.573770491803279,3,0.782051282051282,155,78,40,15,146,146,44,32,61,18,11254.0,0.0,-746.0,0,-746.0,0.0,0,-746.0,11,11,9
36,7,-10470.0,0.0,0,0.0,0.0,0.0,0.0,0.0,0.0,0.0,0,78530.0,78530.0,19,20,1,82792,89000,6208,78530.0,14000,56000.0,134530.0,45530.0,10,100000.0,13,15,25,4,3,-10470.0,1,171.0,89,70,159,128322.0,0.4950468087538689,0.3501101667384253,4.485714285714286,3.0,0.7865168539325843,176,89,44,15,173,173,56,38,70,25,3530.0,0.0,-10470.0,0,-10470.0,0.0,0,-10470.0,15,13,9
36,8,-4271.0,0.0,0,0.0,0.0,0.0,0.0,0.0,0.0,0.0,0,82492.0,82492.0,18,20,2,80230,86763,6533,82492.0,16000,72000.0,154492.0,67729.0,10,100000.0,20,15,25,5,4,-10470.0,1,204.75,101,83,184,147959.0,0.4956020715928263,0.3397530864197531,4.698795180722891,3,0.8217821782178217,199,101,46,17,200,200,63,45,83,25,11729.0,0.0,-4271.0,0,-4271.0,0.0,0,-4271.0,15,20,9
36,9,18395.0,0.0,0,0.0,0.0,0.0,0.0,0.0,0.0,0.0,0,88759.0,88759.0,19,20,1,60949,70364,9415,88759.0,18000,90000.0,178759.0,108395.0,10,100000.0,24,18,28,5,4,-10470.0,0,231.0,111,92,203,169344.0,0.4883495952949689,0.3141845694616143,4.934782608695652,2.5,0.8288288288288288,220,111,50,17,226,226,65,60,92,28,36395.0,0.0,18395.0,0,18395.0,0.0,0,18395.0,18,24,9
36,10,40032.0,0.0,0,0.0,0.0,0.0,0.0,0.0,0.0,0.0,0,107210.0,107210.0,18,20,2,49282,67178,17896,107210.0,20000,110000.0,217210.0,150032.0,10,100000.0,24,22,32,5,4,-10470.0,0,259.25,123,105,228,199314.0,0.5090320668585979,0.35006077444000694,6.466666666666667,3,0.8536585365853658,241,123,53,19,252,252,67,68,105,32,60032.0,0.0,40032.0,0,40032.0,0.0,0,40032.0,22,24,12
36,11,6790.0,0.0,0,0.0,0.0,0.0,0.0,0.0,0.0,0.0,0,111485.0,111485.0,19,20,1,79207,104695,25488,111485.0,22000,132000.0,243485.0,138790.0,10,100000.0,24,33,43,5,4,-10470.0,0,256.75,134,115,249,217997.0,0.506717540418222,0.34527972027972026,6.973913043478261,3,0.8582089552238806,271,134,57,23,271,271,70,73,115,43,28790.0,0.0,6790.0,0,6790.0,0.0,0,6790.0,33,24,13
36,12,47854.0,0.0,0,0.0,0.0,0.0,0.0,0.0,0.0,0.0,0,146014.0,146014.0,16,20,4,70859,98160,27301,146014.0,24000,156000.0,302014.0,203854.0,10,100000.0,26,33,43,5,4,-10470.0,0,262.25,146,130,276,274713.0,0.5201643839258355,0.3765428573406435,6.569230769230769,3.0,0.8904109589041096,292,146,60,27,298,298,77,76,130,43,71854.0,0.0,47854.0,0,47854.0,0.0,0,47854.0,33,26,15
37,1,15876.0,0.0,0,0.0,0.0,0.0,0.0,0.0,0.0,0.0,0,104418.0,104418.0,12,12,0,81669,88542,6873,104418.0,2000,2000.0,106418.0,17876.0,2,20000.0,0,0,2,0,0,14247.0,0,98.0,22,10,32,19545.0,0.6153098710310501,0.6588524590163934,2.0,1.0,0.45454545454545453,31,22,7,2,19,19,5,3,10,2,17876.0,0.0,15876.0,0,15876.0,0.0,0,15876.0,,,1
37,2,46441.0,0.0,0,0.0,0.0,0.0,0.0,0.0,0.0,0.0,0,115011.0,115011.0,13,16,3,60604,68570,7966,115011.0,4000,6000.0,121011.0,52441.0,6,60000.0,0,7,13,0,0,5195.0,0,133.5,38,25,63,73045.0,0.8329178798579504,0.6136680613668062,2.88,2,0.6578947368421053,59,38,10,4,38,38,8,4,25,13,50441.0,0.0,46441.0,0,46441.0,0.0,0,46441.0,7,,1
37,3,88123.0,0.0,0,0.0,0.0,0.0,0.0,0.0,0.0,0.0,0,166375.0,166375.0,9,16,7,71034,78252,7218,166375.0,6000,12000.0,178375.0,100123.0,6,60000.0,1,7,13,0,0,2528.0,0,161.0,51,42,93,131157.0,0.7337567442939354,0.6115330027832562,3.6666666666666665,2.5,0.8235294117647058,83,51,15,9,66,66,14,6,42,13,94123.0,0.0,88123.0,0,88123.0,0.0,0,88123.0,7,1,4
37,4,3492.0,0.0,0,0.0,0.0,0.0,0.0,0.0,0.0,0.0,0,195486.0,195486.0,16,17,1,160358,191994,31636,195486.0,8000,20000.0,215486.0,23492.0,7,70000.0,1,7,14,0,0,2528.0,0,181.0,69,53,122,153850.0,0.7280487016844484,0.6136680613668062,4.433962264150943,3,0.7681159420289855,110,69,21,12,91,91,16,13,53,14,11492.0,0.0,3492.0,0,3492.0,0.0,0,3492.0,7,1,9
37,5,31472.0,0.0,0,0.0,0.0,0.0,0.0,0.0,0.0,0.0,0,212569.0,212569.0,15,17,2,156299,181097,24798,212569.0,10000,30000.0,242569.0,61472.0,7,70000.0,4,13,20,0,0,1586.0,0,191.25,81,66,147,187771.0,0.7407427342735545,0.5559615983624794,5.121212121212121,3.0,0.8148148148148148,137,81,26,13,113,113,16,18,66,20,41472.0,0.0,31472.0,0,31472.0,0.0,0,31472.0,13,4,13
37,6,153789.0,0.0,0,0.0,0.0,0.0,0.0,0.0,0.0,0.0,0,229278.0,229278.0,15,19,4,65171,75489,10318,229278.0,12000,42000.0,271278.0,195789.0,9,90000.0,4,13,22,0,0,1586.0,0,235.25,98,83,181,250960.0,0.7105841200027597,0.5025252525252525,5.240963855421687,4,0.8469387755102041,158,98,27,16,140,140,16,27,83,22,165789.0,0.0,153789.0,0,153789.0,0.0,0,153789.0,13,4,14
37,7,68306.0,0.0,0,0.0,0.0,0.0,0.0,0.0,0.0,0.0,0,280870.0,280870.0,18,20,2,149196,212564,63368,280870.0,14000,56000.0,336870.0,124306.0,10,100000.0,4,23,33,0,0,1586.0,0,253.0,109,91,200,273502.0,0.699780167715784,0.5025252525252525,5.1098901098901095,4,0.8348623853211009,186,109,34,16,162,162,17,39,91,33,82306.0,0.0,68306.0,0,68306.0,0.0,0,68306.0,23,4,15
37,8,101698.0,0.0,0,0.0,0.0,0.0,0.0,0.0,0.0,0.0,0,364354.0,364354.0,18,20,2,151110,262656,111546,364354.0,16000,72000.0,436354.0,173698.0,10,100000.0,5,23,33,0,0,1586.0,0,287.5,127,109,236,324808.0,0.6591482578583575,0.5,5.339449541284404,3,0.8582677165354331,209,127,38,16,189,189,19,45,109,33,117698.0,0.0,101698.0,0,101698.0,0.0,0,101698.0,23,5,16
37,9,39075.0,0.0,0,0.0,0.0,0.0,0.0,0.0,0.0,0.0,0,324087.0,324087.0,18,20,2,215072,285012,69940,324087.0,18000,90000.0,414087.0,129075.0,10,100000.0,5,33,43,0,0,1586.0,0,310.0,139,121,260,344147.0,0.6435074592945768,0.43798177995795373,5.4958677685950414,4,0.8705035971223022,235,139,42,16,210,210,22,50,121,43,57075.0,0.0,39075.0,0,39075.0,0.0,0,39075.0,33,5,17
37,10,135385.0,0.0,0,0.0,0.0,0.0,0.0,0.0,0.0,0.0,0,412158.0,412158.0,19,20,1,166424,276773,110349,412158.0,20000,110000.0,522158.0,245385.0,10,100000.0,5,41,51,0,0,1586.0,0,308.5,151,132,283,411809.0,0.6357156710718634,0.46899088997897687,5.7727272727272725,4.0,0.8741721854304636,268,151,53,18,226,226,23,53,132,51,155385.0,0.0,135385.0,0,135385.0,0.0,0,135385.0,41,5,18
37,11,117978.0,0.0,0,0.0,0.0,0.0,0.0,0.0,0.0,0.0,0,460004.0,460004.0,13,20,7,214180,342026,127846,460004.0,22000,132000.0,592004.0,249978.0,10,100000.0,6,41,51,0,0,1586.0,0,342.0,168,155,323,464158.0,0.6317810650109675,0.5,6.096774193548387,4,0.9226190476190477,294,168,59,20,252,252,25,54,155,51,139978.0,0.0,117978.0,0,117978.0,0.0,0,117978.0,41,6,18
37,12,333961.0,0.0,0,0.0,0.0,0.0,0.0,0.0,0.0,0.0,0,478618.0,478618.0,14,20,6,126810,144657,17847,478618.0,24000,156000.0,634618.0,489961.0,10,100000.0,6,41,51,0,0,1586.0,0,354.5,181,167,348,616771.0,0.6348959833034123,0.5,6.209580838323354,4,0.9226519337016574,312,181,63,21,281,281,25,67,167,51,357961.0,0.0,333961.0,0,333961.0,0.0,0,333961.0,41,6,22
38,1,121001.0,0.0,0,0.0,0.0,0.0,0.0,0.0,0.0,0.0,0,134730.0,134730.0,5,10,5,10475,13729,3254,134730.0,2000,2000.0,136730.0,123001.0,0,0.0,0,0,0,0,0,52892.0,0,68.0,17,12,29,33476.0,0.502175905277214,0.29542590364896604,1.6666666666666667,2.0,0.7058823529411765,25,17,6,2,21,21,8,1,12,,123001.0,0.0,121001.0,0,121001.0,0.0,0,121001.0,,,
38,2,150914.0,0.0,0,0.0,0.0,0.0,0.0,0.0,0.0,0.0,0,150914.0,150914.0,0,10,10,0,0,0,150914.0,4000,6000.0,156914.0,156914.0,0,0.0,0,0,0,0,0,52892.0,0,92.0,27,27,54,56914.0,0.4730332743485257,0.22727272727272727,2.2962962962962963,2,1.0,39,27,8,4,55,55,24,2,27,,154914.0,0.0,150914.0,0,150914.0,0.0,0,150914.0,,,2
38,3,131189.0,0.0,0,0.0,0.0,0.0,0.0,0.0,0.0,0.0,0,212605.0,212605.0,10,10,0,51796,81416,29620,212605.0,6000,12000.0,224605.0,143189.0,0,0.0,0,0,0,0,0,52892.0,0,138.25,47,37,84,94985.0,0.4884509684406649,0.23781168589505025,2.108108108108108,2,0.7872340425531915,66,47,14,5,77,77,35,3,37,,137189.0,0.0,131189.0,0,131189.0,0.0,0,131189.0,,,2
38,4,83437.0,0.0,0,0.0,0.0,0.0,0.0,0.0,0.0,0.0,0,229079.0,229079.0,16,17,1,90411,145642,55231,229079.0,8000,20000.0,249079.0,103437.0,7,70000.0,0,0,7,0,0,20401.0,0,211.5,68,52,120,163848.0,0.5364541817455541,0.36972865008286,2.3653846153846154,2.0,0.7647058823529411,95,68,18,9,99,99,39,6,52,7,91437.0,0.0,83437.0,0,83437.0,0.0,0,83437.0,,,2
38,5,95329.0,0.0,0,0.0,0.0,0.0,0.0,0.0,0.0,0.0,0,210328.0,210328.0,20,20,0,98796,114999,16203,210328.0,10000,30000.0,240328.0,125329.0,10,100000.0,0,4,14,0,0,20401.0,0,251.5,83,63,146,224125.0,0.5415538678016693,0.4474074074074074,2.619047619047619,2,0.7590361445783133,123,83,25,11,123,123,39,16,63,14,105329.0,0.0,95329.0,0,95329.0,0.0,0,95329.0,4,,5
38,6,140767.0,0.0,0,0.0,0.0,0.0,0.0,0.0,0.0,0.0,0,247306.0,247306.0,20,20,0,69756,106539,36783,247306.0,12000,42000.0,289306.0,182767.0,10,100000.0,0,7,17,0,0,20401.0,0,248.25,95,75,170,252523.0,0.510317416393519,0.3758782201405152,3.28,2,0.7894736842105263,147,95,29,16,148,148,39,28,75,17,152767.0,0.0,140767.0,0,140767.0,0.0,0,140767.0,7,,6
38,7,138067.0,0.0,0,0.0,0.0,0.0,0.0,0.0,0.0,0.0,0,276037.0,276037.0,20,20,0,111417,137970,26553,276037.0,14000,56000.0,332037.0,194067.0,10,100000.0,0,11,21,0,0,20401.0,0,266.5,109,89,198,305484.0,0.5291770738081537,0.375,4.112359550561798,3,0.8165137614678899,172,109,33,19,171,171,40,32,89,21,152067.0,0.0,138067.0,0,138067.0,0.0,0,138067.0,11,,10
38,8,126279.0,0.0,0,0.0,0.0,0.0,0.0,0.0,0.0,0.0,0,306339.0,306339.0,18,20,2,148619,180060,31441,306339.0,16000,72000.0,378339.0,198279.0,10,100000.0,1,15,25,0,0,20401.0,0,261.0,119,101,220,346898.0,0.5311165649973157,0.36363636363636365,4.267326732673268,3,0.8487394957983193,200,119,42,23,191,191,40,36,101,25,142279.0,0.0,126279.0,0,126279.0,0.0,0,126279.0,15,1,14
38,9,168416.0,0.0,0,0.0,0.0,0.0,0.0,0.0,0.0,0.0,0,305922.0,305922.0,18,20,2,134293,137506,3213,305922.0,18000,90000.0,395922.0,258416.0,10,100000.0,1,18,28,0,0,20401.0,0,264.0,135,117,252,392709.0,0.5308142217152338,0.36363636363636365,5.3418803418803416,3,0.8666666666666667,230,135,47,29,210,210,41,38,117,28,186416.0,0.0,168416.0,0,168416.0,0.0,0,168416.0,18,1,14
38,10,215813.0,0.0,0,0.0,0.0,0.0,0.0,0.0,0.0,0.0,0,405987.0,405987.0,16,20,4,152011,190174,38163,405987.0,20000,110000.0,515987.0,325813.0,10,100000.0,1,18,28,0,0,20401.0,0,288.0,150,134,284,477824.0,0.541958335504111,0.3636077218307842,5.365671641791045,3.0,0.8933333333333333,254,150,54,31,235,235,48,39,134,28,235813.0,0.0,215813.0,0,215813.0,0.0,0,215813.0,18,1,14
38,11,249131.0,0.0,0,0.0,0.0,0.0,0.0,0.0,0.0,0.0,0,400708.0,400708.0,18,20,2,139240,151577,12337,400708.0,22000,132000.0,532708.0,381131.0,10,100000.0,1,22,32,0,0,20401.0,0,290.0,165,147,312,520371.0,0.5283148042484157,0.3635790800252048,5.503401360544218,3,0.8909090909090909,280,165,57,35,259,259,54,44,147,32,271131.0,0.0,249131.0,0,249131.0,0.0,0,249131.0,22,1,14
38,12,359390.0,0.0,0,0.0,0.0,0.0,0.0,0.0,0.0,0.0,0,427266.0,427266.0,9,20,11,56426,67876,11450,427266.0,24000,156000.0,583266.0,515390.0,10,100000.0,1,22,32,0,0,20401.0,0,291.0,173,164,337,571816.0,0.5203773701456731,0.3480567226890756,6.5182926829268295,3.0,0.9479768786127167,296,173,63,37,290,290,60,51,164,32,383390.0,0.0,359390.0,0,359390.0,0.0,0,359390.0,22,1,15
39,1,35754.0,0.0,0,0.0,0.0,0.0,0.0,0.0,0.0,0.0,0,143696.0,143696.0,8,12,4,82497,107942,25445,143696.0,2000,2000.0,145696.0,37754.0,2,20000.0,0,1,3,0,0,89.0,0,68.0,20,12,32,40251.0,0.6151648365988979,0.8087013653184466,1.5,1.0,0.6,29,20,5,3,19,19,3,2,12,3,37754.0,0.0,35754.0,0,35754.0,0.0,0,35754.0,1,,2
39,2,45752.0,0.0,0,0.0,0.0,0.0,0.0,0.0,0.0,0.0,0,166015.0,166015.0,12,14,2,89342,120263,30921,166015.0,4000,6000.0,172015.0,51752.0,4,40000.0,1,2,6,0,0,89.0,0,112.25,36,24,60,81094.0,0.6330433074334544,0.7748344191126102,2.0833333333333335,2.0,0.6666666666666666,55,36,9,7,41,41,5,8,24,6,49752.0,0.0,45752.0,0,45752.0,0.0,0,45752.0,2,1,4
39,3,32087.0,0.0,0,0.0,0.0,0.0,0.0,0.0,0.0,0.0,0,221931.0,221931.0,11,16,5,127483,189844,62361,221931.0,6000,12000.0,233931.0,44087.0,6,60000.0,2,2,8,0,0,89.0,0,156.5,50,39,89,131570.0,0.6777166170950313,0.7996289424860853,3.076923076923077,2,0.78,75,50,13,8,70,70,12,15,39,8,38087.0,0.0,32087.0,0,32087.0,0.0,0,32087.0,2,2,4
39,4,141192.0,0.0,0,0.0,0.0,0.0,0.0,0.0,0.0,0.0,0,265230.0,265230.0,14,16,2,91592,124038,32446,265230.0,8000,20000.0,285230.0,161192.0,6,60000.0,2,2,8,0,0,89.0,0,204.5,66,52,118,212784.0,0.6205313236684925,0.5832106239092496,3.3461538461538463,2.0,0.7878787878787878,98,66,18,10,97,97,14,25,52,8,149192.0,0.0,141192.0,0,141192.0,0.0,0,141192.0,2,2,6
39,5,54555.0,0.0,0,0.0,0.0,0.0,0.0,0.0,0.0,0.0,0,232720.0,232720.0,20,20,0,143830,178165,34335,232720.0,10000,30000.0,262720.0,84555.0,10,100000.0,2,3,13,0,0,89.0,0,233.25,82,62,144,228385.0,0.5710067081779521,0.4000852660300136,3.806451612903226,2.0,0.7560975609756098,124,82,24,13,121,121,17,33,62,13,64555.0,0.0,54555.0,0,54555.0,0.0,0,54555.0,3,2,9
39,6,164460.0,0.0,0,0.0,0.0,0.0,0.0,0.0,0.0,0.0,0,275603.0,275603.0,16,20,4,94005,111143,17138,275603.0,12000,42000.0,317603.0,206460.0,10,100000.0,3,6,16,0,0,89.0,0,248.75,93,77,170,300465.0,0.6178743937420561,0.49975458115183247,4.766233766233766,3,0.8279569892473119,148,93,30,16,146,146,18,41,77,16,176460.0,0.0,164460.0,0,164460.0,0.0,0,164460.0,6,3,10
39,7,206418.0,0.0,0,0.0,0.0,0.0,0.0,0.0,0.0,0.0,0,381952.0,381952.0,19,20,1,123761,175534,51773,381952.0,14000,56000.0,437952.0,262418.0,10,100000.0,3,8,18,0,0,89.0,0,282.5,111,92,203,386179.0,0.64519617517705,0.6666666666666666,4.543478260869565,2.0,0.8288288288288288,171,111,31,18,173,173,24,45,92,18,220418.0,0.0,206418.0,0,206418.0,0.0,0,206418.0,8,3,12
39,8,217061.0,0.0,0,0.0,0.0,0.0,0.0,0.0,0.0,0.0,0,460867.0,460867.0,19,20,1,165673,243806,78133,460867.0,16000,72000.0,532867.0,289061.0,10,100000.0,3,11,21,0,0,89.0,0,308.5,126,107,233,454734.0,0.6717338025462264,0.7027027027027027,5.271028037383178,3,0.8492063492063492,198,126,38,20,198,198,28,51,107,21,233061.0,0.0,217061.0,0,217061.0,0.0,0,217061.0,11,3,12
39,9,271737.0,0.0,0,0.0,0.0,0.0,0.0,0.0,0.0,0.0,0,540347.0,540347.0,15,20,5,140986,268610,127624,540347.0,18000,90000.0,630347.0,361737.0,10,100000.0,3,11,21,0,0,89.0,0,316.0,138,123,261,502723.0,0.6582082523418346,0.6666666666666666,5.699186991869919,2,0.8913043478260869,218,138,43,23,230,230,32,61,123,21,289737.0,0.0,271737.0,0,271737.0,0.0,0,271737.0,11,3,14
39,10,150509.0,0.0,0,0.0,0.0,0.0,0.0,0.0,0.0,0.0,0,570854.0,570854.0,19,20,1,295187,420345,125158,570854.0,20000,110000.0,680854.0,260509.0,10,100000.0,3,11,21,0,0,89.0,0,330.5,155,136,291,555696.0,0.6520985691820582,0.666544477028348,5.742647058823529,2.5,0.8774193548387097,244,155,49,26,252,252,37,65,136,21,170509.0,0.0,150509.0,0,150509.0,0.0,0,150509.0,11,3,14
39,11,250300.0,0.0,0,0.0,0.0,0.0,0.0,0.0,0.0,0.0,0,558036.0,558036.0,17,20,3,236286,307736,71450,558036.0,22000,132000.0,690036.0,382300.0,10,100000.0,3,17,27,0,0,89.0,0,332.0,162,145,307,618586.0,0.6379439324980967,0.6434740882917467,6.048275862068966,3,0.8950617283950617,266,162,55,29,278,278,42,77,145,27,272300.0,0.0,250300.0,0,250300.0,0.0,0,250300.0,17,3,14
39,12,173423.0,0.0,0,0.0,0.0,0.0,0.0,0.0,0.0,0.0,0,615228.0,615228.0,18,20,2,368543,441805,73262,615228.0,24000,156000.0,771228.0,329423.0,10,100000.0,4,23,33,0,0,89.0,0,352.5,176,158,334,697966.0,0.6332148828569566,0.6364898847231044,6.2594936708860756,3.0,0.8977272727272727,292,176,59,30,300,300,43,85,158,33,197423.0,0.0,173423.0,0,173423.0,0.0,0,173423.0,23,4,14
40,1,69047.0,0.0,0,0.0,0.0,0.0,0.0,0.0,0.0,0.0,0,113090.0,113090.0,9,11,2,37697,44043,6346,113090.0,2000,2000.0,115090.0,71047.0,1,10000.0,2,0,1,0,0,41655.0,0,96.0,19,10,29,18744.0,0.38820999757097613,0.27265690573261026,2.3,2.0,0.5263157894736842,30,19,8,1,19,19,7,1,10,1,71047.0,0.0,69047.0,0,69047.0,0.0,0,69047.0,,2,1
40,2,5695.0,0.0,0,0.0,0.0,0.0,0.0,0.0,0.0,0.0,0,173290.0,173290.0,14,14,0,100246,167595,67349,173290.0,4000,6000.0,179290.0,11695.0,4,40000.0,2,1,5,0,0,2074.0,0,126.75,36,22,58,51941.0,0.4470038582711726,0.31467444789964233,2.772727272727273,2.0,0.6111111111111112,58,36,14,5,41,41,16,2,22,5,9695.0,0.0,5695.0,0,5695.0,0.0,0,5695.0,1,2,1
40,3,105130.0,0.0,0,0.0,0.0,0.0,0.0,0.0,0.0,0.0,0,206348.0,206348.0,12,14,2,70001,101218,31217,206348.0,6000,12000.0,218348.0,117130.0,4,40000.0,4,6,10,0,0,2074.0,0,150.5,48,36,84,127131.0,0.5159328780609522,0.34190160824452925,3.2777777777777777,2.0,0.75,85,48,19,8,66,66,23,5,36,10,111130.0,0.0,105130.0,0,105130.0,0.0,0,105130.0,6,4,2
40,4,21638.0,0.0,0,0.0,0.0,0.0,0.0,0.0,0.0,0.0,0,219111.0,219111.0,18,20,2,150283,197473,47190,219111.0,8000,20000.0,239111.0,41638.0,10,100000.0,5,15,25,0,0,2074.0,0,151.25,64,46,110,191921.0,0.5867253107312509,0.43761450308404115,3.1739130434782608,2.0,0.71875,120,64,22,14,82,82,28,6,46,25,29638.0,0.0,21638.0,0,21638.0,0.0,0,21638.0,15,5,2
40,5,90536.0,0.0,0,0.0,0.0,0.0,0.0,0.0,0.0,0.0,0,244082.0,244082.0,19,20,1,132935,153546,20611,244082.0,10000,30000.0,274082.0,120536.0,10,100000.0,6,17,27,0,0,2074.0,0,163.25,78,59,137,253471.0,0.6008012845867721,0.6063116370808679,4.627118644067797,3,0.7564102564102564,149,78,32,16,106,106,30,12,59,27,100536.0,0.0,90536.0,0,90536.0,0.0,0,90536.0,17,6,5
40,6,135872.0,0.0,0,0.0,0.0,0.0,0.0,0.0,0.0,0.0,0,263844.0,263844.0,16,20,4,117778,127972,10194,263844.0,12000,42000.0,305844.0,177872.0,10,100000.0,7,19,29,0,0,2074.0,0,166.25,87,71,158,295650.0,0.5670800536106964,0.4418918918918919,4.971830985915493,3,0.8160919540229885,172,87,40,19,132,132,31,21,71,29,147872.0,0.0,135872.0,0,135872.0,0.0,0,135872.0,19,7,9
40,7,112346.0,0.0,0,0.0,0.0,0.0,0.0,0.0,0.0,0.0,0,301088.0,301088.0,20,20,0,145923,188742,42819,301088.0,14000,56000.0,357088.0,168346.0,10,100000.0,7,23,33,0,0,2074.0,0,206.0,101,81,182,314269.0,0.5520640875486531,0.43740178103719224,5.530864197530864,3,0.801980198019802,200,101,49,20,153,153,38,24,81,33,126346.0,0.0,112346.0,0,112346.0,0.0,0,112346.0,23,7,10
40,8,245361.0,0.0,0,0.0,0.0,0.0,0.0,0.0,0.0,0.0,0,335946.0,335946.0,14,20,6,84903,90585,5682,335946.0,16000,72000.0,407946.0,317361.0,10,100000.0,7,23,33,0,0,2074.0,0,234.25,112,98,210,402264.0,0.5726088518348915,0.43985955851139097,6.622448979591836,4.0,0.875,220,112,55,23,182,182,48,26,98,33,261361.0,0.0,245361.0,0,245361.0,0.0,0,245361.0,23,7,10
40,9,183282.0,0.0,0,0.0,0.0,0.0,0.0,0.0,0.0,0.0,0,406914.0,406914.0,18,20,2,157567,223632,66065,406914.0,18000,90000.0,496914.0,273282.0,10,100000.0,7,23,33,0,0,2074.0,0,280.25,132,114,246,430849.0,0.5786203709995026,0.45143237128531244,6.754385964912281,3.0,0.8636363636363636,249,132,62,25,204,204,51,28,114,33,201282.0,0.0,183282.0,0,183282.0,0.0,0,183282.0,23,7,11
40,10,80877.0,0.0,0,0.0,0.0,0.0,0.0,0.0,0.0,0.0,0,492334.0,492334.0,19,20,1,282156,411457,129301,492334.0,20000,110000.0,602334.0,190877.0,10,100000.0,7,24,34,0,0,2074.0,0,300.75,148,129,277,473033.0,0.5725387837174079,0.4418918918918919,6.72093023255814,3,0.8716216216216216,273,148,65,29,229,229,56,32,129,34,100877.0,0.0,80877.0,0,80877.0,0.0,0,80877.0,24,7,12
40,11,321137.0,0.0,0,0.0,0.0,0.0,0.0,0.0,0.0,0.0,0,529744.0,529744.0,13,20,7,138810,208607,69797,529744.0,22000,132000.0,661744.0,453137.0,10,100000.0,7,24,34,0,0,2074.0,0,310.75,158,145,303,591947.0,0.580733899509717,0.43782722513089006,6.448275862068965,3,0.9177215189873418,288,158,70,29,265,265,61,46,145,34,343137.0,0.0,321137.0,0,321137.0,0.0,0,321137.0,24,7,13
40,12,261652.0,0.0,0,0.0,0.0,0.0,0.0,0.0,0.0,0.0,0,498725.0,498725.0,20,20,0,204617,237073,32456,498725.0,24000,156000.0,654725.0,417652.0,10,100000.0,7,26,36,0,0,2074.0,0,353.25,174,154,328,622269.0,0.6032848537805028,0.43985955851139097,6.240259740259741,3.0,0.8850574712643678,309,174,73,29,292,292,63,59,154,36,285652.0,0.0,261652.0,0,261652.0,0.0,0,261652.0,26,7,16
41,1,63615.0,0.0,0,0.0,0.0,0.0,0.0,0.0,0.0,0.0,0,154860.0,154860.0,6,10,4,58606,91245,32639,154860.0,2000,2000.0,156860.0,65615.0,0,0.0,0,0,0,0,0,38980.0,0,81.0,19,13,32,24221.0,0.38712120606937694,0.25003813882532416,1.6153846153846154,1,0.6842105263157895,24,19,2,3,24,24,8,3,13,,65615.0,0.0,63615.0,0,63615.0,0.0,0,63615.0,,,
41,2,16055.0,0.0,0,0.0,0.0,0.0,0.0,0.0,0.0,0.0,0,196955.0,196955.0,8,10,2,149630,180900,31270,196955.0,4000,6000.0,202955.0,22055.0,0,0.0,0,1,1,0,0,6667.0,0,132.25,32,24,56,71685.0,0.507292315108769,0.37348205569910997,2.5833333333333335,1.0,0.75,42,32,5,4,51,51,22,5,24,1,20055.0,0.0,16055.0,0,16055.0,0.0,0,16055.0,1,,
41,3,72612.0,0.0,0,0.0,0.0,0.0,0.0,0.0,0.0,0.0,0,245555.0,245555.0,9,10,1,136458,172943,36485,245555.0,6000,12000.0,257555.0,84612.0,0,0.0,1,4,4,0,0,5207.0,0,167.25,47,38,85,121070.0,0.4704060698024707,0.3124712457585386,3.0,1.5,0.8085106382978723,68,47,10,6,74,74,29,7,38,4,78612.0,0.0,72612.0,0,72612.0,0.0,0,72612.0,4,1,
41,4,174578.0,0.0,0,0.0,0.0,0.0,0.0,0.0,0.0,0.0,0,247574.0,247574.0,10,11,1,71187,72996,1809,247574.0,8000,20000.0,267574.0,194578.0,1,10000.0,1,4,5,0,0,5207.0,0,201.5,61,51,112,175765.0,0.6151518984753457,0.372,3.0784313725490198,2,0.8360655737704918,89,61,14,9,100,100,37,10,51,5,182578.0,0.0,174578.0,0,174578.0,0.0,0,174578.0,4,1,2
41,5,49736.0,0.0,0,0.0,0.0,0.0,0.0,0.0,0.0,0.0,0,284742.0,284742.0,16,17,1,163740,235006,71266,284742.0,10000,30000.0,314742.0,79736.0,7,70000.0,3,4,11,0,0,5207.0,0,242.75,78,62,140,213476.0,0.6114837591283574,0.40748205569911,3.5,3.0,0.7948717948717948,120,78,23,12,118,118,41,12,62,11,59736.0,0.0,49736.0,0,49736.0,0.0,0,49736.0,4,3,3
41,6,96453.0,0.0,0,0.0,0.0,0.0,0.0,0.0,0.0,0.0,0,361521.0,361521.0,12,18,6,172375,265068,92693,361521.0,12000,42000.0,403521.0,138453.0,8,80000.0,3,4,12,0,0,5207.0,0,274.25,95,83,178,290828.0,0.6016870705937211,0.44,3.5783132530120483,2,0.8736842105263158,144,95,27,15,144,144,41,16,83,12,108453.0,0.0,96453.0,0,96453.0,0.0,0,96453.0,4,3,4
41,7,54353.0,0.0,0,0.0,0.0,0.0,0.0,0.0,0.0,0.0,0,358197.0,358197.0,18,20,2,230248,303844,73596,358197.0,14000,56000.0,414197.0,110353.0,10,100000.0,3,6,16,0,0,5207.0,0,305.25,111,93,204,340601.0,0.5971566830009569,0.44498869630746046,3.763440860215054,2,0.8378378378378378,169,111,33,16,171,171,47,25,93,16,68353.0,0.0,54353.0,0,54353.0,0.0,0,54353.0,6,3,6
41,8,128204.0,0.0,0,0.0,0.0,0.0,0.0,0.0,0.0,0.0,0,415398.0,415398.0,20,20,0,200539,287194,86655,415398.0,16000,72000.0,487398.0,200204.0,10,100000.0,4,16,26,0,0,5207.0,0,322.75,124,104,228,400743.0,0.6091253264815767,0.45731862930389,3.8076923076923075,2.0,0.8387096774193549,197,124,35,18,191,191,53,28,104,26,144204.0,0.0,128204.0,0,128204.0,0.0,0,128204.0,16,4,6
41,9,273116.0,0.0,0,0.0,0.0,0.0,0.0,0.0,0.0,0.0,0,474978.0,474978.0,18,20,2,100296,201862,101566,474978.0,18000,90000.0,564978.0,363116.0,10,100000.0,4,27,37,0,0,5207.0,0,300.25,133,115,248,463412.0,0.5836226373477225,0.4320108511359783,4.165217391304348,2,0.8646616541353384,227,133,40,23,212,212,60,31,115,37,291116.0,0.0,273116.0,0,273116.0,0.0,0,273116.0,27,4,6
41,10,221659.0,0.0,0,0.0,0.0,0.0,0.0,0.0,0.0,0.0,0,456064.0,456064.0,19,20,1,165289,234405,69116,456064.0,20000,110000.0,566064.0,331659.0,10,100000.0,4,36,46,0,0,5207.0,0,299.75,142,123,265,496948.0,0.6027646965818323,0.44498869630746046,4.162601626016261,3,0.8661971830985915,253,142,47,24,238,238,68,39,123,46,241659.0,0.0,221659.0,0,221659.0,0.0,0,221659.0,36,4,8
41,11,373623.0,0.0,0,0.0,0.0,0.0,0.0,0.0,0.0,0.0,0,546296.0,546296.0,17,20,3,89688,172673,82985,546296.0,22000,132000.0,678296.0,505623.0,10,100000.0,4,42,52,0,0,5207.0,0,302.75,151,134,285,595311.0,0.6192677557663209,0.4807920230856436,4.544776119402985,3.0,0.8874172185430463,275,151,52,26,264,264,73,49,134,52,395623.0,0.0,373623.0,0,373623.0,0.0,0,373623.0,42,4,8
41,12,282220.0,0.0,0,0.0,0.0,0.0,0.0,0.0,0.0,0.0,0,584421.0,584421.0,18,20,2,235275,302201,66926,584421.0,24000,156000.0,740421.0,438220.0,10,100000.0,4,51,61,0,0,5207.0,0,305.25,163,145,308,673495.0,0.6346393266891492,0.5082854799015587,4.979310344827586,3,0.8895705521472392,304,163,58,28,285,285,76,54,145,61,306220.0,0.0,282220.0,0,282220.0,0.0,0,282220.0,51,4,10
42,1,115425.0,0.0,0,0.0,0.0,0.0,0.0,0.0,0.0,0.0,0,134691.0,134691.0,6,10,4,13099,19266,6167,134691.0,2000,2000.0,136691.0,117425.0,0,0.0,1,0,0,0,0,37463.0,0,46.0,17,11,28,30524.0,0.4976739277038286,0.3749422098936662,2.090909090909091,1,0.6470588235294118,25,17,3,4,22,22,7,2,11,,117425.0,0.0,115425.0,0,115425.0,0.0,0,115425.0,,1,2
42,2,50817.0,0.0,0,0.0,0.0,0.0,0.0,0.0,0.0,0.0,0,135514.0,135514.0,11,12,1,70643,84697,14054,135514.0,4000,6000.0,141514.0,56817.0,2,20000.0,1,0,2,0,0,37463.0,0,105.0,36,25,61,47460.0,0.6500111407960031,0.4863216266173752,2.44,1,0.6944444444444444,49,36,6,6,47,47,13,6,25,2,54817.0,0.0,50817.0,0,50817.0,0.0,0,50817.0,,1,3
42,3,26611.0,0.0,0,0.0,0.0,0.0,0.0,0.0,0.0,0.0,0,174693.0,174693.0,10,13,3,107111,148082,40971,174693.0,6000,12000.0,186693.0,38611.0,3,30000.0,1,0,3,0,0,26611.0,0,123.0,48,38,86,75722.0,0.5980347279500888,0.36279578027150844,2.289473684210526,1.5,0.7916666666666666,70,48,12,9,74,74,22,10,38,3,32611.0,0.0,26611.0,0,26611.0,0.0,0,26611.0,,1,4
42,4,98448.0,0.0,0,0.0,0.0,0.0,0.0,0.0,0.0,0.0,0,194291.0,194291.0,17,17,0,65184,95843,30659,194291.0,8000,20000.0,214291.0,118448.0,7,70000.0,1,2,9,0,0,10213.0,0,182.5,69,52,121,153632.0,0.6121770803641265,0.5001363884342608,2.75,2.0,0.7536231884057971,98,69,16,10,97,97,28,13,52,9,106448.0,0.0,98448.0,0,98448.0,0.0,0,98448.0,2,1,4
42,5,90432.0,0.0,0,0.0,0.0,0.0,0.0,0.0,0.0,0.0,0,191672.0,191672.0,19,20,1,85698,101240,15542,191672.0,10000,30000.0,221672.0,120432.0,10,100000.0,2,6,16,0,0,10213.0,0,243.75,85,66,151,206130.0,0.6175632438191665,0.5001363884342608,2.878787878787879,2.0,0.7764705882352941,123,85,19,11,123,123,34,19,66,16,100432.0,0.0,90432.0,0,90432.0,0.0,0,90432.0,6,2,4
42,6,46546.0,0.0,0,0.0,0.0,0.0,0.0,0.0,0.0,0.0,0,301337.0,301337.0,19,20,1,192844,254791,61947,301337.0,12000,42000.0,343337.0,88546.0,10,100000.0,2,11,21,0,0,4764.0,0,270.5,102,83,185,281390.0,0.6223741796310571,0.5227784026996626,3.397590361445783,2,0.8137254901960784,151,102,23,13,143,143,34,22,83,21,58546.0,0.0,46546.0,0,46546.0,0.0,0,46546.0,11,2,4
42,7,109739.0,0.0,0,0.0,0.0,0.0,0.0,0.0,0.0,0.0,0,533798.0,533798.0,19,20,1,257752,424059,166307,533798.0,14000,56000.0,589798.0,165739.0,10,100000.0,2,14,24,0,0,4764.0,0,285.0,119,100,219,423491.0,0.605434978977547,0.5001363884342608,4.15,2.5,0.8403361344537815,178,119,26,17,166,166,38,23,100,24,123739.0,0.0,109739.0,0,109739.0,0.0,0,109739.0,14,2,5
42,8,219078.0,0.0,0,0.0,0.0,0.0,0.0,0.0,0.0,0.0,0,538816.0,538816.0,20,20,0,207782,319738,111956,538816.0,16000,72000.0,610816.0,291078.0,10,100000.0,2,23,33,0,0,4764.0,0,309.0,132,112,244,498860.0,0.6049173306125465,0.5001363884342608,4.723214285714286,3.0,0.8484848484848485,207,132,33,17,184,184,40,25,112,33,235078.0,0.0,219078.0,0,219078.0,0.0,0,219078.0,23,2,7
42,9,204861.0,0.0,0,0.0,0.0,0.0,0.0,0.0,0.0,0.0,0,582203.0,582203.0,18,20,2,259527,377342,117815,582203.0,18000,90000.0,672203.0,294861.0,10,100000.0,2,30,40,0,0,4764.0,0,334.0,145,127,272,554388.0,0.603823183136821,0.5,5.574803149606299,3,0.8758620689655172,234,145,39,18,205,205,42,27,127,40,222861.0,0.0,204861.0,0,204861.0,0.0,0,204861.0,30,2,9
42,10,192305.0,0.0,0,0.0,0.0,0.0,0.0,0.0,0.0,0.0,0,619179.0,619179.0,20,20,0,293762,426874,133112,619179.0,20000,110000.0,729179.0,302305.0,10,100000.0,2,39,49,0,0,4764.0,0,351.0,159,139,298,596067.0,0.5874230906133237,0.4864864864864865,5.669064748201439,3,0.8742138364779874,263,159,42,21,225,225,45,30,139,49,212305.0,0.0,192305.0,0,192305.0,0.0,0,192305.0,39,2,11
42,11,464726.0,0.0,0,0.0,0.0,0.0,0.0,0.0,0.0,0.0,0,739289.0,739289.0,19,20,1,198240,274563,76323,739289.0,22000,132000.0,871289.0,596726.0,10,100000.0,2,49,59,0,0,4764.0,0,335.5,169,150,319,794966.0,0.6256275268092714,0.511525589784092,5.86,3.0,0.8875739644970414,297,169,52,25,243,243,48,32,150,59,486726.0,0.0,464726.0,0,464726.0,0.0,0,464726.0,49,2,13
42,12,553531.0,0.0,0,0.0,0.0,0.0,0.0,0.0,0.0,0.0,0,721776.0,721776.0,15,20,5,122768,168245,45477,721776.0,24000,156000.0,877776.0,709531.0,10,100000.0,2,59,69,0,0,4764.0,0,338.5,175,160,335,832299.0,0.611677661470218,0.5,6.23125,3.0,0.9142857142857143,320,175,57,27,265,265,58,33,160,69,577531.0,0.0,553531.0,0,553531.0,0.0,0,553531.0,59,2,14
43,1,93409.0,0.0,0,0.0,0.0,0.0,0.0,0.0,0.0,0.0,0,113562.0,113562.0,7,11,4,14792,20153,5361,113562.0,2000,2000.0,115562.0,95409.0,1,10000.0,0,0,1,0,0,37674.0,0,79.0,20,13,33,20201.0,0.31617716951411273,0.19310456458400777,1.6153846153846154,1,0.65,25,20,2,3,24,24,7,2,13,1,95409.0,0.0,93409.0,0,93409.0,0.0,0,93409.0,,,2
43,2,109265.0,0.0,0,0.0,0.0,0.0,0.0,0.0,0.0,0.0,0,160310.0,160310.0,6,11,5,31061,51045,19984,160310.0,4000,6000.0,166310.0,115265.0,1,10000.0,0,0,1,0,0,37674.0,0,133.0,34,28,62,56326.0,0.41156999455039583,0.30689605809672593,2.0714285714285716,1.0,0.8235294117647058,43,34,4,5,51,51,17,4,28,1,113265.0,0.0,109265.0,0,109265.0,0.0,0,109265.0,,,2
43,3,27281.0,0.0,0,0.0,0.0,0.0,0.0,0.0,0.0,0.0,0,161762.0,161762.0,17,17,0,86129,134481,48352,161762.0,6000,12000.0,173762.0,39281.0,7,70000.0,0,1,8,0,0,27281.0,0,195.0,54,37,91,95410.0,0.4548364143772014,0.30700179533213645,2.7027027027027026,1,0.6851851851851852,68,54,8,5,75,75,26,9,37,8,33281.0,0.0,27281.0,0,27281.0,0.0,0,27281.0,1,,3
43,4,121336.0,0.0,0,0.0,0.0,0.0,0.0,0.0,0.0,0.0,0,219412.0,219412.0,10,17,7,55060,98076,43016,219412.0,8000,20000.0,239412.0,141336.0,7,70000.0,1,1,8,0,0,27281.0,0,241.5,68,58,126,166396.0,0.5661972760957823,0.3532742826612594,3.2413793103448274,2.0,0.8529411764705882,89,68,14,5,103,103,30,10,58,8,129336.0,0.0,121336.0,0,121336.0,0.0,0,121336.0,1,1,5
43,5,16353.0,0.0,0,0.0,0.0,0.0,0.0,0.0,0.0,0.0,0,240381.0,240381.0,20,20,0,168381,224028,55647,240381.0,10000,30000.0,270381.0,46353.0,10,100000.0,1,1,11,0,0,16353.0,0,278.75,86,66,152,214734.0,0.5675968855264416,0.42501078050884,3.227272727272727,2.0,0.7674418604651163,121,86,27,6,117,117,34,12,66,11,26353.0,0.0,16353.0,0,16353.0,0.0,0,16353.0,1,1,5
43,6,113775.0,0.0,0,0.0,0.0,0.0,0.0,0.0,0.0,0.0,0,301540.0,301540.0,18,20,2,142478,187765,45287,301540.0,12000,42000.0,343540.0,155775.0,10,100000.0,1,4,14,0,0,16353.0,0,304.75,100,82,182,298253.0,0.5721516400586312,0.43733509248130814,3.4634146341463414,2.0,0.82,140,100,28,7,143,143,38,13,82,14,125775.0,0.0,113775.0,0,113775.0,0.0,0,113775.0,4,1,10
43,7,154942.0,0.0,0,0.0,0.0,0.0,0.0,0.0,0.0,0.0,0,375050.0,375050.0,12,20,8,194715,220108,25393,375050.0,14000,56000.0,431050.0,210942.0,10,100000.0,1,4,14,0,0,16353.0,0,319.75,112,100,212,405657.0,0.6026666426912363,0.4533421334706172,4.52,2.5,0.8928571428571429,159,112,33,9,170,170,40,18,100,14,168942.0,0.0,154942.0,0,154942.0,0.0,0,154942.0,4,1,12
43,8,259076.0,0.0,0,0.0,0.0,0.0,0.0,0.0,0.0,0.0,0,384196.0,384196.0,12,20,8,119758,125120,5362,384196.0,16000,72000.0,456196.0,331076.0,10,100000.0,1,4,14,0,0,16353.0,0,323.75,125,113,238,450834.0,0.5886973566619689,0.42522851919561244,5.1415929203539825,3,0.904,181,125,40,11,197,197,51,21,113,14,275076.0,0.0,259076.0,0,259076.0,0.0,0,259076.0,4,1,12
43,9,385803.0,0.0,0,0.0,0.0,0.0,0.0,0.0,0.0,0.0,0,441468.0,441468.0,9,20,11,56453,55665,-788,441468.0,18000,90000.0,531468.0,475803.0,10,100000.0,2,4,14,0,0,6598.0,0,333.25,135,126,261,532256.0,0.5821327595962136,0.42501078050884,5.0476190476190474,3.0,0.9333333333333333,203,135,49,13,222,222,59,24,126,14,403803.0,0.0,385803.0,0,385803.0,0.0,0,385803.0,4,2,13
43,10,380713.0,0.0,0,0.0,0.0,0.0,0.0,0.0,0.0,0.0,0,526831.0,526831.0,10,20,10,120179,146118,25939,526831.0,20000,110000.0,636831.0,490713.0,10,100000.0,2,4,14,0,0,6598.0,0,347.25,150,140,290,610892.0,0.5703584093871965,0.425,5.121428571428571,2.5,0.9333333333333333,226,150,54,16,249,249,67,29,140,14,400713.0,0.0,380713.0,0,380713.0,0.0,0,380713.0,4,2,13
43,11,373206.0,0.0,0,0.0,0.0,0.0,0.0,0.0,0.0,0.0,0,536989.0,536989.0,8,20,12,145680,163783,18103,536989.0,22000,132000.0,668989.0,505206.0,10,100000.0,2,4,14,0,0,6598.0,0,363.25,163,155,318,650886.0,0.561102849229437,0.425,4.941935483870968,3,0.950920245398773,246,163,60,17,277,277,76,32,155,14,395206.0,0.0,373206.0,0,373206.0,0.0,0,373206.0,4,2,14
43,12,375922.0,0.0,0,0.0,0.0,0.0,0.0,0.0,0.0,0.0,0,606015.0,606015.0,9,20,11,162713,230093,67380,606015.0,24000,156000.0,762015.0,531922.0,10,100000.0,2,4,14,0,0,6598.0,0,394.25,178,169,347,694635.0,0.552784831053991,0.38461538461538464,4.834319526627219,2,0.949438202247191,265,178,62,19,308,308,88,36,169,14,399922.0,0.0,375922.0,0,375922.0,0.0,0,375922.0,4,2,15
44,1,50120.0,0.0,0,0.0,0.0,0.0,0.0,0.0,0.0,0.0,0,141840.0,141840.0,9,10,1,54221,91720,37499,141840.0,2000,2000.0,143840.0,52120.0,0,0.0,0,0,0,0,0,50120.0,0,63.0,17,8,25,6341.0,0.49902714470257664,0.2530090716499342,2.125,2.0,0.47058823529411764,26,17,7,2,20,20,12,,8,,52120.0,0.0,50120.0,0,50120.0,0.0,0,50120.0,,,
44,2,1716.0,0.0,0,0.0,0.0,0.0,0.0,0.0,0.0,0.0,0,131300.0,131300.0,13,13,0,109238,129584,20346,131300.0,4000,6000.0,137300.0,7716.0,3,30000.0,1,1,4,0,0,1716.0,0,104.75,35,22,57,46954.0,0.6567228074730939,0.7598090600695454,3.090909090909091,3.0,0.6285714285714286,58,35,14,7,39,39,15,1,22,4,5716.0,0.0,1716.0,0,1716.0,0.0,0,1716.0,1,1,1
44,3,16075.0,0.0,0,0.0,0.0,0.0,0.0,0.0,0.0,0.0,0,162769.0,162769.0,11,13,2,108935,146694,37759,162769.0,6000,12000.0,174769.0,28075.0,3,30000.0,8,4,7,0,0,391.0,0,96.5,45,34,79,67010.0,0.7390304961776665,0.5001704872557349,3.911764705882353,3.0,0.7555555555555555,91,45,21,13,58,58,17,4,34,7,22075.0,0.0,16075.0,0,16075.0,0.0,0,16075.0,4,8,3
44,4,63753.0,0.0,0,0.0,0.0,0.0,0.0,0.0,0.0,0.0,0,162117.0,162117.0,12,15,3,81951,98364,16413,162117.0,8000,20000.0,182117.0,83753.0,5,50000.0,10,9,14,0,0,361.0,0,129.75,59,47,106,115704.0,0.6638994582483349,0.3803680981595092,4.25531914893617,3,0.7966101694915254,120,59,26,16,81,81,24,7,47,14,71753.0,0.0,63753.0,0,63753.0,0.0,0,63753.0,9,10,3
44,5,95713.0,0.0,0,0.0,0.0,0.0,0.0,0.0,0.0,0.0,0,179089.0,179089.0,17,17,0,66804,83376,16572,179089.0,10000,30000.0,209089.0,125713.0,7,70000.0,10,9,16,0,0,361.0,0,170.25,74,57,131,162517.0,0.633189886022996,0.35,4.333333333333333,3,0.7702702702702703,143,74,32,18,108,108,36,11,57,16,105713.0,0.0,95713.0,0,95713.0,0.0,0,95713.0,9,10,4
44,6,26839.0,0.0,0,0.0,0.0,0.0,0.0,0.0,0.0,0.0,0,234486.0,234486.0,19,20,1,136072,207647,71575,234486.0,12000,42000.0,276486.0,68839.0,10,100000.0,10,15,25,0,0,361.0,0,197.75,88,69,157,204911.0,0.6721176212428018,0.5562492637530922,4.478260869565218,3,0.7840909090909091,171,88,38,20,129,129,39,16,69,25,38839.0,0.0,26839.0,0,26839.0,0.0,0,26839.0,15,10,5
44,7,88221.0,0.0,0,0.0,0.0,0.0,0.0,0.0,0.0,0.0,0,256190.0,256190.0,20,20,0,121472,167969,46497,256190.0,14000,56000.0,312190.0,144221.0,10,100000.0,10,18,28,0,0,361.0,0,200.25,101,81,182,265693.0,0.6653009268610156,0.5562492637530922,4.827160493827161,3,0.801980198019802,195,101,42,24,155,155,39,28,81,28,102221.0,0.0,88221.0,0,88221.0,0.0,0,88221.0,18,10,7
44,8,48981.0,0.0,0,0.0,0.0,0.0,0.0,0.0,0.0,0.0,0,317510.0,317510.0,19,20,1,215823,268529,52706,317510.0,16000,72000.0,389510.0,120981.0,10,100000.0,10,31,41,0,0,361.0,0,211.25,112,93,205,336804.0,0.662084927302659,0.5820512820512821,5.387096774193548,4,0.8303571428571429,226,112,45,28,177,177,43,33,93,41,64981.0,0.0,48981.0,0,48981.0,0.0,0,48981.0,31,10,8
44,9,-5785.0,0.0,0,0.0,0.0,0.0,0.0,0.0,0.0,0.0,0,337284.0,337284.0,20,20,0,279912,343069,63157,337284.0,18000,90000.0,427284.0,84215.0,10,100000.0,11,32,42,1,1,-5785.0,1,252.0,126,106,232,364127.0,0.6186241567729053,0.37600311998440006,6.09433962264151,4.0,0.8412698412698413,249,126,52,28,203,203,45,42,106,42,12215.0,0.0,-5785.0,0,-5785.0,0.0,0,-5785.0,32,11,10
44,10,10775.0,0.0,0,0.0,0.0,0.0,0.0,0.0,0.0,0.0,0,333819.0,333819.0,17,20,3,261130,323044,61914,333819.0,20000,110000.0,443819.0,120775.0,10,100000.0,23,33,43,2,1,-5785.0,0,257.25,133,116,249,381905.0,0.6085101192685796,0.3676182632176938,6.439655172413793,4.0,0.8721804511278195,274,133,57,28,225,225,49,48,116,43,30775.0,0.0,10775.0,0,10775.0,0.0,0,10775.0,33,23,12
44,11,69925.0,0.0,0,0.0,0.0,0.0,0.0,0.0,0.0,0.0,0,444066.0,444066.0,18,20,2,310845,374141,63296,444066.0,22000,132000.0,576066.0,201925.0,10,100000.0,24,33,43,2,1,-5785.0,0,287.75,146,128,274,512770.0,0.6111077247208879,0.37600311998440006,6.515625,3.5,0.8767123287671232,289,146,58,28,255,255,59,55,128,43,91925.0,0.0,69925.0,0,69925.0,0.0,0,69925.0,33,24,13
44,12,10445.0,0.0,0,0.0,0.0,0.0,0.0,0.0,0.0,0.0,0,386556.0,386556.0,20,20,0,372759,376111,3352,386556.0,24000,156000.0,542556.0,166445.0,10,100000.0,24,41,51,2,1,-5785.0,0,277.25,155,135,290,539204.0,0.613328382811422,0.37500592388986304,6.325925925925926,3,0.8709677419354839,312,155,61,31,281,281,69,63,135,51,34445.0,0.0,10445.0,0,10445.0,0.0,0,10445.0,41,24,14
45,1,9513.0,0.0,0,0.0,0.0,0.0,0.0,0.0,0.0,0.0,0,65987.0,65987.0,13,15,2,46345,56474,10129,65987.0,2000,2000.0,67987.0,11513.0,5,50000.0,1,0,5,0,0,1448.0,0,78.0,20,7,27,7858.0,0.36950126380353704,0.34974533106960953,1.5714285714285714,2,0.35,31,20,10,,19,19,6,3,7,5,11513.0,0.0,9513.0,0,9513.0,0.0,0,9513.0,,1,3
45,2,8906.0,0.0,0,0.0,0.0,0.0,0.0,0.0,0.0,0.0,0,83167.0,83167.0,15,15,0,70266,74261,3995,83167.0,4000,6000.0,89167.0,14906.0,5,50000.0,1,0,5,0,0,1448.0,0,127.25,36,21,57,35172.0,0.5457972624779502,0.34974533106960953,2.761904761904762,2,0.5833333333333334,53,36,16,,46,46,9,13,21,5,12906.0,0.0,8906.0,0,8906.0,0.0,0,8906.0,,1,3
45,3,13267.0,0.0,0,0.0,0.0,0.0,0.0,0.0,0.0,0.0,0,124017.0,124017.0,16,16,0,94177,110750,16573,124017.0,6000,12000.0,136017.0,25267.0,6,60000.0,6,0,6,0,0,1448.0,0,139.75,49,33,82,79444.0,0.4796524275349494,0.24746450304259635,3.727272727272727,2,0.673469387755102,82,49,21,6,66,66,9,20,33,6,19267.0,0.0,13267.0,0,13267.0,0.0,0,13267.0,,6,4
45,4,19338.0,0.0,0,0.0,0.0,0.0,0.0,0.0,0.0,0.0,0,162777.0,162777.0,15,17,2,100478,143439,42961,162777.0,8000,20000.0,182777.0,39338.0,7,70000.0,7,1,8,0,0,1448.0,0,173.75,63,48,111,109816.0,0.45529839554780605,0.2500101054047467,4.166666666666667,2.5,0.7619047619047619,109,63,27,11,88,88,9,27,48,8,27338.0,0.0,19338.0,0,19338.0,0.0,0,19338.0,1,7,4
45,5,29791.0,0.0,0,0.0,0.0,0.0,0.0,0.0,0.0,0.0,0,161025.0,161025.0,17,18,1,97897,131234,33337,161025.0,10000,30000.0,191025.0,59791.0,8,80000.0,7,1,9,0,0,1448.0,0,207.25,78,61,139,137688.0,0.4706884615203563,0.25009269558769004,4.245901639344262,3,0.782051282051282,133,78,35,12,110,110,10,35,61,9,39791.0,0.0,29791.0,0,29791.0,0.0,0,29791.0,1,7,4
45,6,99112.0,0.0,0,0.0,0.0,0.0,0.0,0.0,0.0,0.0,0,184114.0,184114.0,11,18,7,57893,85002,27109,184114.0,12000,42000.0,226114.0,141112.0,8,80000.0,8,1,9,0,0,1448.0,0,208.5,85,74,159,179005.0,0.47548889480715595,0.2680405896364554,5.094594594594595,3.0,0.8705882352941177,149,85,41,14,141,141,15,45,74,9,111112.0,0.0,99112.0,0,99112.0,0.0,0,99112.0,1,8,7
45,7,6825.0,0.0,0,0.0,0.0,0.0,0.0,0.0,0.0,0.0,0,246143.0,246143.0,9,18,9,212640,239318,26678,246143.0,14000,56000.0,302143.0,62825.0,8,80000.0,9,1,9,0,0,1448.0,0,259.75,103,94,197,255465.0,0.4919458094277549,0.28753789263626117,5.351063829787234,3.0,0.912621359223301,173,103,44,16,167,167,17,47,94,9,20825.0,0.0,6825.0,0,6825.0,0.0,0,6825.0,1,9,9
45,8,-12976.0,0.0,0,0.0,0.0,0.0,0.0,0.0,0.0,0.0,0,232261.0,232261.0,15,18,3,220559,245237,24678,232261.0,16000,72000.0,304261.0,59024.0,8,80000.0,15,1,9,1,1,-12976.0,1,262.25,113,98,211,259583.0,0.4999682475552724,0.28753789263626117,5.1938775510204085,3.0,0.8672566371681416,194,113,48,17,191,191,22,60,98,9,3024.0,0.0,-12976.0,0,-12976.0,0.0,0,-12976.0,1,15,11
45,9,190625.0,0.0,0,0.0,0.0,0.0,0.0,0.0,0.0,0.0,0,285731.0,285731.0,13,18,5,62047,95106,33059,285731.0,18000,90000.0,375731.0,280625.0,8,80000.0,18,1,9,2,1,-12976.0,0,284.75,129,116,245,322672.0,0.49912664118454475,0.31034887386220356,5.379310344827586,3.0,0.8992248062015504,219,129,52,19,215,215,22,63,116,9,208625.0,0.0,190625.0,0,190625.0,0.0,0,190625.0,1,18,14
45,10,103202.0,0.0,0,0.0,0.0,0.0,0.0,0.0,0.0,0.0,0,273681.0,273681.0,20,20,0,142834,170479,27645,273681.0,20000,110000.0,383681.0,213202.0,10,100000.0,18,5,15,2,1,-12976.0,0,316.25,147,127,274,356036.0,0.5183098882685865,0.33161044613710555,5.267716535433071,3,0.8639455782312925,249,147,58,21,234,234,23,67,127,15,123202.0,0.0,103202.0,0,103202.0,0.0,0,103202.0,5,18,17
45,11,85221.0,0.0,0,0.0,0.0,0.0,0.0,0.0,0.0,0.0,0,311532.0,311532.0,19,20,1,200314,226311,25997,311532.0,22000,132000.0,443532.0,217221.0,10,100000.0,18,5,15,2,1,-12976.0,0,337.75,160,141,301,417535.0,0.5163916244229053,0.34210526315789475,5.602836879432624,3,0.88125,271,160,64,24,261,261,30,73,141,15,107221.0,0.0,85221.0,0,85221.0,0.0,0,85221.0,5,18,17
45,12,238236.0,0.0,0,0.0,0.0,0.0,0.0,0.0,0.0,0.0,0,392972.0,392972.0,13,20,7,138763,154736,15973,392972.0,24000,156000.0,548972.0,394236.0,10,100000.0,19,12,22,2,1,-12976.0,0,344.75,171,158,329,532999.0,0.5555031161141977,0.349961964790263,5.525316455696203,3.0,0.9239766081871345,294,171,67,25,286,286,34,76,158,22,262236.0,0.0,238236.0,0,238236.0,0.0,0,238236.0,12,19,18
46,1,11065.0,0.0,0,0.0,0.0,0.0,0.0,0.0,0.0,0.0,0,97220.0,97220.0,13,13,0,77903,86155,8252,97220.0,2000,2000.0,99220.0,13065.0,3,30000.0,0,0,3,0,0,11065.0,0,74.0,20,7,27,20968.0,0.8237358849619408,0.9078726968174204,1.7142857142857142,2,0.35,26,20,4,2,21,21,8,4,7,3,13065.0,0.0,11065.0,0,11065.0,0.0,0,11065.0,,,2
46,2,33193.0,0.0,0,0.0,0.0,0.0,0.0,0.0,0.0,0.0,0,128268.0,128268.0,16,16,0,52456,95075,42619,128268.0,4000,6000.0,134268.0,39193.0,6,60000.0,0,3,9,0,0,11065.0,0,126.0,36,20,56,51649.0,0.692157298051249,0.7407013174339528,3.8,3.0,0.5555555555555556,51,36,7,5,41,41,8,8,20,9,37193.0,0.0,33193.0,0,33193.0,0.0,0,33193.0,3,,5
46,3,13359.0,0.0,0,0.0,0.0,0.0,0.0,0.0,0.0,0.0,0,95588.0,95588.0,18,19,1,55921,82229,26308,95588.0,6000,12000.0,107588.0,25359.0,9,90000.0,1,10,19,0,0,6286.0,0,161.75,51,33,84,71280.0,0.6196931522789636,0.6132075471698113,3.6666666666666665,2,0.6470588235294118,79,51,11,6,60,60,13,8,33,19,19359.0,0.0,13359.0,0,13359.0,0.0,0,13359.0,10,1,6
46,4,24900.0,0.0,0,0.0,0.0,0.0,0.0,0.0,0.0,0.0,0,159863.0,159863.0,19,20,1,81108,134963,53855,159863.0,8000,20000.0,179863.0,44900.0,10,100000.0,1,13,23,0,0,392.0,0,197.5,68,49,117,126008.0,0.6555371243089324,0.6132075471698113,4.469387755102041,3,0.7205882352941176,105,68,14,9,84,84,17,11,49,23,32900.0,0.0,24900.0,0,24900.0,0.0,0,24900.0,13,1,7
46,5,11231.0,0.0,0,0.0,0.0,0.0,0.0,0.0,0.0,0.0,0,160196.0,160196.0,19,20,1,92913,148965,56052,160196.0,10000,30000.0,190196.0,41231.0,10,100000.0,1,18,28,0,0,392.0,0,201.0,79,60,139,134144.0,0.6094698549951348,0.5194801809679213,4.25,3.0,0.759493670886076,132,79,19,15,106,106,23,16,60,28,21231.0,0.0,11231.0,0,11231.0,0.0,0,11231.0,18,1,7
46,6,-1559.0,0.0,0,0.0,0.0,0.0,0.0,0.0,0.0,0.0,0,165218.0,165218.0,20,20,0,140271,166777,26506,165218.0,12000,42000.0,207218.0,40441.0,10,100000.0,6,19,29,1,1,-1559.0,1,236.0,94,74,168,180712.0,0.5805138492138164,0.4627027027027027,5.851351351351352,3.0,0.7872340425531915,156,94,21,16,130,130,26,22,74,29,10441.0,0.0,-1559.0,0,-1559.0,0.0,0,-1559.0,19,6,8
46,7,61602.0,0.0,0,0.0,0.0,0.0,0.0,0.0,0.0,0.0,0,213900.0,213900.0,18,20,2,122526,152298,29772,213900.0,14000,56000.0,269900.0,117602.0,10,100000.0,8,21,31,2,1,-1559.0,0,258.0,105,87,192,240128.0,0.6219278679580935,0.4254054054054054,6.114942528735632,3,0.8285714285714286,178,105,28,16,156,156,38,23,87,31,75602.0,0.0,61602.0,0,61602.0,0.0,0,61602.0,21,8,8
46,8,230.0,0.0,0,0.0,0.0,0.0,0.0,0.0,0.0,0.0,0,317656.0,317656.0,19,20,1,205522,317426,111904,317656.0,16000,72000.0,389656.0,72230.0,10,100000.0,13,21,31,2,1,-1559.0,0,277.5,116,97,213,277752.0,0.6311630729316475,0.4254054054054054,6.628865979381444,4,0.8362068965517241,201,116,34,17,180,180,49,25,97,31,16230.0,0.0,230.0,0,230.0,0.0,0,230.0,21,13,9
46,9,55285.0,0.0,0,0.0,0.0,0.0,0.0,0.0,0.0,0.0,0,371366.0,371366.0,16,20,4,189881,316081,126200,371366.0,18000,90000.0,461366.0,145285.0,10,100000.0,18,25,35,2,1,-1559.0,0,269.5,126,110,236,335166.0,0.672937549763253,0.4627027027027027,7.872727272727273,4.0,0.873015873015873,226,126,38,19,206,206,56,29,110,35,73285.0,0.0,55285.0,0,55285.0,0.0,0,55285.0,25,18,11
46,10,22444.0,0.0,0,0.0,0.0,0.0,0.0,0.0,0.0,0.0,0,370969.0,370969.0,20,20,0,253710,348525,94815,370969.0,20000,110000.0,480969.0,132444.0,10,100000.0,19,32,42,2,1,-1559.0,0,277.5,140,120,260,386154.0,0.6658911332580274,0.5000158277936055,7.466666666666667,4.0,0.8571428571428571,255,140,43,21,230,230,63,35,120,42,42444.0,0.0,22444.0,0,22444.0,0.0,0,22444.0,32,19,12
46,11,268721.0,0.0,0,0.0,0.0,0.0,0.0,0.0,0.0,0.0,0,431962.0,431962.0,18,20,2,148702,163241,14539,431962.0,22000,132000.0,563962.0,400721.0,10,100000.0,19,35,45,2,1,-1559.0,0,249.5,147,129,276,549423.0,0.663211198655973,0.5,7.27906976744186,4,0.8775510204081632,277,147,48,28,262,262,77,44,129,45,290721.0,0.0,268721.0,0,268721.0,0.0,0,268721.0,35,19,12
46,12,303540.0,0.0,0,0.0,0.0,0.0,0.0,0.0,0.0,0.0,0,508070.0,508070.0,18,20,2,127051,204530,77479,508070.0,24000,156000.0,664070.0,459540.0,10,100000.0,19,48,58,2,1,-1559.0,0,260.5,159,141,300,586591.0,0.6416374509193316,0.49888542131074454,8.170212765957446,4,0.8867924528301887,307,159,52,29,277,277,79,45,141,58,327540.0,0.0,303540.0,0,303540.0,0.0,0,303540.0,48,19,12
47,1,136448.0,0.0,0,0.0,0.0,0.0,0.0,0.0,0.0,0.0,0,139118.0,139118.0,2,10,8,1345,2670,1325,139118.0,2000,2000.0,141118.0,138448.0,0,0.0,0,0,0,0,0,44994.0,0,70.0,18,16,34,39793.0,0.6489353359358262,0.6669463379023108,1.4375,1.5,0.8888888888888888,21,18,3,,29,29,11,2,16,,138448.0,0.0,136448.0,0,136448.0,0.0,0,136448.0,,,
47,2,20302.0,0.0,0,0.0,0.0,0.0,0.0,0.0,0.0,0.0,0,170886.0,170886.0,12,12,0,109081,150584,41503,170886.0,4000,6000.0,176886.0,26302.0,2,20000.0,1,1,3,0,0,15278.0,0,138.25,38,26,64,55383.0,0.6610000641907579,0.6669463379023108,2.1153846153846154,2.0,0.6842105263157895,48,38,5,3,52,52,22,4,26,3,24302.0,0.0,20302.0,0,20302.0,0.0,0,20302.0,1,1,
47,3,160.0,0.0,0,0.0,0.0,0.0,0.0,0.0,0.0,0.0,0,139303.0,139303.0,15,15,0,109746,139143,29397,139303.0,6000,12000.0,151303.0,12160.0,5,50000.0,6,2,7,0,0,160.0,0,153.75,51,36,87,71906.0,0.6135116338452496,0.6667859272510435,2.4444444444444446,2.0,0.7058823529411765,75,51,10,6,73,73,24,12,36,7,6160.0,0.0,160.0,0,160.0,0.0,0,160.0,2,6,1
47,4,60084.0,0.0,0,0.0,0.0,0.0,0.0,0.0,0.0,0.0,0,215386.0,215386.0,10,15,5,116777,155302,38525,215386.0,8000,20000.0,235386.0,80084.0,5,50000.0,8,2,7,0,0,160.0,0,197.5,66,56,122,146861.0,0.6942940542558926,0.6669463379023108,3.4642857142857144,2.0,0.8484848484848485,97,66,14,7,103,103,31,12,56,7,68084.0,0.0,60084.0,0,60084.0,0.0,0,60084.0,2,8,4
47,5,25969.0,0.0,0,0.0,0.0,0.0,0.0,0.0,0.0,0.0,0,280119.0,280119.0,8,15,7,175243,254150,78907,280119.0,10000,30000.0,310119.0,55969.0,5,50000.0,8,2,7,0,0,160.0,0,192.5,74,66,140,181212.0,0.6802067010005352,0.6669463379023108,3.5303030303030303,2.0,0.8918918918918919,114,74,21,9,133,133,42,17,66,7,35969.0,0.0,25969.0,0,25969.0,0.0,0,25969.0,2,8,8
47,6,164839.0,0.0,0,0.0,0.0,0.0,0.0,0.0,0.0,0.0,0,329508.0,329508.0,8,15,7,129566,164669,35103,329508.0,12000,42000.0,371508.0,206839.0,5,50000.0,9,2,7,0,0,160.0,0,237.0,89,81,170,286405.0,0.6639863521940801,0.6669051878354204,3.4691358024691357,2,0.9101123595505618,135,89,24,11,164,164,53,20,81,7,176839.0,0.0,164839.0,0,164839.0,0.0,0,164839.0,2,9,10
47,7,252216.0,0.0,0,0.0,0.0,0.0,0.0,0.0,0.0,0.0,0,356411.0,356411.0,10,15,5,101014,104195,3181,356411.0,14000,56000.0,412411.0,308216.0,5,50000.0,9,2,7,0,0,160.0,0,263.0,102,92,194,359230.0,0.6649583544554761,0.6669463379023108,3.760869565217391,2.0,0.9019607843137255,155,102,30,12,192,192,63,26,92,7,266216.0,0.0,252216.0,0,252216.0,0.0,0,252216.0,2,9,11
47,8,68028.0,0.0,0,0.0,0.0,0.0,0.0,0.0,0.0,0.0,0,458103.0,458103.0,17,20,3,263680,390075,126395,458103.0,16000,72000.0,530103.0,140028.0,10,100000.0,9,4,14,0,0,160.0,0,293.5,120,103,223,403708.0,0.6643166130751159,0.6669051878354204,3.9611650485436893,2,0.8583333333333333,182,120,37,12,215,215,69,30,103,14,84028.0,0.0,68028.0,0,68028.0,0.0,0,68028.0,4,9,13
47,9,87999.0,0.0,0,0.0,0.0,0.0,0.0,0.0,0.0,0.0,0,516425.0,516425.0,20,20,0,283424,428426,145002,516425.0,18000,90000.0,606425.0,177999.0,10,100000.0,9,11,21,0,0,160.0,0,304.0,135,115,250,461423.0,0.678691068977452,0.6669051878354204,3.8347826086956522,2,0.8518518518518519,208,135,39,14,236,236,69,36,115,21,105999.0,0.0,87999.0,0,87999.0,0.0,0,87999.0,11,9,16
47,10,193371.0,0.0,0,0.0,0.0,0.0,0.0,0.0,0.0,0.0,0,606112.0,606112.0,20,20,0,251236,412741,161505,606112.0,20000,110000.0,716112.0,303371.0,10,100000.0,9,16,26,0,0,160.0,0,312.5,145,125,270,554607.0,0.6790042406290947,0.6669874879692012,3.936,2,0.8620689655172413,227,145,42,15,263,263,69,50,125,26,213371.0,0.0,193371.0,0,193371.0,0.0,0,193371.0,16,9,19
47,11,409879.0,0.0,0,0.0,0.0,0.0,0.0,0.0,0.0,0.0,0,639299.0,639299.0,19,20,1,143356,229420,86064,639299.0,22000,132000.0,771299.0,541879.0,10,100000.0,9,29,39,0,0,160.0,0,299.0,152,133,285,685235.0,0.6761744697039216,0.6666666666666666,4.360902255639098,2,0.875,256,152,48,18,282,282,70,58,133,39,431879.0,0.0,409879.0,0,409879.0,0.0,0,409879.0,29,9,21
47,12,360487.0,0.0,0,0.0,0.0,0.0,0.0,0.0,0.0,0.0,0,664776.0,664776.0,20,20,0,194068,304289,110221,664776.0,24000,156000.0,820776.0,516487.0,10,100000.0,9,44,54,0,0,160.0,0,305.0,164,144,308,710555.0,0.6683847148109923,0.6652937946183415,5.159722222222222,3.0,0.8780487804878049,291,164,56,18,295,295,70,59,144,54,384487.0,0.0,360487.0,0,360487.0,0.0,0,360487.0,44,9,22
48,1,122238.0,0.0,0,0.0,0.0,0.0,0.0,0.0,0.0,0.0,0,129248.0,129248.0,6,10,4,6658,7010,352,129248.0,2000,2000.0,131248.0,124238.0,0,0.0,0,0,0,0,0,43110.0,0,48.0,17,11,28,30896.0,0.4045194112469138,0.24973544973544973,1.2727272727272727,1,0.6470588235294118,25,17,4,4,25,25,6,3,11,,124238.0,0.0,122238.0,0,122238.0,0.0,0,122238.0,,,5
48,2,52581.0,0.0,0,0.0,0.0,0.0,0.0,0.0,0.0,0.0,0,137882.0,137882.0,12,14,2,49459,85301,35842,137882.0,4000,6000.0,143882.0,58581.0,4,40000.0,0,0,4,0,0,43110.0,0,119.0,34,22,56,48040.0,0.5056039141460519,0.31241780594183344,1.1363636363636365,1.0,0.6470588235294118,52,34,12,6,45,45,7,6,22,4,56581.0,0.0,52581.0,0,52581.0,0.0,0,52581.0,,,10
48,3,72643.0,0.0,0,0.0,0.0,0.0,0.0,0.0,0.0,0.0,0,151307.0,151307.0,11,14,3,46036,78664,32628,151307.0,6000,12000.0,163307.0,84643.0,4,40000.0,1,7,11,0,0,8229.0,0,136.25,44,33,77,70679.0,0.5064636696415746,0.3749513807856865,2.1515151515151514,1,0.75,78,44,19,7,69,69,11,11,33,11,78643.0,0.0,72643.0,0,72643.0,0.0,0,72643.0,7,1,14
48,4,6231.0,0.0,0,0.0,0.0,0.0,0.0,0.0,0.0,0.0,0,124889.0,124889.0,16,16,0,94625,118658,24033,124889.0,8000,20000.0,144889.0,26231.0,6,60000.0,2,14,20,0,0,3529.0,0,166.25,59,43,102,80856.0,0.4905872995803545,0.36366430986781434,2.697674418604651,2,0.7288135593220338,107,59,22,10,94,94,17,18,43,20,14231.0,0.0,6231.0,0,6231.0,0.0,0,6231.0,14,2,16
48,5,-400.0,0.0,0,0.0,0.0,0.0,0.0,0.0,0.0,0.0,0,124817.0,124817.0,15,18,3,84782,125217,40435,124817.0,10000,30000.0,154817.0,29600.0,8,80000.0,4,22,30,1,1,-400.0,1,152.75,67,52,119,94382.0,0.5484638949052034,0.3568381688862767,3.9038461538461537,2.0,0.7761194029850746,144,67,38,13,107,107,19,19,52,30,9600.0,0.0,-400.0,0,-400.0,0.0,0,-400.0,22,4,17
48,6,42324.0,0.0,0,0.0,0.0,0.0,0.0,0.0,0.0,0.0,0,132694.0,132694.0,19,20,1,65949,90370,24421,132694.0,12000,42000.0,174694.0,84324.0,10,100000.0,8,25,35,2,1,-400.0,0,197.5,83,64,147,150273.0,0.5921333529751936,0.39430299962979104,4.40625,2.0,0.7710843373493976,170,83,39,15,129,129,21,26,64,35,54324.0,0.0,42324.0,0,42324.0,0.0,0,42324.0,25,8,18
48,7,39910.0,0.0,0,0.0,0.0,0.0,0.0,0.0,0.0,0.0,0,167234.0,167234.0,17,20,3,78226,127324,49098,167234.0,14000,56000.0,223234.0,95910.0,10,100000.0,8,31,41,2,1,-400.0,0,226.25,94,77,171,174136.0,0.633284524178635,0.4375675675675676,5.467532467532467,3,0.8191489361702128,192,94,43,16,157,157,26,35,77,41,53910.0,0.0,39910.0,0,39910.0,0.0,0,39910.0,31,8,19
48,8,88353.0,0.0,0,0.0,0.0,0.0,0.0,0.0,0.0,0.0,0,212373.0,212373.0,17,20,3,77469,124020,46551,212373.0,16000,72000.0,284373.0,160353.0,10,100000.0,8,31,41,2,1,-400.0,0,237.75,107,90,197,237822.0,0.6309124734214151,0.4515337826730232,5.955555555555556,3.0,0.8411214953271028,215,107,50,19,184,184,33,42,90,41,104353.0,0.0,88353.0,0,88353.0,0.0,0,88353.0,31,8,19
48,9,91545.0,0.0,0,0.0,0.0,0.0,0.0,0.0,0.0,0.0,0,222582.0,222582.0,20,20,0,109074,131037,21963,222582.0,18000,90000.0,312582.0,181545.0,10,100000.0,8,36,46,2,1,-400.0,0,274.75,126,106,232,290619.0,0.6256480937358645,0.4515337826730232,5.89622641509434,2.5,0.8412698412698413,242,126,52,20,209,209,33,47,106,46,109545.0,0.0,91545.0,0,91545.0,0.0,0,91545.0,36,8,23
48,10,106633.0,0.0,0,0.0,0.0,0.0,0.0,0.0,0.0,0.0,0,272302.0,272302.0,20,20,0,119883,165669,45786,272302.0,20000,110000.0,382302.0,216633.0,10,100000.0,9,50,60,2,1,-400.0,0,271.75,137,117,254,336516.0,0.6278582323829845,0.5012135922330098,6.068376068376068,3,0.8540145985401459,273,137,54,23,225,225,34,50,117,60,126633.0,0.0,106633.0,0,106633.0,0.0,0,106633.0,50,9,24
48,11,124898.0,0.0,0,0.0,0.0,0.0,0.0,0.0,0.0,0.0,0,276652.0,276652.0,18,20,2,108723,151754,43031,276652.0,22000,132000.0,408652.0,256898.0,10,100000.0,11,61,71,2,1,-400.0,0,276.25,145,127,272,365621.0,0.612166804366071,0.4376130198915009,6.086614173228346,3,0.8758620689655172,303,145,62,24,242,242,37,53,127,71,146898.0,0.0,124898.0,0,124898.0,0.0,0,124898.0,61,11,25
48,12,199235.0,0.0,0,0.0,0.0,0.0,0.0,0.0,0.0,0.0,0,336177.0,336177.0,18,20,2,114158,136942,22784,336177.0,24000,156000.0,492177.0,355235.0,10,100000.0,11,63,73,2,1,-400.0,0,296.75,158,140,298,469393.0,0.5969209912802409,0.43759757433471236,5.814285714285714,3.0,0.8860759493670886,325,158,66,27,265,265,42,58,140,73,223235.0,0.0,199235.0,0,199235.0,0.0,0,199235.0,63,11,25
49,1,72406.0,0.0,0,0.0,0.0,0.0,0.0,0.0,0.0,0.0,0,141377.0,141377.0,10,10,0,50103,68971,18868,141377.0,2000,2000.0,143377.0,74406.0,0,0.0,0,0,0,0,0,32943.0,0,79.0,21,11,32,24509.0,0.5192313276352661,0.3125,1.4545454545454546,1,0.5238095238095238,28,21,5,2,20,20,8,1,11,,74406.0,0.0,72406.0,0,72406.0,0.0,0,72406.0,,,
49,2,52535.0,0.0,0,0.0,0.0,0.0,0.0,0.0,0.0,0.0,0,148305.0,148305.0,15,15,0,71894,95770,23876,148305.0,4000,6000.0,154305.0,58535.0,5,50000.0,0,0,5,0,0,5814.0,0,135.0,38,23,61,80429.0,0.5315316609163244,0.3125,2.0869565217391304,1,0.6052631578947368,54,38,11,5,44,44,13,6,23,5,56535.0,0.0,52535.0,0,52535.0,0.0,0,52535.0,,,2
49,3,14638.0,0.0,0,0.0,0.0,0.0,0.0,0.0,0.0,0.0,0,148618.0,148618.0,16,19,3,83026,133980,50954,148618.0,6000,12000.0,160618.0,26638.0,9,90000.0,1,2,11,0,0,5584.0,0,169.0,55,39,94,99664.0,0.49443569355669553,0.2952433023510115,3.41025641025641,2,0.7090909090909091,82,55,16,8,64,64,15,7,39,11,20638.0,0.0,14638.0,0,14638.0,0.0,0,14638.0,2,1,3
49,4,3489.0,0.0,0,0.0,0.0,0.0,0.0,0.0,0.0,0.0,0,150353.0,150353.0,19,19,0,103304,146864,43560,150353.0,8000,20000.0,170353.0,23489.0,9,90000.0,8,8,17,0,0,2459.0,0,172.75,64,45,109,116793.0,0.4999877997554281,0.3125,3.3777777777777778,2,0.703125,111,64,21,10,85,85,19,17,45,17,11489.0,0.0,3489.0,0,3489.0,0.0,0,3489.0,8,8,4
49,5,81870.0,0.0,0,0.0,0.0,0.0,0.0,0.0,0.0,0.0,0,212928.0,212928.0,16,19,3,98857,131058,32201,212928.0,10000,30000.0,242928.0,111870.0,9,90000.0,9,11,20,0,0,2369.0,0,214.0,78,62,140,200727.0,0.5320848069166362,0.3380526630249232,4.951612903225806,2.0,0.7948717948717948,133,78,24,11,116,116,28,22,62,20,91870.0,0.0,81870.0,0,81870.0,0.0,0,81870.0,11,9,4
49,6,84909.0,0.0,0,0.0,0.0,0.0,0.0,0.0,0.0,0.0,0,216845.0,216845.0,19,20,1,121687,131936,10249,216845.0,12000,42000.0,258845.0,126909.0,10,100000.0,9,20,30,0,0,2369.0,0,230.0,92,73,165,248596.0,0.5184187609042781,0.3125,5.383561643835616,3,0.7934782608695652,161,92,28,12,140,140,35,27,73,30,96909.0,0.0,84909.0,0,84909.0,0.0,0,84909.0,20,9,5
49,7,109225.0,0.0,0,0.0,0.0,0.0,0.0,0.0,0.0,0.0,0,246899.0,246899.0,17,20,3,112520,137674,25154,246899.0,14000,56000.0,302899.0,165225.0,10,100000.0,9,26,36,0,0,2369.0,0,254.0,104,87,191,277745.0,0.5173641964907759,0.3091506572295248,5.793103448275862,3,0.8365384615384616,186,104,32,15,163,163,38,31,87,36,123225.0,0.0,109225.0,0,109225.0,0.0,0,109225.0,26,9,7
49,8,114056.0,0.0,0,0.0,0.0,0.0,0.0,0.0,0.0,0.0,0,424526.0,424526.0,20,20,0,215247,310470,95223,424526.0,16000,72000.0,496526.0,186056.0,10,100000.0,9,27,37,0,0,2369.0,0,271.0,121,101,222,401303.0,0.5138004915256849,0.29539951573849876,5.772277227722772,3,0.8347107438016529,213,121,39,17,184,184,39,35,101,37,130056.0,0.0,114056.0,0,114056.0,0.0,0,114056.0,27,9,9
49,9,194879.0,0.0,0,0.0,0.0,0.0,0.0,0.0,0.0,0.0,0,423015.0,423015.0,19,20,1,206457,228136,21679,423015.0,18000,90000.0,513015.0,284879.0,10,100000.0,9,41,51,0,0,2369.0,0,282.0,132,113,245,491336.0,0.5126314372636992,0.29549562074238844,6.0,3,0.8560606060606061,242,132,42,18,209,209,44,41,113,51,212879.0,0.0,194879.0,0,194879.0,0.0,0,194879.0,41,9,11
49,10,498659.0,0.0,0,0.0,0.0,0.0,0.0,0.0,0.0,0.0,0,587039.0,587039.0,14,20,6,69895,88380,18485,587039.0,20000,110000.0,697039.0,608659.0,10,100000.0,9,41,51,0,0,2369.0,0,305.0,150,136,286,678554.0,0.5108142111677445,0.33032355406288566,6.3161764705882355,3.0,0.9066666666666666,265,150,44,21,237,237,47,41,136,51,518659.0,0.0,498659.0,0,498659.0,0.0,0,498659.0,41,9,13
49,11,420133.0,0.0,0,0.0,0.0,0.0,0.0,0.0,0.0,0.0,0,630225.0,630225.0,20,20,0,175271,210092,34821,630225.0,22000,132000.0,762225.0,552133.0,10,100000.0,9,41,51,0,0,2369.0,0,339.0,168,148,316,727404.0,0.519255214549997,0.356581818466317,6.0,3.0,0.8809523809523809,291,168,51,22,261,261,50,47,148,51,442133.0,0.0,420133.0,0,420133.0,0.0,0,420133.0,41,9,16
49,12,339653.0,0.0,0,0.0,0.0,0.0,0.0,0.0,0.0,0.0,0,649453.0,649453.0,20,20,0,257463,309800,52337,649453.0,24000,156000.0,805453.0,495653.0,10,100000.0,9,55,65,0,0,2369.0,0,322.5,176,156,332,753116.0,0.5174229280023784,0.3487327241595099,6.147435897435898,3.0,0.8863636363636364,319,176,53,26,282,282,56,53,156,65,363653.0,0.0,339653.0,0,339653.0,0.0,0,339653.0,55,9,17
50,1,32286.0,0.0,0,0.0,0.0,0.0,0.0,0.0,0.0,0.0,0,125266.0,125266.0,7,10,3,85068,92980,7912,125266.0,2000,2000.0,127266.0,34286.0,0,0.0,1,1,1,0,0,4588.0,0,66.0,19,12,31,19354.0,0.5910795051381634,0.5511223344556677,1.4166666666666667,1.0,0.631578947368421,31,19,6,4,17,17,5,,12,1,34286.0,0.0,32286.0,0,32286.0,0.0,0,32286.0,1,1,
50,2,139784.0,0.0,0,0.0,0.0,0.0,0.0,0.0,0.0,0.0,0,161317.0,161317.0,6,10,4,15823,21533,5710,161317.0,4000,6000.0,167317.0,145784.0,0,0.0,2,1,1,0,0,4588.0,0,115.75,34,28,62,61607.0,0.5465506457247793,0.40015189421015007,2.2142857142857144,1.5,0.8235294117647058,51,34,8,6,46,46,13,4,28,1,143784.0,0.0,139784.0,0,139784.0,0.0,0,139784.0,1,2,1
50,3,57926.0,0.0,0,0.0,0.0,0.0,0.0,0.0,0.0,0.0,0,205345.0,205345.0,14,15,1,98170,147419,49249,205345.0,6000,12000.0,217345.0,69926.0,5,50000.0,2,1,6,0,0,4588.0,0,169.5,53,39,92,118096.0,0.6132968899192023,0.7218934911242604,2.5128205128205128,2,0.7358490566037735,76,53,13,7,69,69,18,9,39,6,63926.0,0.0,57926.0,0,57926.0,0.0,0,57926.0,1,2,3
50,4,78128.0,0.0,0,0.0,0.0,0.0,0.0,0.0,0.0,0.0,0,179970.0,179970.0,19,20,1,79018,101842,22824,179970.0,8000,20000.0,199970.0,98128.0,10,100000.0,2,3,13,0,0,4588.0,0,220.75,71,52,123,177146.0,0.5805572338586137,0.5741872523986778,2.5576923076923075,2.0,0.7323943661971831,102,71,18,8,93,93,19,17,52,13,86128.0,0.0,78128.0,0,78128.0,0.0,0,78128.0,3,2,5
50,5,44766.0,0.0,0,0.0,0.0,0.0,0.0,0.0,0.0,0.0,0,248011.0,248011.0,19,20,1,132900,203245,70345,248011.0,10000,30000.0,278011.0,74766.0,10,100000.0,4,9,19,0,0,4588.0,0,247.5,84,65,149,207666.0,0.5504183599481126,0.4253037884203002,3.3846153846153846,2,0.7738095238095238,129,84,21,11,118,118,20,25,65,19,54766.0,0.0,44766.0,0,44766.0,0.0,0,44766.0,9,4,8
50,6,190737.0,0.0,0,0.0,0.0,0.0,0.0,0.0,0.0,0.0,0,274754.0,274754.0,11,20,9,70950,84017,13067,274754.0,12000,42000.0,316754.0,232737.0,10,100000.0,4,12,22,0,0,4588.0,0,262.25,96,85,181,303687.0,0.5550406677478943,0.43439556186298545,4.623529411764705,2,0.8854166666666666,151,96,26,13,144,144,22,27,85,22,202737.0,0.0,190737.0,0,190737.0,0.0,0,190737.0,12,4,10
50,7,82836.0,0.0,0,0.0,0.0,0.0,0.0,0.0,0.0,0.0,0,374871.0,374871.0,12,20,8,229895,292035,62140,374871.0,14000,56000.0,430871.0,138836.0,10,100000.0,4,12,22,0,0,4588.0,0,290.25,110,98,208,368731.0,0.5809877321194972,0.5272487121912561,4.438775510204081,2.5,0.8909090909090909,173,110,32,15,172,172,26,34,98,22,96836.0,0.0,82836.0,0,82836.0,0.0,0,82836.0,12,4,14
50,8,173538.0,0.0,0,0.0,0.0,0.0,0.0,0.0,0.0,0.0,0,368159.0,368159.0,14,20,6,200194,194621,-5573,368159.0,16000,72000.0,440159.0,245538.0,10,100000.0,4,12,22,0,0,4588.0,0,319.75,125,111,236,445732.0,0.5678253694650869,0.48542274052478135,4.171171171171171,2,0.888,193,125,36,16,199,199,32,41,111,22,189538.0,0.0,173538.0,0,173538.0,0.0,0,173538.0,12,4,15
50,9,313967.0,0.0,0,0.0,0.0,0.0,0.0,0.0,0.0,0.0,0,494193.0,494193.0,19,20,1,124980,180226,55246,494193.0,18000,90000.0,584193.0,403967.0,10,100000.0,4,12,22,0,0,4588.0,0,352.25,144,125,269,528947.0,0.5817267129291803,0.5,4.304,2,0.8680555555555556,219,144,41,18,225,225,39,44,125,22,331967.0,0.0,313967.0,0,313967.0,0.0,0,313967.0,12,4,17
50,10,284734.0,0.0,0,0.0,0.0,0.0,0.0,0.0,0.0,0.0,0,493981.0,493981.0,19,20,1,163946,209247,45301,493981.0,20000,110000.0,603981.0,394734.0,10,100000.0,4,20,30,0,0,4588.0,0,363.75,154,135,289,558680.0,0.5785832186100064,0.48542274052478135,4.37037037037037,3,0.8766233766233766,242,154,45,19,249,249,40,53,135,30,304734.0,0.0,284734.0,0,284734.0,0.0,0,284734.0,20,4,21
50,11,250983.0,0.0,0,0.0,0.0,0.0,0.0,0.0,0.0,0.0,0,541643.0,541643.0,14,20,6,225613,290660,65047,541643.0,22000,132000.0,673643.0,382983.0,10,100000.0,4,24,34,0,0,4588.0,0,377.75,167,153,320,608596.0,0.5676844458629584,0.4336283185840708,5.359477124183006,3,0.9161676646706587,269,167,53,21,271,271,41,55,153,34,272983.0,0.0,250983.0,0,250983.0,0.0,0,250983.0,24,4,22
50,12,308563.0,0.0,0,0.0,0.0,0.0,0.0,0.0,0.0,0.0,0,564111.0,564111.0,20,20,0,238197,255548,17351,564111.0,24000,156000.0,720111.0,464563.0,10,100000.0,4,24,34,0,0,4588.0,0,397.75,184,164,348,702760.0,0.5586475525002766,0.4294660535021855,5.371951219512195,3.0,0.8913043478260869,295,184,57,26,293,293,42,65,164,34,332563.0,0.0,308563.0,0,308563.0,0.0,0,308563.0,24,4,22
51,1,16077.0,0.0,0,0.0,0.0,0.0,0.0,0.0,0.0,0.0,0,174634.0,174634.0,9,11,2,93904,158557,64653,174634.0,2000,2000.0,176634.0,18077.0,1,10000.0,2,0,1,0,0,11274.0,0,64.0,19,10,29,21981.0,0.8540514249528502,0.9361806306131735,1.7,1.0,0.5263157894736842,31,19,7,3,17,17,4,3,10,1,18077.0,0.0,16077.0,0,16077.0,0.0,0,16077.0,,2,
51,2,120030.0,0.0,0,0.0,0.0,0.0,0.0,0.0,0.0,0.0,0,166850.0,166850.0,9,15,6,37424,46820,9396,166850.0,4000,6000.0,172850.0,126030.0,5,50000.0,3,0,5,0,0,1279.0,0,118.25,34,25,59,113454.0,0.6790254806964517,0.8998998998998999,2.84,3,0.7352941176470589,53,34,10,6,44,44,10,6,25,5,124030.0,0.0,120030.0,0,120030.0,0.0,0,120030.0,,3,3
51,3,27341.0,0.0,0,0.0,0.0,0.0,0.0,0.0,0.0,0.0,0,228969.0,228969.0,13,15,2,153101,201628,48527,228969.0,6000,12000.0,240969.0,39341.0,5,50000.0,6,4,9,0,0,1279.0,0,157.25,51,38,89,142442.0,0.6305149949604308,0.6950433198290553,3.0526315789473686,3.0,0.7450980392156863,83,51,14,8,67,67,15,10,38,9,33341.0,0.0,27341.0,0,27341.0,0.0,0,27341.0,4,6,4
51,4,133310.0,0.0,0,0.0,0.0,0.0,0.0,0.0,0.0,0.0,0,252654.0,252654.0,13,15,2,113896,119344,5448,252654.0,8000,20000.0,272654.0,153310.0,5,50000.0,7,12,17,0,0,1279.0,0,159.25,60,47,107,217206.0,0.6012563260331488,0.5468200703100032,3.5531914893617023,3,0.7833333333333333,109,60,20,10,92,92,24,15,47,17,141310.0,0.0,133310.0,0,133310.0,0.0,0,133310.0,12,7,6
51,5,125556.0,0.0,0,0.0,0.0,0.0,0.0,0.0,0.0,0.0,0,274003.0,274003.0,14,15,1,127409,148447,21038,274003.0,10000,30000.0,304003.0,155556.0,5,50000.0,7,12,17,0,0,1279.0,0,202.5,73,59,132,232965.0,0.5808106723203198,0.5000577167263073,4.067796610169491,3,0.8082191780821918,130,73,27,11,124,124,41,18,59,17,135556.0,0.0,125556.0,0,125556.0,0.0,0,125556.0,12,7,6
51,6,22197.0,0.0,0,0.0,0.0,0.0,0.0,0.0,0.0,0.0,0,253320.0,253320.0,14,18,4,208184,231123,22939,253320.0,12000,42000.0,295320.0,64197.0,8,80000.0,8,15,23,0,0,1279.0,0,226.5,85,71,156,252381.0,0.5516728482035022,0.5,4.352112676056338,3,0.8352941176470589,154,85,32,14,149,149,48,24,71,23,34197.0,0.0,22197.0,0,22197.0,0.0,0,22197.0,15,8,6
51,7,59387.0,0.0,0,0.0,0.0,0.0,0.0,0.0,0.0,0.0,0,277136.0,277136.0,16,18,2,195227,217749,22522,277136.0,14000,56000.0,333136.0,115387.0,8,80000.0,8,16,24,0,0,497.0,0,252.5,99,83,182,290614.0,0.5662208585848013,0.514420474754504,4.843373493975903,3,0.8383838383838383,180,99,39,18,174,174,53,28,83,24,73387.0,0.0,59387.0,0,59387.0,0.0,0,59387.0,16,8,10
51,8,102604.0,0.0,0,0.0,0.0,0.0,0.0,0.0,0.0,0.0,0,361753.0,361753.0,19,20,1,199728,259149,59421,361753.0,16000,72000.0,433753.0,174604.0,10,100000.0,8,17,27,0,0,497.0,0,281.0,117,98,215,374332.0,0.5908766217562313,0.5537735103323066,4.755102040816326,3.0,0.8376068376068376,208,117,45,21,197,197,53,32,98,27,118604.0,0.0,102604.0,0,102604.0,0.0,0,102604.0,17,8,14
51,9,153351.0,0.0,0,0.0,0.0,0.0,0.0,0.0,0.0,0.0,0,447227.0,447227.0,20,20,0,264435,293876,29441,447227.0,18000,90000.0,537227.0,243351.0,10,100000.0,8,17,27,0,0,497.0,0,320.0,135,115,250,507786.0,0.6173360678392886,0.56072695035461,4.956521739130435,4,0.8518518518518519,228,135,46,22,223,223,54,40,115,27,171351.0,0.0,153351.0,0,153351.0,0.0,0,153351.0,17,8,14
51,10,239214.0,0.0,0,0.0,0.0,0.0,0.0,0.0,0.0,0.0,0,593252.0,593252.0,19,20,1,259492,354038,94546,593252.0,20000,110000.0,703252.0,349214.0,10,100000.0,8,26,36,0,0,497.0,0,331.5,146,127,273,608706.0,0.6111913302997729,0.5468200703100032,4.968503937007874,4,0.8698630136986302,256,146,52,24,244,244,57,44,127,36,259214.0,0.0,239214.0,0,239214.0,0.0,0,239214.0,26,8,16
51,11,307978.0,0.0,0,0.0,0.0,0.0,0.0,0.0,0.0,0.0,0,682763.0,682763.0,19,20,1,257040,374785,117745,682763.0,22000,132000.0,814763.0,439978.0,10,100000.0,8,30,40,0,0,497.0,0,352.0,161,142,303,697018.0,0.6065148826131576,0.5349841092290757,5.647887323943662,4.0,0.8819875776397516,281,161,57,25,265,265,59,47,142,40,329978.0,0.0,307978.0,0,307978.0,0.0,0,307978.0,30,8,17
51,12,415861.0,0.0,0,0.0,0.0,0.0,0.0,0.0,0.0,0.0,0,687015.0,687015.0,20,20,0,224425,271154,46729,687015.0,24000,156000.0,843015.0,571861.0,10,100000.0,8,33,43,0,0,497.0,0,383.0,177,157,334,796286.0,0.6029158622408818,0.5231481481481481,5.45859872611465,4,0.8870056497175142,309,177,65,26,284,284,61,48,157,43,439861.0,0.0,415861.0,0,415861.0,0.0,0,415861.0,33,8,18
52,1,6061.0,0.0,0,0.0,0.0,0.0,0.0,0.0,0.0,0.0,0,83508.0,83508.0,12,14,2,60989,77447,16458,83508.0,2000,2000.0,85508.0,8061.0,4,40000.0,2,5,9,0,0,148.0,0,75.0,19,7,26,9050.0,0.4721079857537638,0.31263957123715946,2.7142857142857144,2,0.3684210526315789,30,19,2,2,17,17,7,2,7,9,8061.0,0.0,6061.0,0,6061.0,0.0,0,6061.0,5,2,1
52,2,14006.0,0.0,0,0.0,0.0,0.0,0.0,0.0,0.0,0.0,0,105864.0,105864.0,15,15,0,79285,91858,12573,105864.0,4000,6000.0,111864.0,20006.0,5,50000.0,2,5,10,0,0,148.0,0,125.0,36,21,57,49291.0,0.585549211737161,0.37057921141009165,4.666666666666667,4,0.5833333333333334,60,36,13,4,36,36,9,4,21,10,18006.0,0.0,14006.0,0,14006.0,0.0,0,14006.0,5,2,2
52,3,26226.0,0.0,0,0.0,0.0,0.0,0.0,0.0,0.0,0.0,0,103537.0,103537.0,14,16,2,70568,77311,6743,103537.0,6000,12000.0,115537.0,38226.0,6,60000.0,2,10,16,0,0,148.0,0,140.5,49,35,84,68794.0,0.4873379853480802,0.3500874125874126,4.514285714285714,4,0.7142857142857143,87,49,19,7,58,58,11,9,35,16,32226.0,0.0,26226.0,0,26226.0,0.0,0,26226.0,10,2,3
52,4,32631.0,0.0,0,0.0,0.0,0.0,0.0,0.0,0.0,0.0,0,100946.0,100946.0,11,17,6,65904,68315,2411,100946.0,8000,20000.0,120946.0,52631.0,7,70000.0,6,15,22,0,0,148.0,0,165.5,61,50,111,88535.0,0.4883482221992111,0.3503781544542414,4.82,4.0,0.819672131147541,114,61,23,9,79,79,13,13,50,22,40631.0,0.0,32631.0,0,32631.0,0.0,0,32631.0,15,6,3
52,5,27174.0,0.0,0,0.0,0.0,0.0,0.0,0.0,0.0,0.0,0,132629.0,132629.0,10,17,7,86477,105455,18978,132629.0,10000,30000.0,162629.0,57174.0,7,70000.0,8,15,22,0,0,148.0,0,214.75,76,66,142,113651.0,0.49761355814754904,0.3500437062937063,4.712121212121212,4.0,0.868421052631579,141,76,31,11,102,102,15,18,66,22,37174.0,0.0,27174.0,0,27174.0,0.0,0,27174.0,15,8,3
52,6,-7428.0,0.0,0,0.0,0.0,0.0,0.0,0.0,0.0,0.0,0,136591.0,136591.0,18,18,0,124576,144019,19443,136591.0,12000,42000.0,178591.0,34572.0,8,80000.0,8,22,30,1,1,-7428.0,1,248.25,90,72,162,139148.0,0.5124486565824521,0.3503781544542414,4.472222222222222,3.0,0.8,166,90,34,12,126,126,18,33,72,30,4572.0,0.0,-7428.0,0,-7428.0,0.0,0,-7428.0,22,8,3
52,7,-9353.0,0.0,0,0.0,0.0,0.0,0.0,0.0,0.0,0.0,0,142672.0,142672.0,15,18,3,124893,152025,27132,142672.0,14000,56000.0,198672.0,46647.0,8,80000.0,20,22,30,2,2,-9353.0,1,257.0,98,83,181,151540.0,0.5345596465165356,0.3500874125874126,5.325301204819277,4,0.8469387755102041,193,98,38,15,149,149,19,44,83,30,4647.0,0.0,-9353.0,0,-9353.0,0.0,0,-9353.0,22,20,3
52,8,-1899.0,0.0,0,0.0,0.0,0.0,0.0,0.0,0.0,0.0,0,169113.0,169113.0,15,18,3,116415,171012,54597,169113.0,16000,72000.0,241113.0,70101.0,8,80000.0,35,22,30,3,3,-9353.0,1,238.5,105,90,195,166516.0,0.5457853617713113,0.3500437062937063,5.466666666666667,4.0,0.8571428571428571,227,105,45,20,165,165,23,46,90,30,14101.0,0.0,-1899.0,0,-1899.0,0.0,0,-1899.0,22,35,6
52,9,79225.0,0.0,0,0.0,0.0,0.0,0.0,0.0,0.0,0.0,0,206758.0,206758.0,14,18,4,81584,127533,45949,206758.0,18000,90000.0,296758.0,169225.0,8,80000.0,37,22,30,4,3,-9353.0,0,257.0,120,106,226,230809.0,0.5420756532194895,0.3500437062937063,5.330188679245283,3.5,0.8833333333333333,252,120,51,22,191,191,25,52,106,30,97225.0,0.0,79225.0,0,79225.0,0.0,0,79225.0,22,37,8
52,10,152577.0,0.0,0,0.0,0.0,0.0,0.0,0.0,0.0,0.0,0,246351.0,246351.0,13,18,5,80909,93774,12865,246351.0,20000,110000.0,356351.0,262577.0,8,80000.0,37,22,30,4,3,-9353.0,0,285.0,135,122,257,323486.0,0.5675593349557285,0.36062405386558094,5.581967213114754,3.0,0.9037037037037037,277,135,61,22,218,218,28,57,122,30,172577.0,0.0,152577.0,0,152577.0,0.0,0,152577.0,22,37,11
52,11,-12341.0,0.0,0,0.0,0.0,0.0,0.0,0.0,0.0,0.0,0,252478.0,252478.0,19,20,1,227203,264819,37616,252478.0,22000,132000.0,384478.0,119659.0,10,100000.0,40,24,34,5,4,-12341.0,1,302.0,151,132,283,346862.0,0.5622742335554116,0.36712221601083356,5.446969696969697,3.0,0.8741721854304636,306,151,66,25,237,237,28,66,132,34,9659.0,0.0,-12341.0,0,-12341.0,0.0,0,-12341.0,24,40,11
52,12,205627.0,0.0,0,0.0,0.0,0.0,0.0,0.0,0.0,0.0,0,321272.0,321272.0,17,20,3,88521,115645,27124,321272.0,24000,156000.0,477272.0,361627.0,10,100000.0,41,26,36,6,4,-12341.0,0,329.5,166,149,315,450148.0,0.546626642064594,0.36366522061157547,5.369127516778524,3,0.8975903614457831,333,166,73,27,260,260,32,67,149,36,229627.0,0.0,205627.0,0,205627.0,0.0,0,205627.0,26,41,12
53,1,79772.0,0.0,0,0.0,0.0,0.0,0.0,0.0,0.0,0.0,0,157328.0,157328.0,8,10,2,67710,77556,9846,157328.0,2000,2000.0,159328.0,81772.0,0,0.0,0,0,0,0,0,25299.0,0,97.0,23,15,38,49482.0,0.5177539675653419,0.3492647058823529,1.2666666666666666,1,0.6521739130434783,27,23,3,1,22,22,4,3,15,,81772.0,0.0,79772.0,0,79772.0,0.0,0,79772.0,,,
53,2,116659.0,0.0,0,0.0,0.0,0.0,0.0,0.0,0.0,0.0,0,204685.0,204685.0,10,12,2,71736,88026,16290,204685.0,4000,6000.0,210685.0,122659.0,2,20000.0,0,4,6,0,0,9604.0,0,157.5,42,32,74,114395.0,0.49553446717546773,0.32235486104104305,1.9375,1.0,0.7619047619047619,53,42,6,1,44,44,6,5,32,6,120659.0,0.0,116659.0,0,116659.0,0.0,0,116659.0,4,,1
53,3,-614.0,0.0,0,0.0,0.0,0.0,0.0,0.0,0.0,0.0,0,267942.0,267942.0,14,15,1,175959,268556,92597,267942.0,6000,12000.0,279942.0,11386.0,5,50000.0,3,9,14,1,1,-614.0,1,158.25,55,41,96,137345.0,0.51841317106915,0.3492647058823529,2.7560975609756095,1,0.7454545454545455,92,55,18,7,59,59,8,8,41,14,5386.0,0.0,-614.0,0,-614.0,0.0,0,-614.0,9,3,2
53,4,235321.0,0.0,0,0.0,0.0,0.0,0.0,0.0,0.0,0.0,0,299834.0,299834.0,15,17,2,53551,64513,10962,299834.0,8000,20000.0,319834.0,255321.0,7,70000.0,3,9,16,1,1,-614.0,0,189.5,69,54,123,278872.0,0.5469862434398988,0.3564478761323796,3.3518518518518516,2.0,0.782608695652174,113,69,24,8,88,88,19,13,54,16,243321.0,0.0,235321.0,0,235321.0,0.0,0,235321.0,9,3,2
53,5,218416.0,0.0,0,0.0,0.0,0.0,0.0,0.0,0.0,0.0,0,310992.0,310992.0,15,20,5,68370,92576,24206,310992.0,10000,30000.0,340992.0,248416.0,10,100000.0,3,9,19,1,1,-614.0,0,249.25,87,72,159,316786.0,0.5577311559203315,0.407519579050416,3.236111111111111,2.0,0.8275862068965517,138,87,30,9,116,116,23,18,72,19,228416.0,0.0,218416.0,0,218416.0,0.0,0,218416.0,9,3,3
53,6,161416.0,0.0,0,0.0,0.0,0.0,0.0,0.0,0.0,0.0,0,360598.0,360598.0,20,20,0,160559,199182,38623,360598.0,12000,42000.0,402598.0,203416.0,10,100000.0,3,14,24,1,1,-614.0,0,276.75,103,83,186,363975.0,0.5584277251944302,0.4861855670103093,3.674698795180723,2,0.8058252427184466,168,103,38,10,136,136,23,26,83,24,173416.0,0.0,161416.0,0,161416.0,0.0,0,161416.0,14,3,4
53,7,184711.0,0.0,0,0.0,0.0,0.0,0.0,0.0,0.0,0.0,0,383793.0,383793.0,20,20,0,155551,199082,43531,383793.0,14000,56000.0,439793.0,240711.0,10,100000.0,3,17,27,1,1,-614.0,0,297.75,115,95,210,396262.0,0.5347605638327784,0.375,4.315789473684211,2,0.8260869565217391,187,115,41,11,164,164,24,35,95,27,198711.0,0.0,184711.0,0,184711.0,0.0,0,184711.0,17,3,10
53,8,281110.0,0.0,0,0.0,0.0,0.0,0.0,0.0,0.0,0.0,0,444016.0,444016.0,20,20,0,114135,162906,48771,444016.0,16000,72000.0,516016.0,353110.0,10,100000.0,3,21,31,1,1,-614.0,0,326.75,129,109,238,467245.0,0.5295842406608448,0.375,4.522935779816514,2,0.8449612403100775,212,129,48,11,190,190,26,42,109,31,297110.0,0.0,281110.0,0,281110.0,0.0,0,281110.0,21,3,13
53,9,357347.0,0.0,0,0.0,0.0,0.0,0.0,0.0,0.0,0.0,0,432784.0,432784.0,15,20,5,72341,75437,3096,432784.0,18000,90000.0,522784.0,447347.0,10,100000.0,3,22,32,1,1,-614.0,0,329.75,141,126,267,519688.0,0.5271778411275863,0.3858717235901509,4.896825396825397,2.5,0.8936170212765957,237,141,55,16,212,212,26,46,126,32,375347.0,0.0,357347.0,0,357347.0,0.0,0,357347.0,22,3,14
53,10,223057.0,0.0,0,0.0,0.0,0.0,0.0,0.0,0.0,0.0,0,479203.0,479203.0,18,20,2,213121,256146,43025,479203.0,20000,110000.0,589203.0,333057.0,10,100000.0,3,30,40,1,1,-614.0,0,339.75,156,138,294,546178.0,0.5449434045485837,0.4285833731485905,4.695652173913044,2.0,0.8846153846153846,266,156,60,17,235,235,26,53,138,40,243057.0,0.0,223057.0,0,223057.0,0.0,0,223057.0,30,3,18
53,11,261418.0,0.0,0,0.0,0.0,0.0,0.0,0.0,0.0,0.0,0,527244.0,527244.0,20,20,0,198644,265826,67182,527244.0,22000,132000.0,659244.0,393418.0,10,100000.0,3,38,48,1,1,-614.0,0,352.75,165,145,310,592062.0,0.5513712218105226,0.4285953177257525,4.689655172413793,2,0.8787878787878788,290,165,67,17,263,263,33,64,145,48,283418.0,0.0,261418.0,0,261418.0,0.0,0,261418.0,38,3,21
53,12,340628.0,0.0,0,0.0,0.0,0.0,0.0,0.0,0.0,0.0,0,635381.0,635381.0,17,20,3,237968,294753,56785,635381.0,24000,156000.0,791381.0,496628.0,10,100000.0,3,39,49,1,1,-614.0,0,363.25,177,160,337,734596.0,0.5498769661028832,0.4285833731485905,5.1375,3.0,0.903954802259887,314,177,76,19,291,291,39,70,160,49,364628.0,0.0,340628.0,0,340628.0,0.0,0,340628.0,39,3,22
54,1,35575.0,0.0,0,0.0,0.0,0.0,0.0,0.0,0.0,0.0,0,127132.0,127132.0,11,12,1,53249,91557,38308,127132.0,2000,2000.0,129132.0,37575.0,2,20000.0,0,0,2,0,0,26622.0,0,85.0,21,10,31,10824.0,0.44214633355781413,0.2730371936877517,1.4,1.0,0.47619047619047616,27,21,4,2,26,26,14,1,10,2,37575.0,0.0,35575.0,0,35575.0,0.0,0,35575.0,,,1
54,2,91210.0,0.0,0,0.0,0.0,0.0,0.0,0.0,0.0,0.0,0,133487.0,133487.0,9,12,3,30635,42277,11642,133487.0,4000,6000.0,139487.0,97210.0,2,20000.0,0,0,2,0,0,26622.0,0,90.0,31,22,53,47845.0,0.5346863517881565,0.3295147370481646,2.6818181818181817,2.0,0.7096774193548387,49,31,10,8,56,56,28,5,22,2,95210.0,0.0,91210.0,0,91210.0,0.0,0,91210.0,,,1
54,3,-3567.0,0.0,0,0.0,0.0,0.0,0.0,0.0,0.0,0.0,0,113330.0,113330.0,15,16,1,87486,116897,29411,113330.0,6000,12000.0,125330.0,8433.0,6,60000.0,0,11,17,1,1,-3567.0,1,113.25,46,31,77,55919.0,0.5061148000513097,0.27472527472527475,2.967741935483871,2,0.6739130434782609,80,46,14,9,72,72,30,10,31,17,2433.0,0.0,-3567.0,0,-3567.0,0.0,0,-3567.0,11,,1
54,4,34542.0,0.0,0,0.0,0.0,0.0,0.0,0.0,0.0,0.0,0,108132.0,108132.0,10,18,8,61806,73590,11784,108132.0,8000,20000.0,128132.0,54542.0,8,80000.0,7,12,20,2,1,-3567.0,0,142.75,58,48,106,96348.0,0.5274772327542184,0.28514420732850765,3.5208333333333335,2.0,0.8275862068965517,106,58,18,11,94,94,32,13,48,20,42542.0,0.0,34542.0,0,34542.0,0.0,0,34542.0,12,7,1
54,5,16539.0,0.0,0,0.0,0.0,0.0,0.0,0.0,0.0,0.0,0,133813.0,133813.0,10,18,8,106967,117274,10307,133813.0,10000,30000.0,163813.0,46539.0,8,80000.0,9,12,20,2,1,-3567.0,0,194.5,78,68,146,133506.0,0.5397844125261368,0.32060351612177257,4.25,2.0,0.8717948717948718,134,78,21,14,120,120,37,14,68,20,26539.0,0.0,16539.0,0,16539.0,0.0,0,16539.0,12,9,1
54,6,67438.0,0.0,0,0.0,0.0,0.0,0.0,0.0,0.0,0.0,0,157558.0,157558.0,10,18,8,79432,90120,10688,157558.0,12000,42000.0,199558.0,109438.0,8,80000.0,12,12,20,2,1,-3567.0,0,229.0,93,83,176,168870.0,0.5646622703673776,0.3634663341645885,4.265060240963855,2,0.8924731182795699,159,93,24,18,146,146,44,18,83,20,79438.0,0.0,67438.0,0,67438.0,0.0,0,67438.0,12,12,1
54,7,75008.0,0.0,0,0.0,0.0,0.0,0.0,0.0,0.0,0.0,0,191025.0,191025.0,19,20,1,97949,116017,18068,191025.0,14000,56000.0,247025.0,131008.0,10,100000.0,12,14,24,2,1,-3567.0,0,279.0,113,94,207,228957.0,0.5559951621576731,0.3691870869643291,4.319148936170213,2.0,0.831858407079646,183,113,26,18,173,173,58,20,94,24,89008.0,0.0,75008.0,0,75008.0,0.0,0,75008.0,14,12,1
54,8,210662.0,0.0,0,0.0,0.0,0.0,0.0,0.0,0.0,0.0,0,286598.0,286598.0,15,20,5,71557,75936,4379,286598.0,16000,72000.0,358598.0,282662.0,10,100000.0,12,21,31,2,1,-3567.0,0,293.5,124,109,233,354219.0,0.5619387800346942,0.38357705286839144,4.495412844036697,2,0.8790322580645161,206,124,31,18,198,198,65,23,109,31,226662.0,0.0,210662.0,0,210662.0,0.0,0,210662.0,21,12,1
54,9,280522.0,0.0,0,0.0,0.0,0.0,0.0,0.0,0.0,0.0,0,412947.0,412947.0,15,20,5,102805,132425,29620,412947.0,18000,90000.0,502947.0,370522.0,10,100000.0,13,21,31,2,1,-3567.0,0,329.5,140,125,265,473327.0,0.5609960960362711,0.4182692307692308,4.504,2,0.8928571428571429,228,140,35,19,224,224,70,28,125,31,298522.0,0.0,280522.0,0,280522.0,0.0,0,280522.0,21,13,1
54,10,278793.0,0.0,0,0.0,0.0,0.0,0.0,0.0,0.0,0.0,0,412993.0,412993.0,14,20,6,117713,134200,16487,412993.0,20000,110000.0,522993.0,388793.0,10,100000.0,13,25,35,2,1,-3567.0,0,351.5,153,139,292,506506.0,0.553519196549623,0.4019412841117034,4.956834532374101,2,0.9084967320261438,250,153,39,20,250,250,74,36,139,35,298793.0,0.0,278793.0,0,278793.0,0.0,0,278793.0,25,13,1
54,11,363589.0,0.0,0,0.0,0.0,0.0,0.0,0.0,0.0,0.0,0,452351.0,452351.0,15,20,5,71095,88762,17667,452351.0,22000,132000.0,584351.0,495589.0,10,100000.0,13,25,35,2,1,-3567.0,0,373.5,167,152,319,566684.0,0.5530470925775715,0.4034913343056636,5.256578947368421,2.0,0.9101796407185628,275,167,48,22,274,274,81,40,152,35,385589.0,0.0,363589.0,0,363589.0,0.0,0,363589.0,25,13,1
54,12,388877.0,0.0,0,0.0,0.0,0.0,0.0,0.0,0.0,0.0,0,612846.0,612846.0,18,20,2,175961,223969,48008,612846.0,24000,156000.0,768846.0,544877.0,10,100000.0,13,25,35,2,1,-3567.0,0,404.5,183,165,348,720838.0,0.5653539897987796,0.49966777408637875,5.327272727272727,2,0.9016393442622951,300,183,56,23,301,301,81,53,165,35,412877.0,0.0,388877.0,0,388877.0,0.0,0,388877.0,25,13,2
55,1,123451.0,0.0,0,0.0,0.0,0.0,0.0,0.0,0.0,0.0,0,140063.0,140063.0,4,10,6,13905,16612,2707,140063.0,2000,2000.0,142063.0,125451.0,0,0.0,0,0,0,0,0,71125.0,0,51.0,13,9,22,39356.0,0.7936327265733857,0.799719232569022,1.4444444444444444,1,0.6923076923076923,19,13,4,2,26,26,17,,9,,125451.0,0.0,123451.0,0,123451.0,0.0,0,123451.0,,,
55,2,111821.0,0.0,0,0.0,0.0,0.0,0.0,0.0,0.0,0.0,0,170221.0,170221.0,7,10,3,34137,58400,24263,170221.0,4000,6000.0,176221.0,117821.0,0,0.0,0,0,0,0,0,71125.0,0,104.0,27,20,47,51958.0,0.5680919352941155,0.5155759319349531,2.25,2.0,0.7407407407407407,41,27,11,3,55,55,31,2,20,,115821.0,0.0,111821.0,0,111821.0,0.0,0,111821.0,,,2
55,3,57853.0,0.0,0,0.0,0.0,0.0,0.0,0.0,0.0,0.0,0,146884.0,146884.0,11,15,4,56133,89031,32898,146884.0,6000,12000.0,158884.0,69853.0,5,50000.0,0,0,5,0,0,38104.0,0,157.0,46,35,81,75986.0,0.5319519219830935,0.35,2.085714285714286,2,0.7608695652173914,67,46,17,4,78,78,39,2,35,5,63853.0,0.0,57853.0,0,57853.0,0.0,0,57853.0,,,2
55,4,45584.0,0.0,0,0.0,0.0,0.0,0.0,0.0,0.0,0.0,0,145229.0,145229.0,17,18,1,87106,99645,12539,145229.0,8000,20000.0,165229.0,65584.0,8,80000.0,1,1,9,0,0,9107.0,0,191.75,61,44,105,132690.0,0.5986154243625127,0.49196675096869996,2.5681818181818183,2.0,0.7213114754098361,97,61,27,7,98,98,46,5,44,9,53584.0,0.0,45584.0,0,45584.0,0.0,0,45584.0,1,1,3
55,5,64221.0,0.0,0,0.0,0.0,0.0,0.0,0.0,0.0,0.0,0,145675.0,145675.0,14,20,6,58298,81454,23156,145675.0,10000,30000.0,175675.0,94221.0,10,100000.0,2,8,18,0,0,9107.0,0,222.25,70,56,126,152519.0,0.5816737458911702,0.45467317080589476,3.3214285714285716,2.0,0.8,119,70,30,9,123,123,55,9,56,18,74221.0,0.0,64221.0,0,64221.0,0.0,0,64221.0,8,2,3
55,6,59828.0,0.0,0,0.0,0.0,0.0,0.0,0.0,0.0,0.0,0,171826.0,171826.0,15,20,5,87834,111998,24164,171826.0,12000,42000.0,213826.0,101828.0,10,100000.0,6,8,18,0,0,9107.0,0,256.75,85,70,155,189662.0,0.5704493177377424,0.45467317080589476,3.9571428571428573,2.0,0.8235294117647058,145,85,34,12,145,145,61,11,70,18,71828.0,0.0,59828.0,0,59828.0,0.0,0,59828.0,8,6,3
55,7,119511.0,0.0,0,0.0,0.0,0.0,0.0,0.0,0.0,0.0,0,217426.0,217426.0,14,20,6,88453,97915,9462,217426.0,14000,56000.0,273426.0,175511.0,10,100000.0,6,8,18,0,0,9107.0,0,272.25,99,85,184,263964.0,0.5840016036102625,0.5312609151239958,4.91764705882353,2,0.8585858585858586,167,99,41,13,174,174,68,14,85,18,133511.0,0.0,119511.0,0,119511.0,0.0,0,119511.0,8,6,7
55,8,60475.0,0.0,0,0.0,0.0,0.0,0.0,0.0,0.0,0.0,0,312844.0,312844.0,13,20,7,206737,252369,45632,312844.0,16000,72000.0,384844.0,132475.0,10,100000.0,7,8,18,0,0,9107.0,0,297.75,114,101,215,339212.0,0.5827546369469686,0.49989094874591056,4.742574257425742,2,0.8859649122807017,186,114,42,15,204,204,74,21,101,18,76475.0,0.0,60475.0,0,60475.0,0.0,0,60475.0,8,7,8
55,9,59803.0,0.0,0,0.0,0.0,0.0,0.0,0.0,0.0,0.0,0,343792.0,343792.0,20,20,0,243173,283989,40816,343792.0,18000,90000.0,433792.0,149803.0,10,100000.0,10,8,18,0,0,465.0,0,328.25,130,110,240,392976.0,0.5823062170449709,0.49196675096869996,4.972727272727273,2.0,0.8461538461538461,212,130,48,16,227,227,78,27,110,18,77803.0,0.0,59803.0,0,59803.0,0.0,0,59803.0,8,10,12
55,10,219898.0,0.0,0,0.0,0.0,0.0,0.0,0.0,0.0,0.0,0,561129.0,561129.0,18,20,2,236434,341231,104797,561129.0,20000,110000.0,671129.0,329898.0,10,100000.0,10,12,22,0,0,465.0,0,351.25,143,125,268,566332.0,0.6049847934064487,0.49989094874591056,5.52,2,0.8741258741258742,236,143,55,16,251,251,83,30,125,22,239898.0,0.0,219898.0,0,219898.0,0.0,0,219898.0,12,10,13
55,11,235742.0,0.0,0,0.0,0.0,0.0,0.0,0.0,0.0,0.0,0,560428.0,560428.0,19,20,1,278172,324686,46514,560428.0,22000,132000.0,692428.0,367742.0,10,100000.0,10,15,25,0,0,465.0,0,370.25,155,136,291,645914.0,0.6286006121755957,0.5324335964224551,5.544117647058823,2.0,0.8774193548387097,255,155,56,19,276,276,92,34,136,25,257742.0,0.0,235742.0,0,235742.0,0.0,0,235742.0,15,10,14
55,12,296644.0,0.0,0,0.0,0.0,0.0,0.0,0.0,0.0,0.0,0,690624.0,690624.0,16,20,4,269595,393980,124385,690624.0,24000,156000.0,846624.0,452644.0,10,100000.0,10,20,30,0,0,465.0,0,388.25,166,150,316,722239.0,0.6272113687282997,0.5155759319349531,5.946666666666666,2.0,0.9036144578313253,279,166,63,20,303,303,99,37,150,30,320644.0,0.0,296644.0,0,296644.0,0.0,0,296644.0,20,10,17
56,1,25640.0,0.0,0,0.0,0.0,0.0,0.0,0.0,0.0,0.0,0,167819.0,167819.0,8,10,2,88154,142179,54025,167819.0,2000,2000.0,169819.0,27640.0,0,0.0,0,0,0,0,0,19652.0,0,65.0,18,10,28,15794.0,0.7599455829611197,0.8298100318259405,0.9,0.5,0.5555555555555556,30,18,10,2,17,17,4,2,10,,27640.0,0.0,25640.0,0,25640.0,0.0,0,25640.0,,,1
56,2,123113.0,0.0,0,0.0,0.0,0.0,0.0,0.0,0.0,0.0,0,200468.0,200468.0,8,10,2,57620,77355,19735,200468.0,4000,6000.0,206468.0,129113.0,0,0.0,1,0,0,0,0,19652.0,0,115.5,31,23,54,86733.0,0.615397558908578,0.7,1.9565217391304348,1,0.7419354838709677,50,31,15,3,46,46,12,7,23,,127113.0,0.0,123113.0,0,123113.0,0.0,0,123113.0,,1,4
56,3,112081.0,0.0,0,0.0,0.0,0.0,0.0,0.0,0.0,0.0,0,213390.0,213390.0,7,10,3,71902,101309,29407,213390.0,6000,12000.0,225390.0,124081.0,0,0.0,1,0,0,0,0,19652.0,0,131.5,41,34,75,95983.0,0.5268810089495641,0.3999801984575761,2.6176470588235294,1.5,0.8292682926829268,76,41,27,7,69,69,18,9,34,,118081.0,0.0,112081.0,0,112081.0,0.0,0,112081.0,,1,8
56,4,12995.0,0.0,0,0.0,0.0,0.0,0.0,0.0,0.0,0.0,0,182542.0,182542.0,18,18,0,122882,169547,46665,182542.0,8000,20000.0,202542.0,32995.0,8,80000.0,1,2,10,0,0,12995.0,0,188.0,59,41,100,135877.0,0.5291072793125481,0.4982307147912243,3.048780487804878,2,0.6949152542372882,104,59,33,9,90,90,21,16,41,10,20995.0,0.0,12995.0,0,12995.0,0.0,0,12995.0,2,1,12
56,5,125137.0,0.0,0,0.0,0.0,0.0,0.0,0.0,0.0,0.0,0,214775.0,214775.0,18,18,0,66122,89638,23516,214775.0,10000,30000.0,244775.0,155137.0,8,80000.0,1,2,10,0,0,12995.0,0,225.5,73,55,128,201259.0,0.5866268657611724,0.5,3.3454545454545452,2,0.7534246575342466,128,73,41,11,113,113,21,25,55,10,135137.0,0.0,125137.0,0,125137.0,0.0,0,125137.0,2,1,12
56,6,148442.0,0.0,0,0.0,0.0,0.0,0.0,0.0,0.0,0.0,0,214917.0,214917.0,17,20,3,60542,66475,5933,214917.0,12000,42000.0,256917.0,190442.0,10,100000.0,1,13,23,0,0,12995.0,0,234.75,83,66,149,250984.0,0.6354913396463436,0.6140108920444176,4.136363636363637,3.0,0.7951807228915663,155,83,45,13,134,134,21,33,66,23,160442.0,0.0,148442.0,0,148442.0,0.0,0,148442.0,13,1,14
56,7,76996.0,0.0,0,0.0,0.0,0.0,0.0,0.0,0.0,0.0,0,261754.0,261754.0,16,20,4,173836,184758,10922,261754.0,14000,56000.0,317754.0,132996.0,10,100000.0,2,13,23,0,0,12995.0,0,268.25,99,83,182,306832.0,0.6313249770418604,0.5,4.493975903614458,3,0.8383838383838383,180,99,50,16,157,157,21,39,83,23,90996.0,0.0,76996.0,0,76996.0,0.0,0,76996.0,13,2,14
56,8,125065.0,0.0,0,0.0,0.0,0.0,0.0,0.0,0.0,0.0,0,353047.0,353047.0,20,20,0,206522,227982,21460,353047.0,16000,72000.0,425047.0,197065.0,10,100000.0,2,13,23,0,0,12995.0,0,293.25,117,97,214,403587.0,0.6313689768161324,0.5,5.164948453608248,3,0.8290598290598291,202,117,53,17,185,185,21,48,97,23,141065.0,0.0,125065.0,0,125065.0,0.0,0,125065.0,13,2,19
56,9,120985.0,0.0,0,0.0,0.0,0.0,0.0,0.0,0.0,0.0,0,390167.0,390167.0,15,20,5,248465,269182,20717,390167.0,18000,90000.0,480167.0,210985.0,10,100000.0,2,16,26,0,0,12995.0,0,319.75,130,115,245,459450.0,0.6127615583433825,0.42485419470614627,5.495652173913044,3,0.8846153846153846,224,130,58,18,212,212,21,56,115,26,138985.0,0.0,120985.0,0,120985.0,0.0,0,120985.0,16,2,20
56,10,202142.0,0.0,0,0.0,0.0,0.0,0.0,0.0,0.0,0.0,0,448526.0,448526.0,14,20,6,225204,246384,21180,448526.0,20000,110000.0,558526.0,312142.0,10,100000.0,2,16,26,0,0,12995.0,0,355.75,145,131,276,537346.0,0.5956856266237663,0.4146174863387978,5.2748091603053435,3,0.903448275862069,243,145,61,19,241,241,23,63,131,26,222142.0,0.0,202142.0,0,202142.0,0.0,0,202142.0,16,2,24
56,11,127071.0,0.0,0,0.0,0.0,0.0,0.0,0.0,0.0,0.0,0,530234.0,530234.0,15,20,5,319148,403163,84015,530234.0,22000,132000.0,662234.0,259071.0,10,100000.0,3,16,26,0,0,12995.0,0,381.75,161,146,307,578219.0,0.6212470753346866,0.42492257328503114,5.383561643835616,3.0,0.906832298136646,264,161,64,20,270,270,31,66,146,26,149071.0,0.0,127071.0,0,127071.0,0.0,0,127071.0,16,3,27
56,12,321589.0,0.0,0,0.0,0.0,0.0,0.0,0.0,0.0,0.0,0,560031.0,560031.0,14,20,6,202294,238442,36148,560031.0,24000,156000.0,716031.0,477589.0,10,100000.0,3,16,26,0,0,12995.0,0,403.75,174,160,334,679883.0,0.6262381965067152,0.4716641711684444,5.225,3.0,0.9195402298850575,285,174,72,20,295,295,37,71,160,26,345589.0,0.0,321589.0,0,321589.0,0.0,0,321589.0,16,3,27
57,1,84222.0,0.0,0,0.0,0.0,0.0,0.0,0.0,0.0,0.0,0,110839.0,110839.0,6,10,4,21523,26617,5094,110839.0,2000,2000.0,112839.0,86222.0,0,0.0,0,0,0,0,0,81330.0,0,38.0,16,10,26,7745.0,0.4236057906704711,0.22511781338360037,1.6,1.0,0.625,28,16,7,5,23,23,11,1,10,,86222.0,0.0,84222.0,0,84222.0,0.0,0,84222.0,,,1
57,2,49630.0,0.0,0,0.0,0.0,0.0,0.0,0.0,0.0,0.0,0,87490.0,87490.0,10,15,5,27699,37860,10161,87490.0,4000,6000.0,93490.0,55630.0,5,50000.0,0,0,5,0,0,15196.0,0,103.5,36,26,62,33329.0,0.556867386363374,0.38745018644967844,1.6538461538461537,1.0,0.7222222222222222,53,36,9,8,46,46,13,4,26,5,53630.0,0.0,49630.0,0,49630.0,0.0,0,49630.0,,,3
57,3,81.0,0.0,0,0.0,0.0,0.0,0.0,0.0,0.0,0.0,0,116583.0,116583.0,16,16,0,73608,116502,42894,116583.0,6000,12000.0,128583.0,12081.0,6,60000.0,3,5,11,0,0,81.0,0,104.25,52,36,88,45689.0,0.5696160642687377,0.38748630887185104,2.5277777777777777,2.0,0.6923076923076923,87,52,13,14,64,64,16,7,36,11,6081.0,0.0,81.0,0,81.0,0.0,0,81.0,5,3,5
57,4,77777.0,0.0,0,0.0,0.0,0.0,0.0,0.0,0.0,0.0,0,136967.0,136967.0,15,17,2,50749,59190,8441,136967.0,8000,20000.0,156967.0,97777.0,7,70000.0,3,6,13,0,0,81.0,0,148.0,67,52,119,118526.0,0.5528125921620839,0.39990435920668477,3.4038461538461537,2.0,0.7761194029850746,106,67,15,15,94,94,17,16,52,13,85777.0,0.0,77777.0,0,77777.0,0.0,0,77777.0,6,3,9
57,5,38530.0,0.0,0,0.0,0.0,0.0,0.0,0.0,0.0,0.0,0,122571.0,122571.0,15,19,4,74431,84041,9610,122571.0,10000,30000.0,152571.0,68530.0,9,90000.0,3,6,15,0,0,81.0,0,191.0,81,66,147,132961.0,0.5341262661173259,0.39990435920668477,3.878787878787879,2.0,0.8148148148148148,128,81,23,15,117,117,22,20,66,15,48530.0,0.0,38530.0,0,38530.0,0.0,0,38530.0,6,3,9
57,6,10488.0,0.0,0,0.0,0.0,0.0,0.0,0.0,0.0,0.0,0,147489.0,147489.0,20,20,0,100219,137001,36782,147489.0,12000,42000.0,189489.0,52488.0,10,100000.0,4,8,18,0,0,81.0,0,225.0,94,74,168,152707.0,0.5161655481397673,0.3624307862679955,4.256756756756757,2.0,0.7872340425531915,151,94,29,16,141,141,26,31,74,18,22488.0,0.0,10488.0,0,10488.0,0.0,0,10488.0,8,4,10
57,7,44019.0,0.0,0,0.0,0.0,0.0,0.0,0.0,0.0,0.0,0,193196.0,193196.0,20,20,0,105228,149177,43949,193196.0,14000,56000.0,249196.0,100019.0,10,100000.0,4,15,25,0,0,81.0,0,259.5,106,86,192,205247.0,0.5541744572611018,0.42495988181054023,4.441860465116279,2.0,0.8113207547169812,175,106,34,16,167,167,28,40,86,25,58019.0,0.0,44019.0,0,44019.0,0.0,0,44019.0,15,4,13
57,8,152687.0,0.0,0,0.0,0.0,0.0,0.0,0.0,0.0,0.0,0,236274.0,236274.0,19,20,1,73516,83587,10071,236274.0,16000,72000.0,308274.0,224687.0,10,100000.0,4,26,36,0,0,81.0,0,251.0,112,93,205,298203.0,0.5654201970213962,0.4249726177437021,4.526881720430108,2,0.8303571428571429,198,112,38,18,193,193,28,56,93,36,168687.0,0.0,152687.0,0,152687.0,0.0,0,152687.0,26,4,16
57,9,13175.0,0.0,0,0.0,0.0,0.0,0.0,0.0,0.0,0.0,0,261848.0,261848.0,19,20,1,217792,248673,30881,261848.0,18000,90000.0,351848.0,103175.0,10,100000.0,4,35,45,0,0,81.0,0,272.25,125,106,231,320967.0,0.5417839071254922,0.42494597911970466,4.981132075471698,2.0,0.848,225,125,41,20,214,214,30,61,106,45,31175.0,0.0,13175.0,0,13175.0,0.0,0,13175.0,35,4,17
57,10,139336.0,0.0,0,0.0,0.0,0.0,0.0,0.0,0.0,0.0,0,283910.0,283910.0,20,20,0,134584,144574,9990,283910.0,20000,110000.0,393910.0,249336.0,10,100000.0,4,39,49,0,0,81.0,0,284.75,143,123,266,383920.0,0.5278725514104498,0.3748615725359911,5.040650406504065,2,0.8601398601398601,252,143,42,24,242,242,31,70,123,49,159336.0,0.0,139336.0,0,139336.0,0.0,0,139336.0,39,4,18
57,11,149009.0,0.0,0,0.0,0.0,0.0,0.0,0.0,0.0,0.0,0,309006.0,309006.0,18,20,2,139283,159997,20714,309006.0,22000,132000.0,441006.0,281009.0,10,100000.0,4,47,57,0,0,81.0,0,292.25,155,137,292,420292.0,0.5247593335180439,0.3748615725359911,5.138686131386861,2,0.8838709677419355,278,155,47,25,265,265,32,78,137,57,171009.0,0.0,149009.0,0,149009.0,0.0,0,149009.0,47,4,18
57,12,291943.0,0.0,0,0.0,0.0,0.0,0.0,0.0,0.0,0.0,0,384169.0,384169.0,16,20,4,68531,92226,23695,384169.0,24000,156000.0,540169.0,447943.0,10,100000.0,4,47,57,0,0,81.0,0,309.75,167,151,318,516474.0,0.552403156900502,0.4249471458773784,5.966887417218543,2,0.9041916167664671,293,167,48,27,297,297,37,88,151,57,315943.0,0.0,291943.0,0,291943.0,0.0,0,291943.0,47,4,21
58,1,90396.0,0.0,0,0.0,0.0,0.0,0.0,0.0,0.0,0.0,0,143166.0,143166.0,6,10,4,31107,52770,21663,143166.0,2000,2000.0,145166.0,92396.0,0,0.0,1,0,0,0,0,73421.0,0,78.0,20,14,34,23503.0,0.645253944771062,0.9042891632586109,1.8571428571428572,2.0,0.7,27,20,6,,24,24,7,1,14,,92396.0,0.0,90396.0,0,90396.0,0.0,0,90396.0,,1,2
58,2,57611.0,0.0,0,0.0,0.0,0.0,0.0,0.0,0.0,0.0,0,157317.0,157317.0,9,11,2,73930,99706,25776,157317.0,4000,6000.0,163317.0,63611.0,1,10000.0,1,0,1,0,0,6008.0,0,106.5,35,26,61,47541.0,0.633953622784684,0.7505296610169492,1.8846153846153846,2.0,0.7428571428571429,53,35,11,6,46,46,11,3,26,1,61611.0,0.0,57611.0,0,57611.0,0.0,0,57611.0,,1,6
58,3,126106.0,0.0,0,0.0,0.0,0.0,0.0,0.0,0.0,0.0,0,210468.0,210468.0,13,13,0,67065,84362,17297,210468.0,6000,12000.0,222468.0,138106.0,3,30000.0,1,0,3,0,0,6008.0,0,162.5,54,41,95,135171.0,0.7273457225564772,0.8180218233016543,2.682926829268293,2,0.7592592592592593,77,54,14,8,69,69,16,6,41,3,132106.0,0.0,126106.0,0,126106.0,0.0,0,126106.0,,1,6
58,4,156300.0,0.0,0,0.0,0.0,0.0,0.0,0.0,0.0,0.0,0,223663.0,223663.0,10,18,8,54808,67363,12555,223663.0,8000,20000.0,243663.0,176300.0,8,80000.0,1,0,8,0,0,6008.0,0,213.5,71,61,132,211108.0,0.735589016616769,0.8000748783227256,3.2131147540983607,2,0.8591549295774648,98,71,17,9,98,98,24,7,61,8,164300.0,0.0,156300.0,0,156300.0,0.0,0,156300.0,,1,6
58,5,232121.0,0.0,0,0.0,0.0,0.0,0.0,0.0,0.0,0.0,0,243223.0,243223.0,3,18,15,8536,11102,2566,243223.0,10000,30000.0,273223.0,262121.0,8,80000.0,1,0,8,0,0,6008.0,0,231.25,80,77,157,250657.0,0.7088016617532973,0.75,3.4935064935064934,3,0.9625,111,80,20,10,132,132,38,9,77,8,242121.0,0.0,232121.0,0,232121.0,0.0,0,232121.0,,1,8
58,6,228980.0,0.0,0,0.0,0.0,0.0,0.0,0.0,0.0,0.0,0,239569.0,239569.0,4,18,14,9959,10589,630,239569.0,12000,42000.0,281569.0,270980.0,8,80000.0,1,0,8,0,0,6008.0,0,250.5,90,86,176,260939.0,0.7049954218823489,0.7505738462414101,3.5813953488372094,2.0,0.9555555555555556,124,90,22,11,167,167,62,11,86,8,240980.0,0.0,228980.0,0,228980.0,0.0,0,228980.0,,1,8
58,7,115280.0,0.0,0,0.0,0.0,0.0,0.0,0.0,0.0,0.0,0,378597.0,378597.0,16,18,2,156511,263317,106806,378597.0,14000,56000.0,434597.0,171280.0,8,80000.0,1,0,8,0,0,6008.0,0,285.5,111,95,206,307791.0,0.7065230317886222,0.7510593220338984,3.705263157894737,2,0.8558558558558559,149,111,24,13,192,192,73,13,95,8,129280.0,0.0,115280.0,0,115280.0,0.0,0,115280.0,,1,11
58,8,253922.0,0.0,0,0.0,0.0,0.0,0.0,0.0,0.0,0.0,0,467488.0,467488.0,11,18,7,135575,213566,77991,467488.0,16000,72000.0,539488.0,325922.0,8,80000.0,2,0,8,0,0,6008.0,0,314.0,126,115,241,441497.0,0.6736755113235215,0.7496062992125985,3.765217391304348,3,0.9126984126984127,169,126,26,15,222,222,77,17,115,8,269922.0,0.0,253922.0,0,253922.0,0.0,0,253922.0,,2,13
58,9,421996.0,0.0,0,0.0,0.0,0.0,0.0,0.0,0.0,0.0,0,504287.0,504287.0,6,18,12,43603,82291,38688,504287.0,18000,90000.0,594287.0,511996.0,8,80000.0,2,0,8,0,0,6008.0,0,326.5,134,128,262,535599.0,0.683933454214507,0.7500441852244609,3.8828125,3.0,0.9552238805970149,184,134,31,17,255,255,91,19,128,8,439996.0,0.0,421996.0,0,421996.0,0.0,0,421996.0,,2,17
58,10,411098.0,0.0,0,0.0,0.0,0.0,0.0,0.0,0.0,0.0,0,541146.0,541146.0,9,18,9,71297,130048,58751,541146.0,20000,110000.0,651146.0,521098.0,8,80000.0,2,0,8,0,0,6008.0,0,355.5,151,142,293,572395.0,0.6526209280855264,0.7195079268846303,3.8380281690140845,3.0,0.9403973509933775,210,151,38,19,282,282,100,21,142,8,431098.0,0.0,411098.0,0,411098.0,0.0,0,411098.0,,2,19
58,11,401528.0,0.0,0,0.0,0.0,0.0,0.0,0.0,0.0,0.0,0,579030.0,579030.0,13,18,5,117511,177502,59991,579030.0,22000,132000.0,711030.0,533528.0,8,80000.0,2,0,8,0,0,6008.0,0,381.0,167,154,321,631039.0,0.6325207520124091,0.6668177012535871,3.7987012987012987,3.0,0.9221556886227545,235,167,46,20,304,304,107,22,154,8,423528.0,0.0,401528.0,0,401528.0,0.0,0,401528.0,,2,21
58,12,266736.0,0.0,0,0.0,0.0,0.0,0.0,0.0,0.0,0.0,0,661605.0,661605.0,20,20,0,312791,394869,82078,661605.0,24000,156000.0,817605.0,422736.0,10,100000.0,2,3,13,0,0,6008.0,0,414.5,184,164,348,735527.0,0.6411123352044895,0.6834614985804154,3.792682926829268,3.0,0.8913043478260869,258,184,49,20,329,329,119,23,164,13,290736.0,0.0,266736.0,0,266736.0,0.0,0,266736.0,3,2,23
59,1,8215.0,0.0,0,0.0,0.0,0.0,0.0,0.0,0.0,0.0,0,93607.0,93607.0,13,13,0,67350,85392,18042,93607.0,2000,2000.0,95607.0,10215.0,3,30000.0,0,3,6,0,0,8215.0,0,43.0,18,5,23,7565.0,0.46990659609330343,0.27496564360971143,1.8,2,0.2777777777777778,31,18,5,5,17,17,9,2,5,6,10215.0,0.0,8215.0,0,8215.0,0.0,0,8215.0,3,,1
59,2,20013.0,0.0,0,0.0,0.0,0.0,0.0,0.0,0.0,0.0,0,100571.0,100571.0,11,13,2,67694,80558,12864,100571.0,4000,6000.0,106571.0,26013.0,3,30000.0,2,5,8,0,0,6194.0,0,84.0,30,19,49,23707.0,0.5057773474633875,0.37487875848690594,3.8421052631578947,2,0.6333333333333333,53,30,9,7,44,44,13,11,19,8,24013.0,0.0,20013.0,0,20013.0,0.0,0,20013.0,5,2,1
59,3,70355.0,0.0,0,0.0,0.0,0.0,0.0,0.0,0.0,0.0,0,142564.0,142564.0,5,13,8,44003,72209,28206,142564.0,6000,12000.0,154564.0,82355.0,3,30000.0,4,5,8,0,0,3562.0,0,105.5,39,34,73,56358.0,0.5282052159066533,0.39957031634229767,4.764705882352941,3.0,0.8717948717948718,71,39,12,11,73,73,21,14,34,8,76355.0,0.0,70355.0,0,70355.0,0.0,0,70355.0,5,4,4
59,4,129338.0,0.0,0,0.0,0.0,0.0,0.0,0.0,0.0,0.0,0,155055.0,155055.0,6,13,7,20979,25717,4738,155055.0,8000,20000.0,175055.0,149338.0,3,30000.0,4,5,8,0,0,3562.0,0,120.0,52,46,98,100317.0,0.5549937678880212,0.4247102577408753,4.195652173913044,2.0,0.8846153846153846,93,52,18,14,98,98,29,17,46,8,137338.0,0.0,129338.0,0,129338.0,0.0,0,129338.0,5,4,6
59,5,-3908.0,0.0,0,0.0,0.0,0.0,0.0,0.0,0.0,0.0,0,213362.0,213362.0,13,14,1,163195,217270,54075,213362.0,10000,30000.0,243362.0,26092.0,4,40000.0,4,5,9,1,1,-3908.0,1,178.75,70,57,127,129287.0,0.5907285646586924,0.42426187419768935,4.315789473684211,2,0.8142857142857143,118,70,23,16,125,125,39,22,57,9,6092.0,0.0,-3908.0,0,-3908.0,0.0,0,-3908.0,5,4,7
59,6,1020.0,0.0,0,0.0,0.0,0.0,0.0,0.0,0.0,0.0,0,187190.0,187190.0,12,14,2,159575,186170,26595,187190.0,12000,42000.0,229190.0,43020.0,4,40000.0,17,10,14,2,1,-3908.0,0,183.25,78,66,144,142595.0,0.5953467496977904,0.4247102577408753,4.136363636363637,2.0,0.8461538461538461,150,78,29,16,145,145,41,30,66,14,13020.0,0.0,1020.0,0,1020.0,0.0,0,1020.0,10,17,8
59,7,71927.0,0.0,0,0.0,0.0,0.0,0.0,0.0,0.0,0.0,0,191525.0,191525.0,12,14,2,132088,119598,-12490,191525.0,14000,56000.0,247525.0,127927.0,4,40000.0,23,14,18,2,1,-3908.0,0,194.75,88,76,164,200015.0,0.600437930209935,0.4875527279630684,4.644736842105263,2.5,0.8636363636363636,173,88,31,17,172,172,45,39,76,18,85927.0,0.0,71927.0,0,71927.0,0.0,0,71927.0,14,23,12
59,8,35474.0,0.0,0,0.0,0.0,0.0,0.0,0.0,0.0,0.0,0,174782.0,174782.0,19,19,0,132817,139308,6491,174782.0,16000,72000.0,246782.0,107474.0,9,90000.0,23,14,23,2,1,-3908.0,0,236.25,105,86,191,230291.0,0.5705033724476954,0.4247102577408753,4.546511627906977,2.0,0.819047619047619,202,105,42,18,197,197,45,51,86,23,51474.0,0.0,35474.0,0,35474.0,0.0,0,35474.0,14,23,15
59,9,67375.0,0.0,0,0.0,0.0,0.0,0.0,0.0,0.0,0.0,0,224906.0,224906.0,18,20,2,135417,157531,22114,224906.0,18000,90000.0,314906.0,157375.0,10,100000.0,23,15,25,2,1,-3908.0,0,270.5,119,101,220,292792.0,0.5675547727420032,0.4251586412840612,4.673267326732673,2,0.8487394957983193,220,119,44,19,224,224,49,58,101,25,85375.0,0.0,67375.0,0,67375.0,0.0,0,67375.0,15,23,16
59,10,37550.0,0.0,0,0.0,0.0,0.0,0.0,0.0,0.0,0.0,0,235987.0,235987.0,18,20,2,152919,198437,45518,235987.0,20000,110000.0,345987.0,147550.0,10,100000.0,23,27,37,2,1,-3908.0,0,257.5,125,107,232,300469.0,0.5647065288669205,0.4251586412840612,4.766355140186916,3,0.856,245,125,49,21,245,245,55,64,107,37,57550.0,0.0,37550.0,0,37550.0,0.0,0,37550.0,27,23,19
59,11,30392.0,0.0,0,0.0,0.0,0.0,0.0,0.0,0.0,0.0,0,286710.0,286710.0,19,20,1,180345,256318,75973,286710.0,22000,132000.0,418710.0,162392.0,10,100000.0,23,43,53,2,1,-3908.0,0,245.75,133,114,247,342737.0,0.5606324884100601,0.40647722685149484,5.631578947368421,3.0,0.8571428571428571,273,133,51,23,266,266,59,73,114,53,52392.0,0.0,30392.0,0,30392.0,0.0,0,30392.0,43,23,20
59,12,11662.0,0.0,0,0.0,0.0,0.0,0.0,0.0,0.0,0.0,0,316394.0,316394.0,19,20,1,200558,304732,104174,316394.0,24000,156000.0,472394.0,167662.0,10,100000.0,24,50,60,2,1,-3908.0,0,246.75,141,122,263,368220.0,0.5625526411786691,0.4247102577408753,6.213114754098361,3.0,0.8652482269503546,299,141,58,26,289,289,62,85,122,60,35662.0,0.0,11662.0,0,11662.0,0.0,0,11662.0,50,24,20
60,1,100615.0,0.0,0,0.0,0.0,0.0,0.0,0.0,0.0,0.0,0,130876.0,130876.0,5,11,6,25624,30261,4637,130876.0,2000,2000.0,132876.0,102615.0,1,10000.0,1,0,1,0,0,33842.0,0,61.0,17,12,29,38239.0,0.5678642543803375,0.4583333333333333,2.1666666666666665,1.0,0.7058823529411765,26,17,7,1,26,26,8,5,12,1,102615.0,0.0,100615.0,0,100615.0,0.0,0,100615.0,,1,1
60,2,130120.0,0.0,0,0.0,0.0,0.0,0.0,0.0,0.0,0.0,0,153014.0,153014.0,10,12,2,20619,22894,2275,153014.0,4000,6000.0,159014.0,136120.0,2,20000.0,1,0,2,0,0,33842.0,0,128.5,35,25,60,76739.0,0.49900679078332894,0.25763831544178367,2.56,2,0.7142857142857143,53,35,14,3,49,49,14,8,25,2,134120.0,0.0,130120.0,0,130120.0,0.0,0,130120.0,,1,2
60,3,27190.0,0.0,0,0.0,0.0,0.0,0.0,0.0,0.0,0.0,0,150995.0,150995.0,18,18,0,95146,123805,28659,150995.0,6000,12000.0,162995.0,39190.0,8,80000.0,2,0,8,0,0,27190.0,0,194.75,56,38,94,114336.0,0.5431726850250131,0.3343748893008537,2.5526315789473686,2.0,0.6785714285714286,77,56,15,4,74,74,25,9,38,8,33190.0,0.0,27190.0,0,27190.0,0.0,0,27190.0,,2,2
60,4,107454.0,0.0,0,0.0,0.0,0.0,0.0,0.0,0.0,0.0,0,172357.0,172357.0,10,20,10,62439,64903,2464,172357.0,8000,20000.0,192357.0,127454.0,10,100000.0,3,0,10,0,0,1916.0,0,239.75,70,60,130,189893.0,0.6039356403506083,0.5858384910109048,2.9,2.0,0.8571428571428571,99,70,20,6,102,102,29,10,60,10,115454.0,0.0,107454.0,0,107454.0,0.0,0,107454.0,,3,3
60,5,50469.0,0.0,0,0.0,0.0,0.0,0.0,0.0,0.0,0.0,0,274126.0,274126.0,16,20,4,145709,223657,77948,274126.0,10000,30000.0,304126.0,80469.0,10,100000.0,3,0,10,0,0,1916.0,0,294.0,90,74,164,226178.0,0.594371121693116,0.6479403728004558,2.972972972972973,2.0,0.8222222222222222,121,90,21,7,133,133,37,17,74,10,60469.0,0.0,50469.0,0,50469.0,0.0,0,50469.0,,3,5
60,6,254098.0,0.0,0,0.0,0.0,0.0,0.0,0.0,0.0,0.0,0,420932.0,420932.0,17,20,3,109529,166834,57305,420932.0,12000,42000.0,462932.0,296098.0,10,100000.0,5,0,10,0,0,1916.0,0,317.5,107,90,197,405627.0,0.6308879894925046,0.6668289516390782,3.411111111111111,2.0,0.8411214953271028,147,107,27,8,156,156,42,18,90,10,266098.0,0.0,254098.0,0,254098.0,0.0,0,254098.0,,5,6
60,7,289241.0,0.0,0,0.0,0.0,0.0,0.0,0.0,0.0,0.0,0,411667.0,411667.0,19,20,1,110137,122426,12289,411667.0,14000,56000.0,467667.0,345241.0,10,100000.0,5,1,11,0,0,1916.0,0,335.0,121,102,223,455378.0,0.6224691692925054,0.6668289516390782,3.5392156862745097,2.0,0.8429752066115702,170,121,34,9,183,183,43,29,102,11,303241.0,0.0,289241.0,0,289241.0,0.0,0,289241.0,1,5,9
60,8,377700.0,0.0,0,0.0,0.0,0.0,0.0,0.0,0.0,0.0,0,522468.0,522468.0,18,20,2,117339,144768,27429,522468.0,16000,72000.0,594468.0,449700.0,10,100000.0,5,9,19,0,0,1916.0,0,333.0,130,112,242,567039.0,0.6358204406629387,0.6668289516390782,4.133928571428571,3.0,0.8615384615384616,194,130,38,12,205,205,49,35,112,19,393700.0,0.0,377700.0,0,377700.0,0.0,0,377700.0,9,5,9
60,9,289798.0,0.0,0,0.0,0.0,0.0,0.0,0.0,0.0,0.0,0,599254.0,599254.0,20,20,0,261201,309456,48255,599254.0,18000,90000.0,689254.0,379798.0,10,100000.0,5,16,26,0,0,1916.0,0,356.0,144,124,268,640999.0,0.6619361059881094,0.6714708614534017,4.959677419354839,3.0,0.8611111111111112,220,144,42,13,226,226,50,43,124,26,307798.0,0.0,289798.0,0,289798.0,0.0,0,289798.0,16,5,9
60,10,362629.0,0.0,0,0.0,0.0,0.0,0.0,0.0,0.0,0.0,0,640996.0,640996.0,17,20,3,261354,278367,17013,640996.0,20000,110000.0,750996.0,472629.0,10,100000.0,5,20,30,0,0,1916.0,0,384.0,158,141,299,733983.0,0.6301375135748172,0.6295313881520778,5.26241134751773,3,0.8924050632911392,241,158,44,14,253,253,51,49,141,30,382629.0,0.0,362629.0,0,362629.0,0.0,0,362629.0,20,5,12
60,11,496657.0,0.0,0,0.0,0.0,0.0,0.0,0.0,0.0,0.0,0,695027.0,695027.0,20,20,0,172227,198370,26143,695027.0,22000,132000.0,827027.0,628657.0,10,100000.0,5,21,31,0,0,1916.0,0,404.5,173,153,326,800884.0,0.6246337520755586,0.6295313881520778,5.183006535947713,3,0.884393063583815,265,173,51,15,278,278,56,55,153,31,518657.0,0.0,496657.0,0,496657.0,0.0,0,496657.0,21,5,14
60,12,547341.0,0.0,0,0.0,0.0,0.0,0.0,0.0,0.0,0.0,0,674460.0,674460.0,19,20,1,123463,127119,3656,674460.0,24000,156000.0,830460.0,703341.0,10,100000.0,5,32,42,0,0,1916.0,0,382.5,179,160,339,826804.0,0.6240925145158875,0.6259336395150841,5.49375,3.0,0.8938547486033519,292,179,57,19,301,301,64,63,160,42,571341.0,0.0,547341.0,0,547341.0,0.0,0,547341.0,32,5,14
61,1,37559.0,0.0,0,0.0,0.0,0.0,0.0,0.0,0.0,0.0,0,108400.0,108400.0,12,13,1,64837,70841,6004,108400.0,2000,2000.0,110400.0,39559.0,3,30000.0,0,0,3,0,0,37559.0,0,50.0,20,8,28,34396.0,0.727847344632879,0.7999468103797447,1.625,1.0,0.4,29,20,5,4,20,20,9,2,8,3,39559.0,0.0,37559.0,0,37559.0,0.0,0,37559.0,,,1
61,2,85046.0,0.0,0,0.0,0.0,0.0,0.0,0.0,0.0,0.0,0,153764.0,153764.0,11,13,2,43974,68718,24744,153764.0,4000,6000.0,159764.0,91046.0,3,30000.0,0,0,3,0,0,13248.0,0,101.0,34,23,57,65020.0,0.5896844935340284,0.45876887340301975,2.869565217391304,3,0.6764705882352942,52,34,9,9,50,50,13,12,23,3,89046.0,0.0,85046.0,0,85046.0,0.0,0,85046.0,,,2
61,3,82509.0,0.0,0,0.0,0.0,0.0,0.0,0.0,0.0,0.0,0,148997.0,148997.0,14,15,1,50843,66488,15645,148997.0,6000,12000.0,160997.0,94509.0,5,50000.0,0,0,5,0,0,13248.0,0,136.75,48,34,82,95352.0,0.5860395281868944,0.4306344367015099,4.0588235294117645,3.0,0.7083333333333334,75,48,17,10,76,76,18,19,34,5,88509.0,0.0,82509.0,0,82509.0,0.0,0,82509.0,,,5
61,4,23484.0,0.0,0,0.0,0.0,0.0,0.0,0.0,0.0,0.0,0,158953.0,158953.0,13,17,4,113369,135469,22100,158953.0,8000,20000.0,178953.0,43484.0,7,70000.0,2,2,9,0,0,776.0,0,181.0,63,50,113,126853.0,0.6618472649483764,0.7164542976878401,4.06,3.0,0.7936507936507936,103,63,25,11,102,102,19,28,50,9,31484.0,0.0,23484.0,0,23484.0,0.0,0,23484.0,2,2,5
61,5,15600.0,0.0,0,0.0,0.0,0.0,0.0,0.0,0.0,0.0,0,168612.0,168612.0,18,20,2,136018,153012,16994,168612.0,10000,30000.0,198612.0,45600.0,10,100000.0,2,2,12,0,0,776.0,0,233.75,80,62,142,181618.0,0.6594009295135246,0.7164542976878401,3.8225806451612905,3.0,0.775,129,80,33,12,124,124,22,35,62,12,25600.0,0.0,15600.0,0,15600.0,0.0,0,15600.0,2,2,5
61,6,66287.0,0.0,0,0.0,0.0,0.0,0.0,0.0,0.0,0.0,0,219078.0,219078.0,19,20,1,112739,152791,40052,219078.0,12000,42000.0,261078.0,108287.0,10,100000.0,2,8,18,0,0,776.0,0,268.25,96,77,173,221026.0,0.6097696628349377,0.4482758620689655,4.9480519480519485,3,0.8020833333333334,154,96,34,14,148,148,24,41,77,18,78287.0,0.0,66287.0,0,66287.0,0.0,0,66287.0,8,2,6
61,7,189626.0,0.0,0,0.0,0.0,0.0,0.0,0.0,0.0,0.0,0,275708.0,275708.0,13,20,7,80611,86082,5471,275708.0,14000,56000.0,331708.0,245626.0,10,100000.0,2,8,18,0,0,776.0,0,276.75,107,94,201,326237.0,0.6168156588761567,0.45352236773599264,5.127659574468085,3.0,0.8785046728971962,175,107,42,16,174,174,26,47,94,18,203626.0,0.0,189626.0,0,189626.0,0.0,0,189626.0,8,2,7
61,8,174191.0,0.0,0,0.0,0.0,0.0,0.0,0.0,0.0,0.0,0,324148.0,324148.0,18,20,2,128497,149957,21460,324148.0,16000,72000.0,396148.0,246191.0,10,100000.0,2,14,24,0,0,776.0,0,301.75,123,105,228,374688.0,0.6266444497682693,0.45876887340301975,5.114285714285714,3,0.8536585365853658,201,123,46,16,195,195,26,54,105,24,190191.0,0.0,174191.0,0,174191.0,0.0,0,174191.0,14,2,10
61,9,215238.0,0.0,0,0.0,0.0,0.0,0.0,0.0,0.0,0.0,0,329905.0,329905.0,17,20,3,108081,114667,6586,329905.0,18000,90000.0,419905.0,305238.0,10,100000.0,2,27,37,0,0,776.0,0,282.25,130,113,243,413319.0,0.6165331846598383,0.43753691671588896,5.699115044247788,3,0.8692307692307693,230,130,53,18,214,214,31,59,113,37,233238.0,0.0,215238.0,0,215238.0,0.0,0,215238.0,27,2,11
61,10,206732.0,0.0,0,0.0,0.0,0.0,0.0,0.0,0.0,0.0,0,362892.0,362892.0,17,20,3,151908,156160,4252,362892.0,20000,110000.0,472892.0,316732.0,10,100000.0,2,32,42,0,0,776.0,0,304.25,143,126,269,468640.0,0.6149168725414602,0.4429063893924272,5.746031746031746,3.0,0.8811188811188811,253,143,56,20,242,242,38,65,126,42,226732.0,0.0,206732.0,0,206732.0,0.0,0,206732.0,32,2,13
61,11,187123.0,0.0,0,0.0,0.0,0.0,0.0,0.0,0.0,0.0,0,372320.0,372320.0,17,20,3,168837,185197,16360,372320.0,22000,132000.0,504320.0,319123.0,10,100000.0,2,36,46,0,0,776.0,0,309.25,152,135,287,487960.0,0.608886825981028,0.43753691671588896,5.703703703703703,3,0.8881578947368421,272,152,60,22,269,269,41,75,135,46,209123.0,0.0,187123.0,0,187123.0,0.0,0,187123.0,36,2,18
61,12,251433.0,0.0,0,0.0,0.0,0.0,0.0,0.0,0.0,0.0,0,381255.0,381255.0,19,20,1,125077,129822,4745,381255.0,24000,156000.0,537255.0,407433.0,10,100000.0,2,38,48,0,0,776.0,0,322.75,166,147,313,532510.0,0.6045017513135464,0.43753691671588896,6.414965986394558,3,0.8855421686746988,297,166,68,23,293,293,42,83,147,48,275433.0,0.0,251433.0,0,251433.0,0.0,0,251433.0,38,2,21
62,1,21866.0,0.0,0,0.0,0.0,0.0,0.0,0.0,0.0,0.0,0,106132.0,106132.0,9,13,4,58441,84266,25825,106132.0,2000,2000.0,108132.0,23866.0,3,30000.0,0,5,8,0,0,2232.0,0,30.0,17,8,25,12307.0,0.6788344231709735,0.7325469011016589,2.875,2.5,0.47058823529411764,28,17,2,4,20,20,8,4,8,8,23866.0,0.0,21866.0,0,21866.0,0.0,0,21866.0,5,,
62,2,51708.0,0.0,0,0.0,0.0,0.0,0.0,0.0,0.0,0.0,0,128170.0,128170.0,12,13,1,68881,76462,7581,128170.0,4000,6000.0,134170.0,57708.0,3,30000.0,3,5,8,0,0,2232.0,0,76.0,30,18,48,56589.0,0.691714646157594,0.7046963882220104,2.7222222222222223,1.5,0.6,50,30,6,6,47,47,21,6,18,8,55708.0,0.0,51708.0,0,51708.0,0.0,0,51708.0,5,3,2
62,3,27682.0,0.0,0,0.0,0.0,0.0,0.0,0.0,0.0,0.0,0,156104.0,156104.0,12,14,2,102539,128422,25883,156104.0,6000,12000.0,168104.0,39682.0,4,40000.0,5,6,10,0,0,2232.0,0,109.75,43,31,74,82221.0,0.6301368464120578,0.5912486659551761,4.290322580645161,1,0.7209302325581395,75,43,12,9,71,71,28,9,31,10,33682.0,0.0,27682.0,0,27682.0,0.0,0,27682.0,6,5,3
62,4,135122.0,0.0,0,0.0,0.0,0.0,0.0,0.0,0.0,0.0,0,198263.0,198263.0,15,17,2,51952,63141,11189,198263.0,8000,20000.0,218263.0,155122.0,7,70000.0,5,6,13,0,0,2232.0,0,163.25,60,45,105,177074.0,0.6017096686735525,0.5400710619818397,4.5777777777777775,2,0.75,104,60,21,12,95,95,34,12,45,13,143122.0,0.0,135122.0,0,135122.0,0.0,0,135122.0,6,5,4
62,5,76263.0,0.0,0,0.0,0.0,0.0,0.0,0.0,0.0,0.0,0,176690.0,176690.0,20,20,0,83025,100427,17402,176690.0,10000,30000.0,206690.0,106263.0,10,100000.0,5,9,19,0,0,2232.0,0,199.0,76,56,132,189288.0,0.601572376947069,0.5198957881178063,4.607142857142857,2.5,0.7368421052631579,127,76,23,14,118,118,37,20,56,19,86263.0,0.0,76263.0,0,76263.0,0.0,0,76263.0,9,5,5
62,6,124242.0,0.0,0,0.0,0.0,0.0,0.0,0.0,0.0,0.0,0,228648.0,228648.0,19,20,1,79331,104406,25075,228648.0,12000,42000.0,270648.0,166242.0,10,100000.0,5,11,21,0,0,2232.0,0,237.0,89,70,159,245573.0,0.5949784786802351,0.47443271437261114,5.385714285714286,2.5,0.7865168539325843,151,89,30,16,146,146,44,26,70,21,136242.0,0.0,124242.0,0,124242.0,0.0,0,124242.0,11,5,6
62,7,154696.0,0.0,0,0.0,0.0,0.0,0.0,0.0,0.0,0.0,0,241792.0,241792.0,18,20,2,71282,87096,15814,241792.0,14000,56000.0,297792.0,210696.0,10,100000.0,5,16,26,0,0,2232.0,0,251.25,100,82,182,281978.0,0.5886404039542152,0.47443271437261114,5.463414634146342,2.0,0.82,175,100,37,17,169,169,46,33,82,26,168696.0,0.0,154696.0,0,154696.0,0.0,0,154696.0,16,5,8
62,8,144654.0,0.0,0,0.0,0.0,0.0,0.0,0.0,0.0,0.0,0,227273.0,227273.0,20,20,0,75359,82619,7260,227273.0,16000,72000.0,299273.0,216654.0,10,100000.0,5,26,36,0,0,2232.0,0,256.75,110,90,200,292013.0,0.5628047834735767,0.4370519317941647,5.477777777777778,2.0,0.8181818181818182,199,110,40,18,194,194,50,45,90,36,160654.0,0.0,144654.0,0,144654.0,0.0,0,144654.0,26,5,9
62,9,39894.0,0.0,0,0.0,0.0,0.0,0.0,0.0,0.0,0.0,0,269069.0,269069.0,19,20,1,182114,229175,47061,269069.0,18000,90000.0,359069.0,129894.0,10,100000.0,6,29,39,0,0,2232.0,0,254.75,121,102,223,312008.0,0.579021020535438,0.4624896033907188,6.205882352941177,3.0,0.8429752066115702,224,121,46,22,217,217,59,47,102,39,57894.0,0.0,39894.0,0,39894.0,0.0,0,39894.0,29,6,9
62,10,64700.0,0.0,0,0.0,0.0,0.0,0.0,0.0,0.0,0.0,0,313371.0,313371.0,19,20,1,175196,248671,73475,313371.0,20000,110000.0,423371.0,174700.0,10,100000.0,11,29,39,0,0,2232.0,0,284.75,137,118,255,349896.0,0.5828032204126069,0.4624896033907188,6.779661016949152,3.0,0.8613138686131386,251,137,52,22,239,239,63,48,118,39,84700.0,0.0,64700.0,0,64700.0,0.0,0,64700.0,29,11,10
62,11,207813.0,0.0,0,0.0,0.0,0.0,0.0,0.0,0.0,0.0,0,336427.0,336427.0,16,20,4,109543,128614,19071,336427.0,22000,132000.0,468427.0,339813.0,10,100000.0,12,34,44,0,0,2232.0,0,293.75,148,132,280,449356.0,0.5895924704524936,0.4624896033907188,6.825757575757576,3.0,0.8918918918918919,277,148,58,25,264,264,69,53,132,44,229813.0,0.0,207813.0,0,207813.0,0.0,0,207813.0,34,12,10
62,12,302332.0,0.0,0,0.0,0.0,0.0,0.0,0.0,0.0,0.0,0,411496.0,411496.0,17,20,3,93018,109164,16146,411496.0,24000,156000.0,567496.0,458332.0,10,100000.0,12,34,44,0,0,2232.0,0,314.25,164,147,311,551350.0,0.5830506013878878,0.448871776504298,6.414965986394558,3,0.8963414634146342,298,164,62,26,292,292,70,61,147,44,326332.0,0.0,302332.0,0,302332.0,0.0,0,302332.0,34,12,14
63,1,55465.0,0.0,0,0.0,0.0,0.0,0.0,0.0,0.0,0.0,0,133966.0,133966.0,11,11,0,64390,78501,14111,133966.0,2000,2000.0,135966.0,57465.0,1,10000.0,0,2,3,0,0,8186.0,0,84.0,20,9,29,31855.0,0.7782074845622213,0.8333333333333334,1.8888888888888888,1,0.45,30,20,5,3,19,19,9,,9,3,57465.0,0.0,55465.0,0,55465.0,0.0,0,55465.0,2,,1
63,2,588.0,0.0,0,0.0,0.0,0.0,0.0,0.0,0.0,0.0,0,174082.0,174082.0,11,12,1,170340,173494,3154,174082.0,4000,6000.0,180082.0,6588.0,2,20000.0,1,3,5,0,0,588.0,0,112.75,33,22,55,96928.0,0.6118740117755532,0.5708351591820708,3.0,2.0,0.6666666666666666,56,33,14,5,43,43,15,3,22,5,4588.0,0.0,588.0,0,588.0,0.0,0,588.0,3,1,3
63,3,100046.0,0.0,0,0.0,0.0,0.0,0.0,0.0,0.0,0.0,0,187243.0,187243.0,6,12,6,88319,87197,-1122,187243.0,6000,12000.0,199243.0,112046.0,2,20000.0,6,3,5,0,0,588.0,0,139.25,42,36,78,120365.0,0.5330918126726844,0.4135616457872956,3.6944444444444446,2.5,0.8571428571428571,74,42,17,6,74,74,20,14,36,5,106046.0,0.0,100046.0,0,100046.0,0.0,0,100046.0,3,6,4
63,4,39155.0,0.0,0,0.0,0.0,0.0,0.0,0.0,0.0,0.0,0,269374.0,269374.0,11,12,1,171940,230219,58279,269374.0,8000,20000.0,289374.0,59155.0,2,20000.0,6,3,5,0,0,588.0,0,177.25,60,49,109,151095.0,0.5160827357033065,0.3575949367088608,3.795918367346939,2,0.8166666666666667,99,60,21,9,98,98,23,21,49,5,47155.0,0.0,39155.0,0,39155.0,0.0,0,39155.0,3,6,5
63,5,-2538.0,0.0,0,0.0,0.0,0.0,0.0,0.0,0.0,0.0,0,255815.0,255815.0,19,19,0,208345,258353,50008,255815.0,10000,30000.0,285815.0,27462.0,9,90000.0,6,8,17,1,1,-2538.0,1,233.25,79,60,139,225807.0,0.5361982839134751,0.36064625634981323,3.683333333333333,2.0,0.759493670886076,128,79,26,9,115,115,23,26,60,17,7462.0,0.0,-2538.0,0,-2538.0,0.0,0,-2538.0,8,6,6
63,6,98928.0,0.0,0,0.0,0.0,0.0,0.0,0.0,0.0,0.0,0,282899.0,282899.0,18,20,2,146100,183971,37871,282899.0,12000,42000.0,324899.0,140928.0,10,100000.0,6,10,20,2,1,-2538.0,0,261.0,93,75,168,287028.0,0.503262912321143,0.3124916096120285,4.546666666666667,3,0.8064516129032258,154,93,36,9,140,140,25,33,75,20,110928.0,0.0,98928.0,0,98928.0,0.0,0,98928.0,10,6,7
63,7,122410.0,0.0,0,0.0,0.0,0.0,0.0,0.0,0.0,0.0,0,294162.0,294162.0,19,20,1,149940,171752,21812,294162.0,14000,56000.0,350162.0,178410.0,10,100000.0,6,16,26,2,1,-2538.0,0,270.5,107,88,195,328350.0,0.5138381132447167,0.3271487366417319,4.590909090909091,3.0,0.822429906542056,183,107,42,12,160,160,26,38,88,26,136410.0,0.0,122410.0,0,122410.0,0.0,0,122410.0,16,6,8
63,8,184986.0,0.0,0,0.0,0.0,0.0,0.0,0.0,0.0,0.0,0,398993.0,398993.0,18,20,2,174191,214007,39816,398993.0,16000,72000.0,470993.0,256986.0,10,100000.0,6,17,27,2,1,-2538.0,0,303.5,126,108,234,431177.0,0.6101196191189076,0.36064625634981323,4.916666666666667,3.0,0.8571428571428571,211,126,48,14,182,182,26,39,108,27,200986.0,0.0,184986.0,0,184986.0,0.0,0,184986.0,17,6,9
63,9,72419.0,0.0,0,0.0,0.0,0.0,0.0,0.0,0.0,0.0,0,381081.0,381081.0,19,20,1,282938,308662,25724,381081.0,18000,90000.0,471081.0,162419.0,10,100000.0,6,17,27,2,1,-2538.0,0,319.0,141,122,263,445357.0,0.5812760845749314,0.34297186758068443,4.983606557377049,3.0,0.8652482269503546,232,141,51,17,211,211,27,53,122,27,90419.0,0.0,72419.0,0,72419.0,0.0,0,72419.0,17,6,9
63,10,76908.0,0.0,0,0.0,0.0,0.0,0.0,0.0,0.0,0.0,0,409297.0,409297.0,17,20,3,292564,332389,39825,409297.0,20000,110000.0,519297.0,186908.0,10,100000.0,7,20,30,2,1,-2538.0,0,349.5,157,140,297,479472.0,0.5675633236171869,0.31715232169196045,5.7214285714285715,3.0,0.89171974522293,257,157,56,17,233,233,27,54,140,30,96908.0,0.0,76908.0,0,76908.0,0.0,0,76908.0,20,7,12
63,11,85303.0,0.0,0,0.0,0.0,0.0,0.0,0.0,0.0,0.0,0,441956.0,441956.0,14,20,6,341481,356653,15172,441956.0,22000,132000.0,573956.0,217303.0,10,100000.0,7,21,31,2,1,-2538.0,0,352.5,168,154,322,558784.0,0.5683049537347524,0.33168679873588613,5.740259740259741,3.0,0.9166666666666666,281,168,65,20,260,260,30,64,154,31,107303.0,0.0,85303.0,0,85303.0,0.0,0,85303.0,21,7,12
63,12,218830.0,0.0,0,0.0,0.0,0.0,0.0,0.0,0.0,0.0,0,494950.0,494950.0,14,20,6,258644,276120,17476,494950.0,24000,156000.0,650950.0,374830.0,10,100000.0,7,21,31,2,1,-2538.0,0,379.0,183,169,352,633474.0,0.5744507485227177,0.34168321368565757,6.0,3,0.9234972677595629,305,183,72,22,287,287,40,66,169,31,242830.0,0.0,218830.0,0,218830.0,0.0,0,218830.0,21,7,12
64,1,28690.0,0.0,0,0.0,0.0,0.0,0.0,0.0,0.0,0.0,0,123978.0,123978.0,8,12,4,76796,95288,18492,123978.0,2000,2000.0,125978.0,30690.0,2,20000.0,1,0,2,0,0,9938.0,0,83.0,24,16,40,27486.0,0.4074932622428454,0.32952745749697054,1.125,1.0,0.6666666666666666,28,24,1,2,25,25,1,5,16,2,30690.0,0.0,28690.0,0,28690.0,0.0,0,28690.0,,1,3
64,2,18608.0,0.0,0,0.0,0.0,0.0,0.0,0.0,0.0,0.0,0,151951.0,151951.0,11,12,1,111685,133343,21658,151951.0,4000,6000.0,157951.0,24608.0,2,20000.0,1,0,2,0,0,9938.0,0,112.0,37,26,63,56293.0,0.5260732861367221,0.3692140589954067,3.0384615384615383,1.0,0.7027027027027027,50,37,6,6,50,50,6,14,26,2,22608.0,0.0,18608.0,0,18608.0,0.0,0,18608.0,,1,4
64,3,127649.0,0.0,0,0.0,0.0,0.0,0.0,0.0,0.0,0.0,0,159550.0,159550.0,11,14,3,24095,31901,7806,159550.0,6000,12000.0,171550.0,139649.0,4,40000.0,3,3,7,0,0,4101.0,0,143.5,53,42,95,103744.0,0.45667064018978204,0.2979902329075883,3.1666666666666665,1.5,0.7924528301886793,79,53,12,8,71,71,10,14,42,7,133649.0,0.0,127649.0,0,127649.0,0.0,0,127649.0,3,3,5
64,4,53534.0,0.0,0,0.0,0.0,0.0,0.0,0.0,0.0,0.0,0,126860.0,126860.0,20,20,0,63295,73326,10031,126860.0,8000,20000.0,146860.0,73534.0,10,100000.0,3,3,13,0,0,4101.0,0,204.5,74,54,128,136829.0,0.49398220543582466,0.3320631449500133,3.6481481481481484,2.0,0.7297297297297297,108,74,18,10,90,90,14,17,54,13,61534.0,0.0,53534.0,0,53534.0,0.0,0,53534.0,3,3,5
64,5,59631.0,0.0,0,0.0,0.0,0.0,0.0,0.0,0.0,0.0,0,164418.0,164418.0,16,20,4,83919,104787,20868,164418.0,10000,30000.0,194418.0,89631.0,10,100000.0,3,6,16,0,0,4101.0,0,228.0,87,71,158,173550.0,0.5115718894523295,0.36360036953939556,3.676056338028169,2,0.8160919540229885,133,87,24,13,115,115,16,23,71,16,69631.0,0.0,59631.0,0,59631.0,0.0,0,59631.0,6,3,5
64,6,13757.0,0.0,0,0.0,0.0,0.0,0.0,0.0,0.0,0.0,0,179631.0,179631.0,18,20,2,145461,165874,20413,179631.0,12000,42000.0,221631.0,55757.0,10,100000.0,5,6,16,0,0,4101.0,0,254.75,104,86,190,201218.0,0.5079218751130081,0.36364188161398125,4.034883720930233,2.0,0.8269230769230769,159,104,29,15,140,140,17,28,86,16,25757.0,0.0,13757.0,0,13757.0,0.0,0,13757.0,6,5,9
64,7,2179.0,0.0,0,0.0,0.0,0.0,0.0,0.0,0.0,0.0,0,168451.0,168451.0,20,20,0,149347,166272,16925,168451.0,14000,56000.0,224451.0,58179.0,10,100000.0,6,19,29,0,0,179.0,0,240.25,111,91,202,207526.0,0.49696755423088484,0.3609063609063609,3.967032967032967,2,0.8198198198198198,187,111,34,17,160,160,19,37,91,29,16179.0,0.0,2179.0,0,2179.0,0.0,0,2179.0,19,6,13
64,8,73741.0,0.0,0,0.0,0.0,0.0,0.0,0.0,0.0,0.0,0,203218.0,203218.0,19,20,1,114859,129477,14618,203218.0,16000,72000.0,275218.0,145741.0,10,100000.0,6,25,35,0,0,179.0,0,269.5,125,106,231,260600.0,0.5438949106090404,0.36364188161398125,4.367924528301887,2.0,0.848,213,125,38,19,185,185,23,41,106,35,89741.0,0.0,73741.0,0,73741.0,0.0,0,73741.0,25,6,15
64,9,61496.0,0.0,0,0.0,0.0,0.0,0.0,0.0,0.0,0.0,0,243142.0,243142.0,20,20,0,124914,181646,56732,243142.0,18000,90000.0,333142.0,151496.0,10,100000.0,7,39,49,0,0,179.0,0,240.5,133,113,246,276410.0,0.5353786919992727,0.363683393688567,5.274336283185841,2,0.849624060150376,246,133,39,28,200,200,26,46,113,49,79496.0,0.0,61496.0,0,61496.0,0.0,0,61496.0,39,7,15
64,10,103286.0,0.0,0,0.0,0.0,0.0,0.0,0.0,0.0,0.0,0,282536.0,282536.0,18,20,2,123328,179250,55922,282536.0,20000,110000.0,392536.0,213286.0,10,100000.0,8,49,59,0,0,179.0,0,251.5,141,123,264,336614.0,0.5369902115231201,0.3675288873247698,5.9105691056910565,2,0.8723404255319149,272,141,43,31,223,223,30,54,123,59,123286.0,0.0,103286.0,0,103286.0,0.0,0,103286.0,49,8,16
64,11,173209.0,0.0,0,0.0,0.0,0.0,0.0,0.0,0.0,0.0,0,298862.0,298862.0,13,20,7,84653,125653,41000,298862.0,22000,132000.0,430862.0,305209.0,10,100000.0,9,49,59,0,0,179.0,0,279.75,153,140,293,389862.0,0.5604432014514252,0.36830989820783944,7.007142857142857,2.0,0.9150326797385621,290,153,48,31,253,253,35,61,140,59,195209.0,0.0,173209.0,0,173209.0,0.0,0,173209.0,49,9,17
64,12,228831.0,0.0,0,0.0,0.0,0.0,0.0,0.0,0.0,0.0,0,296841.0,296841.0,15,20,5,60542,68010,7468,296841.0,24000,156000.0,452841.0,384831.0,10,100000.0,9,49,59,0,0,179.0,0,296.75,167,152,319,445373.0,0.5749745613427869,0.413270499141446,6.769736842105263,2.0,0.9101796407185628,310,167,51,34,281,281,41,71,152,59,252831.0,0.0,228831.0,0,228831.0,0.0,0,228831.0,49,9,17
65,1,63450.0,0.0,0,0.0,0.0,0.0,0.0,0.0,0.0,0.0,0,134025.0,134025.0,6,10,4,63831,70575,6744,134025.0,2000,2000.0,136025.0,65450.0,0,0.0,0,0,0,0,0,56730.0,0,66.0,20,14,34,29281.0,0.5934045128092638,0.5462829736211031,1.5,1.0,0.7,27,20,5,2,27,27,11,1,14,,65450.0,0.0,63450.0,0,63450.0,0.0,0,63450.0,,,1
65,2,9644.0,0.0,0,0.0,0.0,0.0,0.0,0.0,0.0,0.0,0,151589.0,151589.0,11,13,2,111350,141945,30595,151589.0,4000,6000.0,157589.0,15644.0,3,30000.0,2,2,5,0,0,1264.0,0,115.0,37,26,63,56994.0,0.5738541857987822,0.43169964028776975,1.7692307692307692,1.0,0.7027027027027027,55,37,9,5,46,46,17,1,26,5,13644.0,0.0,9644.0,0,9644.0,0.0,0,9644.0,2,2,2
65,3,129212.0,0.0,0,0.0,0.0,0.0,0.0,0.0,0.0,0.0,0,171347.0,171347.0,13,16,3,32010,42135,10125,171347.0,6000,12000.0,183347.0,141212.0,6,60000.0,2,3,9,0,0,1264.0,0,169.75,54,41,95,133222.0,0.6579483637741688,0.6287918183394002,2.5853658536585367,1,0.7592592592592593,77,54,12,6,73,73,23,7,41,9,135212.0,0.0,129212.0,0,129212.0,0.0,0,129212.0,3,2,2
65,4,69529.0,0.0,0,0.0,0.0,0.0,0.0,0.0,0.0,0.0,0,165603.0,165603.0,16,19,3,79377,96074,16697,165603.0,8000,20000.0,185603.0,89529.0,9,90000.0,2,3,12,0,0,1264.0,0,223.5,74,58,132,158906.0,0.6113901372387778,0.43169964028776975,2.7586206896551726,1.0,0.7837837837837838,106,74,21,6,99,99,26,10,58,12,77529.0,0.0,69529.0,0,69529.0,0.0,0,69529.0,3,2,5
65,5,94674.0,0.0,0,0.0,0.0,0.0,0.0,0.0,0.0,0.0,0,252048.0,252048.0,14,19,5,105935,157374,51439,252048.0,10000,30000.0,282048.0,124674.0,9,90000.0,2,3,12,0,0,1264.0,0,263.5,91,77,168,220609.0,0.5892651483776354,0.42589928057553955,3.6493506493506493,2,0.8461538461538461,129,91,25,8,122,122,29,11,77,12,104674.0,0.0,94674.0,0,94674.0,0.0,0,94674.0,3,2,5
65,6,96198.0,0.0,0,0.0,0.0,0.0,0.0,0.0,0.0,0.0,0,263260.0,263260.0,18,20,2,120220,167062,46842,263260.0,12000,42000.0,305260.0,138198.0,10,100000.0,2,3,13,0,0,1264.0,0,286.5,108,90,198,258418.0,0.6085586476446474,0.4135683932625437,3.988888888888889,2.0,0.8333333333333334,159,108,36,10,141,141,34,12,90,13,108198.0,0.0,96198.0,0,96198.0,0.0,0,96198.0,3,2,5
65,7,10129.0,0.0,0,0.0,0.0,0.0,0.0,0.0,0.0,0.0,0,341506.0,341506.0,17,20,3,221889,331377,109488,341506.0,14000,56000.0,397506.0,66129.0,10,100000.0,3,10,20,0,0,1264.0,0,292.0,121,104,225,288018.0,0.6278311961294397,0.4886992377677269,4.1923076923076925,2.0,0.859504132231405,187,121,40,13,161,161,36,15,104,20,24129.0,0.0,10129.0,0,10129.0,0.0,0,10129.0,10,3,6
65,8,102433.0,0.0,0,0.0,0.0,0.0,0.0,0.0,0.0,0.0,0,384885.0,384885.0,20,20,0,196211,282452,86241,384885.0,16000,72000.0,456885.0,174433.0,10,100000.0,4,14,24,0,0,1264.0,0,285.5,136,116,252,370644.0,0.636215484701234,0.5086794006671946,4.577586206896552,2.0,0.8529411764705882,217,136,45,18,181,181,42,16,116,24,118433.0,0.0,102433.0,0,102433.0,0.0,0,102433.0,14,4,7
65,9,121065.0,0.0,0,0.0,0.0,0.0,0.0,0.0,0.0,0.0,0,418233.0,418233.0,18,20,2,246958,297168,50210,418233.0,18000,90000.0,508233.0,211065.0,10,100000.0,4,22,32,0,0,1264.0,0,298.5,149,131,280,458023.0,0.6662316401448035,0.6666666666666666,5.709923664122138,3,0.8791946308724832,244,149,49,20,204,204,46,17,131,32,139065.0,0.0,121065.0,0,121065.0,0.0,0,121065.0,22,4,10
65,10,287329.0,0.0,0,0.0,0.0,0.0,0.0,0.0,0.0,0.0,0,468830.0,468830.0,12,20,8,141531,181501,39970,468830.0,20000,110000.0,578830.0,397329.0,10,100000.0,4,22,32,0,0,1264.0,0,316.5,164,152,316,538860.0,0.6426956992800087,0.600145137880987,5.401315789473684,2.0,0.926829268292683,265,164,53,22,235,235,51,21,152,32,307329.0,0.0,287329.0,0,287329.0,0.0,0,287329.0,22,4,11
65,11,247426.0,0.0,0,0.0,0.0,0.0,0.0,0.0,0.0,0.0,0,568199.0,568199.0,14,20,6,307056,320773,13717,568199.0,22000,132000.0,700199.0,379426.0,10,100000.0,5,22,32,0,0,1264.0,0,348.0,184,170,354,686482.0,0.6283554523997376,0.5334472349895572,5.1117647058823525,2.0,0.9239130434782609,292,184,56,25,264,264,56,25,170,32,269426.0,0.0,247426.0,0,247426.0,0.0,0,247426.0,22,5,13
65,12,92633.0,0.0,0,0.0,0.0,0.0,0.0,0.0,0.0,0.0,0,658771.0,658771.0,20,20,0,490344,566138,75794,658771.0,24000,156000.0,814771.0,248633.0,10,100000.0,5,30,40,0,0,1264.0,0,366.5,197,177,374,738977.0,0.6186238736664581,0.5039267015706806,5.231638418079096,2,0.8984771573604061,319,197,61,26,285,285,60,33,177,40,116633.0,0.0,92633.0,0,92633.0,0.0,0,92633.0,30,5,15
66,1,37691.0,0.0,0,0.0,0.0,0.0,0.0,0.0,0.0,0.0,0,102106.0,102106.0,12,14,2,50142,64415,14273,102106.0,2000,2000.0,104106.0,39691.0,4,40000.0,0,0,4,0,0,31161.0,0,106.0,23,11,34,29833.0,0.38584920630314135,0.2504708097928437,0.9090909090909091,1,0.4782608695652174,29,23,2,4,21,21,10,,11,4,39691.0,0.0,37691.0,0,37691.0,0.0,0,37691.0,,,
66,2,49315.0,0.0,0,0.0,0.0,0.0,0.0,0.0,0.0,0.0,0,140356.0,140356.0,12,14,2,63682,91041,27359,140356.0,4000,6000.0,146356.0,55315.0,4,40000.0,0,0,4,0,0,10056.0,0,139.75,37,25,62,58997.0,0.5211674116635981,0.375,2.24,1,0.6756756756756757,50,37,8,5,48,48,18,2,25,4,53315.0,0.0,49315.0,0,49315.0,0.0,0,49315.0,,,3
66,3,16663.0,0.0,0,0.0,0.0,0.0,0.0,0.0,0.0,0.0,0,114884.0,114884.0,15,17,2,82329,98221,15892,114884.0,6000,12000.0,126884.0,28663.0,7,70000.0,2,2,9,0,0,10056.0,0,173.25,49,34,83,80992.0,0.5180510823373277,0.3801966292134832,2.8823529411764706,2.0,0.6938775510204082,75,49,16,6,68,68,24,7,34,9,22663.0,0.0,16663.0,0,16663.0,0.0,0,16663.0,2,2,3
66,4,8147.0,0.0,0,0.0,0.0,0.0,0.0,0.0,0.0,0.0,0,92746.0,92746.0,19,20,1,74888,84599,9711,92746.0,8000,20000.0,112746.0,28147.0,10,100000.0,3,2,12,0,0,4085.0,0,190.0,62,43,105,103035.0,0.5464692286286494,0.4451641724368997,3.511627906976744,2,0.6935483870967742,95,62,19,9,98,98,35,16,43,12,16147.0,0.0,8147.0,0,8147.0,0.0,0,8147.0,2,3,4
66,5,634.0,0.0,0,0.0,0.0,0.0,0.0,0.0,0.0,0.0,0,111512.0,111512.0,16,20,4,94660,110878,16218,111512.0,10000,30000.0,141512.0,30634.0,10,100000.0,6,3,13,0,0,634.0,0,188.0,71,55,126,125294.0,0.5600231553634264,0.4451641724368997,5.236363636363636,2,0.7746478873239436,119,71,24,15,122,122,42,21,55,13,10634.0,0.0,634.0,0,634.0,0.0,0,634.0,3,6,4
66,6,53455.0,0.0,0,0.0,0.0,0.0,0.0,0.0,0.0,0.0,0,169908.0,169908.0,10,20,10,83234,116453,33219,169908.0,12000,42000.0,211908.0,95455.0,10,100000.0,10,3,13,0,0,634.0,0,212.5,83,73,156,178689.0,0.6728608530752093,0.5,5.493150684931507,3,0.8795180722891566,144,83,31,17,147,147,47,22,73,13,65455.0,0.0,53455.0,0,53455.0,0.0,0,53455.0,3,10,5
66,7,72881.0,0.0,0,0.0,0.0,0.0,0.0,0.0,0.0,0.0,0,214279.0,214279.0,19,20,1,114645,141398,26753,214279.0,14000,56000.0,270279.0,128881.0,10,100000.0,12,3,13,0,0,634.0,0,253.5,100,81,181,243526.0,0.7096649880606949,0.5000955109837631,5.654320987654321,3,0.81,168,100,33,20,169,169,53,30,81,13,86881.0,0.0,72881.0,0,72881.0,0.0,0,72881.0,3,12,5
66,8,105123.0,0.0,0,0.0,0.0,0.0,0.0,0.0,0.0,0.0,0,232199.0,232199.0,14,20,6,95171,127076,31905,232199.0,16000,72000.0,304199.0,177123.0,10,100000.0,12,3,13,0,0,634.0,0,256.75,111,97,208,272294.0,0.6797358193135683,0.5,5.268041237113402,3,0.8738738738738738,188,111,38,24,197,197,58,35,97,13,121123.0,0.0,105123.0,0,105123.0,0.0,0,105123.0,3,12,7
66,9,177620.0,0.0,0,0.0,0.0,0.0,0.0,0.0,0.0,0.0,0,287048.0,287048.0,17,20,3,83141,109428,26287,287048.0,18000,90000.0,377048.0,267620.0,10,100000.0,14,3,13,0,0,634.0,0,282.25,127,110,237,350761.0,0.6760480699930139,0.5006620061061322,5.172727272727273,3.0,0.8661417322834646,215,127,46,25,221,221,63,39,110,13,195620.0,0.0,177620.0,0,177620.0,0.0,0,177620.0,3,14,9
66,10,181312.0,0.0,0,0.0,0.0,0.0,0.0,0.0,0.0,0.0,0,289641.0,289641.0,16,20,4,104104,108329,4225,289641.0,20000,110000.0,399641.0,291312.0,10,100000.0,14,3,13,0,0,634.0,0,301.75,141,125,266,395416.0,0.6650771639805889,0.5000955109837631,6.088,3,0.8865248226950354,238,141,53,27,248,248,70,44,125,13,201312.0,0.0,181312.0,0,181312.0,0.0,0,181312.0,3,14,9
66,11,148843.0,0.0,0,0.0,0.0,0.0,0.0,0.0,0.0,0.0,0,311144.0,311144.0,19,20,1,151269,162301,11032,311144.0,22000,132000.0,443144.0,280843.0,10,100000.0,14,7,17,0,0,634.0,0,313.75,157,138,295,432112.0,0.6626587601729805,0.5000477554918816,6.304347826086956,3.0,0.8789808917197452,263,157,54,31,274,274,71,54,138,17,170843.0,0.0,148843.0,0,148843.0,0.0,0,148843.0,7,14,11
66,12,105515.0,0.0,0,0.0,0.0,0.0,0.0,0.0,0.0,0.0,0,332839.0,332839.0,16,20,4,194417,227324,32907,332839.0,24000,156000.0,488839.0,261515.0,10,100000.0,14,12,22,0,0,634.0,0,324.25,167,151,318,455932.0,0.657151741169919,0.5,6.66887417218543,3,0.9041916167664671,288,167,63,32,299,299,71,64,151,22,129515.0,0.0,105515.0,0,105515.0,0.0,0,105515.0,12,14,13
67,1,3064.0,0.0,0,0.0,0.0,0.0,0.0,0.0,0.0,0.0,0,96094.0,96094.0,12,12,0,83597,93030,9433,96094.0,2000,2000.0,98094.0,5064.0,2,20000.0,2,2,4,0,0,3064.0,0,82.0,21,9,30,8661.0,0.4147188925116161,0.25,1.6666666666666667,1,0.42857142857142855,29,21,3,1,22,22,11,1,9,4,5064.0,0.0,3064.0,0,3064.0,0.0,0,3064.0,2,2,1
67,2,69351.0,0.0,0,0.0,0.0,0.0,0.0,0.0,0.0,0.0,0,146788.0,146788.0,10,14,4,43492,77437,33945,146788.0,4000,6000.0,152788.0,75351.0,4,40000.0,5,4,8,0,0,3064.0,0,100.0,30,20,50,58843.0,0.5426582756616039,0.34387775683084854,2.9,2.5,0.6666666666666666,53,30,11,3,46,46,20,5,20,8,73351.0,0.0,69351.0,0,69351.0,0.0,0,69351.0,4,5,1
67,3,55252.0,0.0,0,0.0,0.0,0.0,0.0,0.0,0.0,0.0,0,126837.0,126837.0,13,16,3,69880,71585,1705,126837.0,6000,12000.0,138837.0,67252.0,6,60000.0,5,4,10,0,0,3064.0,0,133.5,44,31,75,97132.0,0.5749672971367585,0.37506894649751793,3.4838709677419355,2,0.7045454545454546,77,44,19,5,73,73,25,15,31,10,61252.0,0.0,55252.0,0,55252.0,0.0,0,55252.0,4,5,2
67,4,51148.0,0.0,0,0.0,0.0,0.0,0.0,0.0,0.0,0.0,0,130767.0,130767.0,13,16,3,84490,79619,-4871,130767.0,8000,20000.0,150767.0,71148.0,6,60000.0,5,4,10,0,0,3064.0,0,144.5,55,42,97,115638.0,0.5641090882509465,0.3801254611170432,3.642857142857143,2.5,0.7636363636363637,96,55,24,8,101,101,32,24,42,10,59148.0,0.0,51148.0,0,51148.0,0.0,0,51148.0,4,5,3
67,5,19834.0,0.0,0,0.0,0.0,0.0,0.0,0.0,0.0,0.0,0,149144.0,149144.0,20,20,0,100203,129310,29107,149144.0,10000,30000.0,179144.0,49834.0,10,100000.0,5,4,14,0,0,3064.0,0,221.25,78,58,136,150037.0,0.5704069296488793,0.3801254611170432,3.6379310344827585,2.0,0.7435897435897436,122,78,25,10,128,128,41,25,58,14,29834.0,0.0,19834.0,0,19834.0,0.0,0,19834.0,4,5,4
67,6,32901.0,0.0,0,0.0,0.0,0.0,0.0,0.0,0.0,0.0,0,151025.0,151025.0,18,20,2,98766,118124,19358,151025.0,12000,42000.0,193025.0,74901.0,10,100000.0,6,8,18,0,0,3064.0,0,208.75,88,70,158,173667.0,0.5795094247217994,0.3623620594556555,4.714285714285714,2.5,0.7954545454545454,148,88,31,15,149,149,41,34,70,18,44901.0,0.0,32901.0,0,32901.0,0.0,0,32901.0,8,6,4
67,7,55801.0,0.0,0,0.0,0.0,0.0,0.0,0.0,0.0,0.0,0,158474.0,158474.0,13,20,7,96793,102673,5880,158474.0,14000,56000.0,214474.0,111801.0,10,100000.0,6,8,18,0,0,2868.0,0,239.75,100,87,187,208594.0,0.5359285118007799,0.3126454615981381,4.919540229885057,3,0.87,169,100,39,16,176,176,41,44,87,18,69801.0,0.0,55801.0,0,55801.0,0.0,0,55801.0,8,6,4
67,8,54344.0,0.0,0,0.0,0.0,0.0,0.0,0.0,0.0,0.0,0,209292.0,209292.0,16,20,4,108621,154948,46327,209292.0,16000,72000.0,281292.0,126344.0,10,100000.0,7,10,20,0,0,2868.0,0,264.25,118,102,220,234965.0,0.5283889854518623,0.3126660143811586,4.892156862745098,3.0,0.864406779661017,199,118,46,18,200,200,43,50,102,20,70344.0,0.0,54344.0,0,54344.0,0.0,0,54344.0,10,7,5
67,9,53630.0,0.0,0,0.0,0.0,0.0,0.0,0.0,0.0,0.0,0,215327.0,215327.0,18,20,2,128484,161697,33213,215327.0,18000,90000.0,305327.0,143630.0,10,100000.0,10,13,23,0,0,2868.0,0,290.25,132,114,246,272114.0,0.5189822204255119,0.34978809173612246,4.956140350877193,3.0,0.8636363636363636,225,132,52,18,224,224,49,56,114,23,71630.0,0.0,53630.0,0,53630.0,0.0,0,53630.0,13,10,5
67,10,124127.0,0.0,0,0.0,0.0,0.0,0.0,0.0,0.0,0.0,0,273739.0,273739.0,15,20,5,137518,149612,12094,273739.0,20000,110000.0,383739.0,234127.0,10,100000.0,10,15,25,0,0,2868.0,0,292.25,142,127,269,371645.0,0.5326533764021876,0.36364420175312545,5.21259842519685,3,0.8943661971830986,244,142,57,20,256,256,50,70,127,25,144127.0,0.0,124127.0,0,124127.0,0.0,0,124127.0,15,10,9
67,11,109748.0,0.0,0,0.0,0.0,0.0,0.0,0.0,0.0,0.0,0,301531.0,301531.0,19,20,1,170168,191783,21615,301531.0,22000,132000.0,433531.0,241748.0,10,100000.0,10,17,27,0,0,2868.0,0,326.75,158,139,297,411916.0,0.5165248641286712,0.3500625782227785,5.460431654676259,3,0.879746835443038,262,158,57,20,284,284,53,81,139,27,131748.0,0.0,109748.0,0,109748.0,0.0,0,109748.0,17,10,11
67,12,171983.0,0.0,0,0.0,0.0,0.0,0.0,0.0,0.0,0.0,0,357116.0,357116.0,16,20,4,161652,185133,23481,357116.0,24000,156000.0,513116.0,327983.0,10,100000.0,10,17,27,0,0,2868.0,0,331.25,170,154,324,489635.0,0.5215469136903723,0.34999179464061514,5.662337662337662,3.0,0.9058823529411765,285,170,64,24,314,314,56,91,154,27,195983.0,0.0,171983.0,0,171983.0,0.0,0,171983.0,17,10,13
68,1,14629.0,0.0,0,0.0,0.0,0.0,0.0,0.0,0.0,0.0,0,100185.0,100185.0,11,12,1,72380,85556,13176,100185.0,2000,2000.0,102185.0,16629.0,2,20000.0,1,2,4,0,0,1621.0,0,53.0,16,5,21,9009.0,0.30773569766674397,0.1926765475152572,2.2,2,0.3125,25,16,4,2,25,25,15,4,5,4,16629.0,0.0,14629.0,0,14629.0,0.0,0,14629.0,2,1,1
68,2,16505.0,0.0,0,0.0,0.0,0.0,0.0,0.0,0.0,0.0,0,129903.0,129903.0,11,13,2,91856,113398,21542,129903.0,4000,6000.0,135903.0,22505.0,3,30000.0,1,4,7,0,0,1621.0,0,100.0,32,21,53,44361.0,0.509177468339275,0.3500738552437223,2.8095238095238093,2,0.65625,49,32,8,4,51,51,20,9,21,7,20505.0,0.0,16505.0,0,16505.0,0.0,0,16505.0,4,1,1
68,3,103368.0,0.0,0,0.0,0.0,0.0,0.0,0.0,0.0,0.0,0,155927.0,155927.0,8,14,6,35868,52559,16691,155927.0,6000,12000.0,167927.0,115368.0,4,40000.0,2,11,15,0,0,1359.0,0,107.75,43,35,78,91236.0,0.571254452018678,0.3751359188111635,3.6,3,0.813953488372093,76,43,11,9,73,73,25,11,35,15,109368.0,0.0,103368.0,0,103368.0,0.0,0,103368.0,11,2,2
68,4,49931.0,0.0,0,0.0,0.0,0.0,0.0,0.0,0.0,0.0,0,176752.0,176752.0,14,16,2,96310,126821,30511,176752.0,8000,20000.0,196752.0,69931.0,6,60000.0,3,11,17,0,0,1359.0,0,154.25,61,47,108,126241.0,0.5574544800055214,0.3751359188111635,4.25531914893617,3,0.7704918032786885,103,61,18,10,94,94,31,12,47,17,57931.0,0.0,49931.0,0,49931.0,0.0,0,49931.0,11,3,4
68,5,20219.0,0.0,0,0.0,0.0,0.0,0.0,0.0,0.0,0.0,0,199827.0,199827.0,16,18,2,132425,179608,47183,199827.0,10000,30000.0,229827.0,50219.0,8,80000.0,4,16,24,0,0,772.0,0,186.75,75,59,134,162644.0,0.5881371448479789,0.4765625,4.423728813559322,3,0.7866666666666666,134,75,25,14,113,113,32,17,59,24,30219.0,0.0,20219.0,0,20219.0,0.0,0,20219.0,16,4,5
68,6,54751.0,0.0,0,0.0,0.0,0.0,0.0,0.0,0.0,0.0,0,188648.0,188648.0,20,20,0,106369,133897,27528,188648.0,12000,42000.0,230648.0,96751.0,10,100000.0,4,23,33,0,0,772.0,0,210.25,88,68,156,203120.0,0.5888835448027274,0.48828125,5.029411764705882,3.0,0.7727272727272727,163,88,34,14,131,131,36,20,68,33,66751.0,0.0,54751.0,0,54751.0,0.0,0,54751.0,23,4,7
68,7,71361.0,0.0,0,0.0,0.0,0.0,0.0,0.0,0.0,0.0,0,232659.0,232659.0,16,20,4,102496,161298,58802,232659.0,14000,56000.0,288659.0,127361.0,10,100000.0,4,23,33,0,0,772.0,0,255.5,103,87,190,229857.0,0.5594148043382291,0.3858350951374207,5.114942528735632,3,0.8446601941747572,184,103,40,14,161,161,44,22,87,33,85361.0,0.0,71361.0,0,71361.0,0.0,0,71361.0,23,4,8
68,8,70297.0,0.0,0,0.0,0.0,0.0,0.0,0.0,0.0,0.0,0,306459.0,306459.0,18,20,2,163956,236162,72206,306459.0,16000,72000.0,378459.0,142297.0,10,100000.0,5,24,34,0,0,772.0,0,277.0,120,102,222,306253.0,0.5618037387205866,0.4268138860649874,5.2745098039215685,3.0,0.85,209,120,44,16,183,183,49,24,102,34,86297.0,0.0,70297.0,0,70297.0,0.0,0,70297.0,24,5,8
68,9,98841.0,0.0,0,0.0,0.0,0.0,0.0,0.0,0.0,0.0,0,335843.0,335843.0,19,20,1,172369,237002,64633,335843.0,18000,90000.0,425843.0,188841.0,10,100000.0,5,27,37,0,0,772.0,0,308.5,135,116,251,361210.0,0.5706931969672481,0.4653313253012048,5.948275862068965,3.0,0.8592592592592593,231,135,48,16,208,208,49,34,116,37,116841.0,0.0,98841.0,0,98841.0,0.0,0,98841.0,27,5,9
68,10,289785.0,0.0,0,0.0,0.0,0.0,0.0,0.0,0.0,0.0,0,487854.0,487854.0,15,20,5,130481,198069,67588,487854.0,20000,110000.0,597854.0,399785.0,10,100000.0,5,28,38,0,0,772.0,0,340.0,151,136,287,530266.0,0.6051066225888434,0.4839955357142857,6.514705882352941,3.0,0.9006622516556292,252,151,51,17,233,233,50,36,136,38,309785.0,0.0,289785.0,0,289785.0,0.0,0,289785.0,28,5,11
68,11,399071.0,0.0,0,0.0,0.0,0.0,0.0,0.0,0.0,0.0,0,561502.0,561502.0,15,20,5,129297,162431,33134,561502.0,22000,132000.0,693502.0,531071.0,10,100000.0,5,32,42,0,0,772.0,0,368.0,168,153,321,660368.0,0.6137211608967911,0.5,6.42483660130719,3,0.9107142857142857,280,168,56,19,256,256,50,39,153,42,421071.0,0.0,399071.0,0,399071.0,0.0,0,399071.0,32,5,14
68,12,347820.0,0.0,0,0.0,0.0,0.0,0.0,0.0,0.0,0.0,0,589318.0,589318.0,19,20,1,215200,241498,26298,589318.0,24000,156000.0,745318.0,503820.0,10,100000.0,5,37,47,0,0,772.0,0,404.5,186,167,353,719020.0,0.6055714966105016,0.4765625,6.341317365269461,3,0.8978494623655914,307,186,59,20,277,277,50,43,167,47,371820.0,0.0,347820.0,0,347820.0,0.0,0,347820.0,37,5,17
69,1,74709.0,0.0,0,0.0,0.0,0.0,0.0,0.0,0.0,0.0,0,109477.0,109477.0,9,10,1,28954,34768,5814,109477.0,2000,2000.0,111477.0,76709.0,0,0.0,0,0,0,0,0,74709.0,0,67.0,16,7,23,5663.0,0.5511299209168824,0.31239193083573485,1.4285714285714286,2,0.4375,29,16,12,1,20,20,10,3,7,,76709.0,0.0,74709.0,0,74709.0,0.0,0,74709.0,,,
69,2,72724.0,0.0,0,0.0,0.0,0.0,0.0,0.0,0.0,0.0,0,129932.0,129932.0,11,11,0,40828,57208,16380,129932.0,4000,6000.0,135932.0,78724.0,1,10000.0,0,0,1,0,0,60846.0,0,133.5,33,22,55,29552.0,0.5335537336071916,0.31246002299771447,2.590909090909091,2.0,0.6666666666666666,54,33,17,4,48,48,21,3,22,1,76724.0,0.0,72724.0,0,72724.0,0.0,0,72724.0,,,2
69,3,45323.0,0.0,0,0.0,0.0,0.0,0.0,0.0,0.0,0.0,0,154496.0,154496.0,10,14,4,90507,109173,18666,154496.0,6000,12000.0,166496.0,57323.0,4,40000.0,0,0,4,0,0,9566.0,0,159.25,47,37,84,87830.0,0.6803684355781235,0.6662804171494786,2.972972972972973,2,0.7872340425531915,80,47,25,8,72,72,26,4,37,4,51323.0,0.0,45323.0,0,45323.0,0.0,0,45323.0,,,5
69,4,60368.0,0.0,0,0.0,0.0,0.0,0.0,0.0,0.0,0.0,0,161548.0,161548.0,10,14,4,98298,101180,2882,161548.0,8000,20000.0,181548.0,80368.0,4,40000.0,0,0,4,0,0,9566.0,0,180.5,62,52,114,118666.0,0.6294717943935845,0.5141525141525142,3.269230769230769,2.0,0.8387096774193549,104,62,31,11,96,96,30,7,52,4,68368.0,0.0,60368.0,0,60368.0,0.0,0,60368.0,,,7
69,5,131168.0,0.0,0,0.0,0.0,0.0,0.0,0.0,0.0,0.0,0,263093.0,263093.0,11,14,3,95837,131925,36088,263093.0,10000,30000.0,293093.0,161168.0,4,40000.0,0,0,4,0,0,9566.0,0,239.25,79,68,147,197005.0,0.6223507082120773,0.5175934495015043,3.426470588235294,2.0,0.8607594936708861,130,79,39,12,117,117,35,7,68,4,141168.0,0.0,131168.0,0,131168.0,0.0,0,131168.0,,,7
69,6,190078.0,0.0,0,0.0,0.0,0.0,0.0,0.0,0.0,0.0,0,324594.0,324594.0,12,15,3,87840,134516,46676,324594.0,12000,42000.0,366594.0,232078.0,5,50000.0,0,0,5,0,0,9566.0,0,278.5,96,84,180,269918.0,0.6117487990537521,0.478275996121551,3.2261904761904763,2.0,0.875,158,96,48,14,138,138,38,8,84,5,202078.0,0.0,190078.0,0,190078.0,0.0,0,190078.0,,,8
69,7,235495.0,0.0,0,0.0,0.0,0.0,0.0,0.0,0.0,0.0,0,319278.0,319278.0,15,16,1,67115,83783,16668,319278.0,14000,56000.0,375278.0,291495.0,6,60000.0,0,0,6,0,0,9566.0,0,303.5,112,97,209,318610.0,0.58880582083796,0.4375866851595007,3.804123711340206,2,0.8660714285714286,182,112,54,16,165,165,46,14,97,6,249495.0,0.0,235495.0,0,235495.0,0.0,0,235495.0,,,8
69,8,163091.0,0.0,0,0.0,0.0,0.0,0.0,0.0,0.0,0.0,0,340510.0,340510.0,20,20,0,123131,177419,54288,340510.0,16000,72000.0,412510.0,235091.0,10,100000.0,0,3,13,0,0,9566.0,0,339.5,130,110,240,358222.0,0.5763703781993511,0.4163058437768007,4.0181818181818185,2.5,0.8461538461538461,208,130,59,16,187,187,51,18,110,13,179091.0,0.0,163091.0,0,163091.0,0.0,0,163091.0,3,,8
69,9,254847.0,0.0,0,0.0,0.0,0.0,0.0,0.0,0.0,0.0,0,382865.0,382865.0,11,20,9,107229,128018,20789,382865.0,18000,90000.0,472865.0,344847.0,10,100000.0,0,5,15,0,0,9566.0,0,357.0,139,128,267,452076.0,0.5697160306462864,0.408764520452949,4.4765625,3.0,0.920863309352518,223,139,62,17,224,224,67,21,128,15,272847.0,0.0,254847.0,0,254847.0,0.0,0,254847.0,5,,8
69,10,196205.0,0.0,0,0.0,0.0,0.0,0.0,0.0,0.0,0.0,0,482610.0,482610.0,18,20,2,227044,286405,59361,482610.0,20000,110000.0,592610.0,306205.0,10,100000.0,0,5,15,0,0,9566.0,0,402.0,157,139,296,533249.0,0.5615825051108313,0.3636714230620902,4.474820143884892,3,0.8853503184713376,247,157,66,19,253,253,75,30,139,15,216205.0,0.0,196205.0,0,196205.0,0.0,0,196205.0,5,,9
69,11,452898.0,0.0,0,0.0,0.0,0.0,0.0,0.0,0.0,0.0,0,582282.0,582282.0,19,20,1,95426,129384,33958,582282.0,22000,132000.0,714282.0,584898.0,10,100000.0,0,5,15,0,0,9566.0,0,406.0,171,152,323,680324.0,0.5704902033939254,0.408764520452949,4.467105263157895,3.0,0.8888888888888888,273,171,73,24,274,274,78,34,152,15,474898.0,0.0,452898.0,0,452898.0,0.0,0,452898.0,5,,10
69,12,410826.0,0.0,0,0.0,0.0,0.0,0.0,0.0,0.0,0.0,0,605872.0,605872.0,17,20,3,137397,195046,57649,605872.0,24000,156000.0,761872.0,566826.0,10,100000.0,0,11,21,0,0,9566.0,0,396.5,178,161,339,704223.0,0.5707666047015277,0.4149162143025726,4.484472049689441,3,0.9044943820224719,296,178,81,26,300,300,84,44,161,21,434826.0,0.0,410826.0,0,410826.0,0.0,0,410826.0,11,,11
70,1,98020.0,0.0,0,0.0,0.0,0.0,0.0,0.0,0.0,0.0,0,182902.0,182902.0,5,10,5,72239,84882,12643,182902.0,2000,2000.0,184902.0,100020.0,0,0.0,0,0,0,0,0,44476.0,0,59.0,17,12,29,72259.0,0.5109130670052964,0.2384288744648424,2.25,2.0,0.7058823529411765,26,17,7,2,26,26,10,4,12,,100020.0,0.0,98020.0,0,98020.0,0.0,0,98020.0,,,
70,2,110105.0,0.0,0,0.0,0.0,0.0,0.0,0.0,0.0,0.0,0,219995.0,219995.0,9,11,2,97606,109890,12284,219995.0,4000,6000.0,225995.0,116105.0,1,10000.0,0,0,1,0,0,44476.0,0,105.5,34,25,59,123711.0,0.5533780656697648,0.4248878923766816,1.84,2,0.7352941176470589,54,34,13,7,49,49,16,8,25,1,114105.0,0.0,110105.0,0,110105.0,0.0,0,110105.0,,,
70,3,98121.0,0.0,0,0.0,0.0,0.0,0.0,0.0,0.0,0.0,0,238714.0,238714.0,7,12,5,129006,140593,11587,238714.0,6000,12000.0,250714.0,110121.0,2,20000.0,0,0,2,0,0,44476.0,0,146.0,47,40,87,159127.0,0.6186336753336086,0.6667484461890743,2.55,2.0,0.851063829787234,73,47,19,7,80,80,29,9,40,2,104121.0,0.0,98121.0,0,98121.0,0.0,0,98121.0,,,2
70,4,3084.0,0.0,0,0.0,0.0,0.0,0.0,0.0,0.0,0.0,0,232390.0,232390.0,15,15,0,220899,229306,8407,232390.0,8000,20000.0,252390.0,23084.0,5,50000.0,0,5,10,0,0,2436.0,0,196.25,63,48,111,193983.0,0.6113711514411205,0.6526793823796548,2.5833333333333335,2.0,0.7619047619047619,98,63,23,7,100,100,31,19,48,10,11084.0,0.0,3084.0,0,3084.0,0.0,0,3084.0,5,,2
70,5,-1906.0,0.0,0,0.0,0.0,0.0,0.0,0.0,0.0,0.0,0,250713.0,250713.0,17,17,0,236874,252619,15745,250713.0,10000,30000.0,280713.0,28094.0,7,70000.0,2,11,18,1,1,-1906.0,1,217.5,76,59,135,234968.0,0.5753185269542218,0.5568432671081678,3.8135593220338984,2,0.7763157894736842,122,76,24,9,126,126,33,29,59,18,8094.0,0.0,-1906.0,0,-1906.0,0.0,0,-1906.0,11,2,5
70,6,-10568.0,0.0,0,0.0,0.0,0.0,0.0,0.0,0.0,0.0,0,233797.0,233797.0,14,17,3,244284,244365,81,233797.0,12000,42000.0,275797.0,31432.0,7,70000.0,9,11,18,2,2,-10568.0,1,239.75,83,69,152,245716.0,0.5689796385216384,0.5568432671081678,4.043478260869565,2,0.8313253012048193,139,83,26,10,156,156,33,47,69,18,1432.0,0.0,-10568.0,0,-10568.0,0.0,0,-10568.0,11,9,7
70,7,151467.0,0.0,0,0.0,0.0,0.0,0.0,0.0,0.0,0.0,0,268331.0,268331.0,14,18,4,125195,116864,-8331,268331.0,14000,56000.0,324331.0,207467.0,8,80000.0,13,12,20,3,2,-10568.0,0,271.5,100,86,186,312662.0,0.5653069885137383,0.425284588441331,4.395348837209302,2.0,0.86,166,100,30,11,181,181,33,52,86,20,165467.0,0.0,151467.0,0,151467.0,0.0,0,151467.0,12,13,10
70,8,86187.0,0.0,0,0.0,0.0,0.0,0.0,0.0,0.0,0.0,0,313344.0,313344.0,20,20,0,219598,227157,7559,313344.0,16000,72000.0,385344.0,158187.0,10,100000.0,13,13,23,3,2,-10568.0,0,298.5,118,98,216,377785.0,0.5488361168490425,0.4109445228896096,4.214285714285714,2.0,0.8305084745762712,193,118,36,13,202,202,33,59,98,23,102187.0,0.0,86187.0,0,86187.0,0.0,0,86187.0,13,13,12
70,9,56723.0,0.0,0,0.0,0.0,0.0,0.0,0.0,0.0,0.0,0,403259.0,403259.0,20,20,0,292507,346536,54029,403259.0,18000,90000.0,493259.0,146723.0,10,100000.0,14,23,33,3,2,-10568.0,0,297.0,130,110,240,439230.0,0.5551836599025937,0.3863484431205637,4.363636363636363,2.0,0.8461538461538461,223,130,40,16,222,222,33,65,110,33,74723.0,0.0,56723.0,0,56723.0,0.0,0,56723.0,23,14,14
70,10,254199.0,0.0,0,0.0,0.0,0.0,0.0,0.0,0.0,0.0,0,406050.0,406050.0,19,20,1,138020,151851,13831,406050.0,20000,110000.0,516050.0,364199.0,10,100000.0,14,31,41,3,2,-10568.0,0,293.0,143,124,267,502219.0,0.5284756463952189,0.3468396472391655,5.080645161290323,2.0,0.8671328671328671,253,143,45,20,243,243,33,72,124,41,274199.0,0.0,254199.0,0,254199.0,0.0,0,254199.0,31,14,14
70,11,209856.0,0.0,0,0.0,0.0,0.0,0.0,0.0,0.0,0.0,0,496218.0,496218.0,20,20,0,197831,286362,88531,496218.0,22000,132000.0,628218.0,341856.0,10,100000.0,14,32,42,3,2,-10568.0,0,298.0,156,136,292,539687.0,0.5122196844437186,0.33598211841967807,5.088235294117647,2.0,0.8717948717948718,276,156,52,22,272,272,35,82,136,42,231856.0,0.0,209856.0,0,209856.0,0.0,0,209856.0,32,14,19
70,12,369154.0,0.0,0,0.0,0.0,0.0,0.0,0.0,0.0,0.0,0,514970.0,514970.0,20,20,0,121689,145816,24127,514970.0,24000,156000.0,670970.0,525154.0,10,100000.0,14,39,49,3,2,-10568.0,0,293.5,167,147,314,646843.0,0.5484425339411816,0.3751060820367751,5.408163265306122,2,0.8802395209580839,305,167,60,25,294,294,35,89,147,49,393154.0,0.0,369154.0,0,369154.0,0.0,0,369154.0,39,14,23
71,1,94585.0,0.0,0,0.0,0.0,0.0,0.0,0.0,0.0,0.0,0,124326.0,124326.0,8,10,2,25048,29741,4693,124326.0,2000,2000.0,126326.0,96585.0,0,0.0,0,0,0,0,0,77058.0,0,91.0,19,11,30,21633.0,0.5778157085848352,0.7497159090909091,2.0,2,0.5789473684210527,25,19,5,1,23,23,7,3,11,,96585.0,0.0,94585.0,0,94585.0,0.0,0,94585.0,,,2
71,2,125876.0,0.0,0,0.0,0.0,0.0,0.0,0.0,0.0,0.0,0,151601.0,151601.0,7,11,4,18354,25725,7371,151601.0,4000,6000.0,157601.0,131876.0,1,10000.0,0,0,1,0,0,75495.0,0,120.25,32,25,57,60230.0,0.5206960465201622,0.3751233958538993,2.4,2,0.78125,46,32,10,4,54,54,21,6,25,1,129876.0,0.0,125876.0,0,125876.0,0.0,0,125876.0,,,2
71,3,128398.0,0.0,0,0.0,0.0,0.0,0.0,0.0,0.0,0.0,0,186386.0,186386.0,10,12,2,44124,57988,13864,186386.0,6000,12000.0,198386.0,140398.0,2,20000.0,0,0,2,0,0,75495.0,0,159.5,47,37,84,104522.0,0.6267776238745828,0.42498799807969273,3.2432432432432434,2,0.7872340425531915,69,47,16,6,75,75,24,10,37,2,134398.0,0.0,128398.0,0,128398.0,0.0,0,128398.0,,,4
71,4,141857.0,0.0,0,0.0,0.0,0.0,0.0,0.0,0.0,0.0,0,309615.0,309615.0,12,12,0,120312,167758,47446,309615.0,8000,20000.0,329615.0,161857.0,2,20000.0,0,0,2,0,0,62221.0,0,209.0,63,51,114,202169.0,0.5908158360333463,0.3751233958538993,3.019607843137255,2,0.8095238095238095,95,63,24,8,102,102,30,16,51,2,149857.0,0.0,141857.0,0,141857.0,0.0,0,141857.0,,,5
71,5,-1375.0,0.0,0,0.0,0.0,0.0,0.0,0.0,0.0,0.0,0,336595.0,336595.0,18,18,0,225546,337970,112424,336595.0,10000,30000.0,366595.0,28625.0,8,80000.0,1,0,8,1,1,-1375.0,1,250.75,79,61,140,234171.0,0.5778828105519027,0.3751233958538993,2.918032786885246,2,0.7721518987341772,122,79,32,10,124,124,32,22,61,8,8625.0,0.0,-1375.0,0,-1375.0,0.0,0,-1375.0,,1,9
71,6,210930.0,0.0,0,0.0,0.0,0.0,0.0,0.0,0.0,0.0,0,381212.0,381212.0,13,18,5,114831,170282,55451,381212.0,12000,42000.0,423212.0,252930.0,8,80000.0,1,5,13,2,1,-1375.0,0,234.25,85,72,157,347761.0,0.5873009901651286,0.39994265030790205,3.611111111111111,2.0,0.8470588235294118,145,85,38,16,149,149,33,35,72,13,222930.0,0.0,210930.0,0,210930.0,0.0,0,210930.0,5,1,9
71,7,214990.0,0.0,0,0.0,0.0,0.0,0.0,0.0,0.0,0.0,0,448266.0,448266.0,16,20,4,158764,233276,74512,448266.0,14000,56000.0,504266.0,270990.0,10,100000.0,1,13,23,2,1,-1375.0,0,249.75,99,83,182,429754.0,0.6007627385616717,0.5,4.0602409638554215,2,0.8383838383838383,174,99,44,17,168,168,33,42,83,23,228990.0,0.0,214990.0,0,214990.0,0.0,0,214990.0,13,1,10
71,8,418327.0,0.0,0,0.0,0.0,0.0,0.0,0.0,0.0,0.0,0,527222.0,527222.0,8,20,12,66431,108895,42464,527222.0,16000,72000.0,599222.0,490327.0,10,100000.0,1,13,23,2,1,-1375.0,0,271.75,112,104,216,556758.0,0.5949303753132524,0.4820936639118457,5.163461538461538,2.0,0.9285714285714286,196,112,51,19,194,194,35,45,104,23,434327.0,0.0,418327.0,0,418327.0,0.0,0,418327.0,13,1,10
71,9,480712.0,0.0,0,0.0,0.0,0.0,0.0,0.0,0.0,0.0,0,562842.0,562842.0,12,20,8,70344,82130,11786,562842.0,18000,90000.0,652842.0,570712.0,10,100000.0,1,13,23,2,1,-1375.0,0,293.25,128,116,244,641056.0,0.5996652165743082,0.5357508551177079,4.913793103448276,2.0,0.90625,220,128,58,20,220,220,46,47,116,23,498712.0,0.0,480712.0,0,480712.0,0.0,0,480712.0,13,1,11
71,10,456073.0,0.0,0,0.0,0.0,0.0,0.0,0.0,0.0,0.0,0,601256.0,601256.0,19,20,1,116730,145183,28453,601256.0,20000,110000.0,711256.0,566073.0,10,100000.0,1,15,25,2,1,-1375.0,0,323.75,146,127,273,682803.0,0.5950662629292341,0.5003568879371877,4.7952755905511815,2,0.8698630136986302,247,146,64,21,242,242,47,53,127,25,476073.0,0.0,456073.0,0,456073.0,0.0,0,456073.0,15,1,15
71,11,501281.0,0.0,0,0.0,0.0,0.0,0.0,0.0,0.0,0.0,0,621425.0,621425.0,20,20,0,109714,120144,10430,621425.0,22000,132000.0,753425.0,633281.0,10,100000.0,1,23,33,2,1,-1375.0,0,333.75,157,137,294,742995.0,0.6123986776270277,0.5479582146248813,4.642335766423358,2,0.8726114649681529,272,157,69,22,266,266,52,61,137,33,523281.0,0.0,501281.0,0,501281.0,0.0,0,501281.0,23,1,16
71,12,459319.0,0.0,0,0.0,0.0,0.0,0.0,0.0,0.0,0.0,0,649312.0,649312.0,19,20,1,159064,189993,30929,649312.0,24000,156000.0,805312.0,615319.0,10,100000.0,1,28,38,2,1,-1375.0,0,352.75,172,153,325,774383.0,0.6074322798194465,0.5235434956105347,5.254901960784314,2,0.8895348837209303,296,172,72,23,292,292,55,65,153,38,483319.0,0.0,459319.0,0,459319.0,0.0,0,459319.0,28,1,19
72,1,126225.0,0.0,0,0.0,0.0,0.0,0.0,0.0,0.0,0.0,0,141136.0,141136.0,7,10,3,10089,14911,4822,141136.0,2000,2000.0,143136.0,128225.0,0,0.0,0,0,0,0,0,85890.0,0,41.0,17,10,27,38314.0,0.6009406294063975,0.512942491127716,0.9,1.0,0.5882352941176471,29,17,8,4,24,24,12,1,10,,128225.0,0.0,126225.0,0,126225.0,0.0,0,126225.0,,,1
72,2,10884.0,0.0,0,0.0,0.0,0.0,0.0,0.0,0.0,0.0,0,114612.0,114612.0,13,14,1,89961,103728,13767,114612.0,4000,6000.0,120612.0,16884.0,4,40000.0,0,1,5,0,0,349.0,0,101.75,31,18,49,46845.0,0.4460760691203334,0.27502515970946007,1.1666666666666667,1.0,0.5806451612903226,49,31,12,5,53,53,27,7,18,5,14884.0,0.0,10884.0,0,10884.0,0.0,0,10884.0,1,,1
72,3,-1284.0,0.0,0,0.0,0.0,0.0,0.0,0.0,0.0,0.0,0,81840.0,81840.0,18,18,0,75695,83124,7429,81840.0,6000,12000.0,93840.0,10716.0,8,80000.0,0,5,13,1,1,-1284.0,1,154.75,47,29,76,66411.0,0.4732926080985385,0.2750503194189201,2.3793103448275863,1,0.6170212765957447,75,47,18,5,74,74,31,12,29,13,4716.0,0.0,-1284.0,0,-1284.0,0.0,0,-1284.0,5,,2
72,4,32950.0,0.0,0,0.0,0.0,0.0,0.0,0.0,0.0,0.0,0,96084.0,96084.0,13,18,5,53467,63134,9667,96084.0,8000,20000.0,116084.0,52950.0,8,80000.0,0,5,13,1,1,-1284.0,0,173.5,58,45,103,86417.0,0.4359502684505444,0.25,3.6444444444444444,1,0.7758620689655172,95,58,24,8,103,103,40,15,45,13,40950.0,0.0,32950.0,0,32950.0,0.0,0,32950.0,5,,3
72,5,73008.0,0.0,0,0.0,0.0,0.0,0.0,0.0,0.0,0.0,0,125473.0,125473.0,14,18,4,32932,52465,19533,125473.0,10000,30000.0,155473.0,103008.0,8,80000.0,0,5,13,1,1,-1284.0,0,210.25,71,57,128,115940.0,0.4564622010095255,0.25548921417565484,4.2631578947368425,2,0.8028169014084507,116,71,29,11,132,132,54,17,57,13,83008.0,0.0,73008.0,0,73008.0,0.0,0,73008.0,5,,4
72,6,28388.0,0.0,0,0.0,0.0,0.0,0.0,0.0,0.0,0.0,0,136782.0,136782.0,17,20,3,86046,108394,22348,136782.0,12000,42000.0,178782.0,70388.0,10,100000.0,1,6,16,1,1,-1284.0,0,261.0,90,73,163,156434.0,0.5520479773457049,0.36354943583859245,4.506849315068493,2,0.8111111111111111,144,90,34,13,152,152,57,18,73,16,40388.0,0.0,28388.0,0,28388.0,0.0,0,28388.0,6,1,4
72,7,35073.0,0.0,0,0.0,0.0,0.0,0.0,0.0,0.0,0.0,0,180144.0,180144.0,20,20,0,104144,145071,40927,180144.0,14000,56000.0,236144.0,91073.0,10,100000.0,3,9,19,1,1,-1284.0,0,258.5,105,85,190,195217.0,0.5658237044180009,0.375,4.2823529411764705,2,0.8095238095238095,173,105,41,15,170,170,61,19,85,19,49073.0,0.0,35073.0,0,35073.0,0.0,0,35073.0,9,3,5
72,8,-6629.0,0.0,0,0.0,0.0,0.0,0.0,0.0,0.0,0.0,0,142728.0,142728.0,20,20,0,147820,149357,1537,142728.0,16000,72000.0,214728.0,65371.0,10,100000.0,3,29,39,2,2,-6629.0,1,247.75,111,91,202,213191.0,0.6034813867480445,0.4,4.8791208791208796,2,0.8198198198198198,207,111,47,17,187,187,66,24,91,39,9371.0,0.0,-6629.0,0,-6629.0,0.0,0,-6629.0,29,3,6
72,9,-14902.0,0.0,0,0.0,0.0,0.0,0.0,0.0,0.0,0.0,0,146042.0,146042.0,20,20,0,146606,160944,14338,146042.0,18000,90000.0,236042.0,75098.0,10,100000.0,11,37,47,3,3,-14902.0,1,237.0,118,98,216,221704.0,0.5939040316770389,0.3875,5.224489795918367,2.0,0.8305084745762712,242,118,53,23,201,201,70,27,98,47,3098.0,0.0,-14902.0,0,-14902.0,0.0,0,-14902.0,37,11,6
72,10,45932.0,0.0,0,0.0,0.0,0.0,0.0,0.0,0.0,0.0,0,185588.0,185588.0,20,20,0,117180,139656,22476,185588.0,20000,110000.0,295588.0,155932.0,10,100000.0,11,43,53,4,3,-14902.0,0,251.5,129,109,238,273112.0,0.6008861580378073,0.3926940639269406,5.08256880733945,2,0.8449612403100775,269,129,60,26,221,221,72,33,109,53,65932.0,0.0,45932.0,0,45932.0,0.0,0,45932.0,43,11,7
72,11,52422.0,0.0,0,0.0,0.0,0.0,0.0,0.0,0.0,0.0,0,165229.0,165229.0,20,20,0,100447,112807,12360,165229.0,22000,132000.0,297229.0,184422.0,10,100000.0,11,54,64,4,3,-14902.0,0,251.0,135,115,250,284869.0,0.5982944366947359,0.375,5.6869565217391305,3,0.8518518518518519,294,135,68,26,245,245,77,45,115,64,74422.0,0.0,52422.0,0,52422.0,0.0,0,52422.0,54,11,8
72,12,68428.0,0.0,0,0.0,0.0,0.0,0.0,0.0,0.0,0.0,0,181921.0,181921.0,20,20,0,100747,113493,12746,181921.0,24000,156000.0,337921.0,224428.0,10,100000.0,12,69,79,4,3,-14902.0,0,256.25,142,122,264,325175.0,0.598053463175157,0.4000780031201248,6.442622950819672,3.0,0.8591549295774648,323,142,73,27,267,267,77,57,122,79,92428.0,0.0,68428.0,0,68428.0,0.0,0,68428.0,69,12,11
73,1,67819.0,0.0,0,0.0,0.0,0.0,0.0,0.0,0.0,0.0,0,149396.0,149396.0,10,10,0,66539,81577,15038,149396.0,2000,2000.0,151396.0,69819.0,0,0.0,0,0,0,0,0,48374.0,0,45.0,19,9,28,36358.0,0.5478486201921979,0.31234096692111957,1.5555555555555556,1,0.47368421052631576,31,19,7,5,17,17,5,2,9,,69819.0,0.0,67819.0,0,67819.0,0.0,0,67819.0,,,1
73,2,57553.0,0.0,0,0.0,0.0,0.0,0.0,0.0,0.0,0.0,0,131065.0,131065.0,8,13,5,74349,73512,-837,131065.0,4000,6000.0,137065.0,63553.0,3,30000.0,0,0,3,0,0,25412.0,0,78.0,32,24,56,67902.0,0.6269151092532922,0.49013637792617026,2.625,3.0,0.75,54,32,14,8,43,43,8,8,24,3,61553.0,0.0,57553.0,0,57553.0,0.0,0,57553.0,,,3
73,3,27230.0,0.0,0,0.0,0.0,0.0,0.0,0.0,0.0,0.0,0,163031.0,163031.0,14,14,0,132109,135801,3692,163031.0,6000,12000.0,175031.0,39230.0,4,40000.0,0,0,4,0,0,12705.0,0,118.5,48,34,82,111339.0,0.687613654625955,0.5833025188121471,2.8529411764705883,2.5,0.7083333333333334,77,48,20,9,69,69,12,18,34,4,33230.0,0.0,27230.0,0,27230.0,0.0,0,27230.0,,,5
73,4,34281.0,0.0,0,0.0,0.0,0.0,0.0,0.0,0.0,0.0,0,140036.0,140036.0,19,20,1,90850,105755,14905,140036.0,8000,20000.0,160036.0,54281.0,10,100000.0,1,2,12,0,0,391.0,0,158.5,66,47,113,145131.0,0.7184228418928673,0.75,3.1914893617021276,3,0.7121212121212122,106,66,25,12,88,88,12,23,47,12,42281.0,0.0,34281.0,0,34281.0,0.0,0,34281.0,2,1,6
73,5,136836.0,0.0,0,0.0,0.0,0.0,0.0,0.0,0.0,0.0,0,215024.0,215024.0,18,20,2,64141,78188,14047,215024.0,10000,30000.0,245024.0,166836.0,10,100000.0,1,2,12,0,0,391.0,0,229.75,84,66,150,230977.0,0.6926200105009384,0.7499828147197654,3.8181818181818183,3.0,0.7857142857142857,127,84,28,12,116,116,18,25,66,12,146836.0,0.0,136836.0,0,136836.0,0.0,0,136836.0,2,1,7
73,6,198238.0,0.0,0,0.0,0.0,0.0,0.0,0.0,0.0,0.0,0,257257.0,257257.0,18,20,2,44639,59019,14380,257257.0,12000,42000.0,299257.0,240238.0,10,100000.0,1,8,18,0,0,391.0,0,271.75,100,82,182,284877.0,0.6705172344156297,0.5833025188121471,3.8902439024390243,3.0,0.82,154,100,31,14,140,140,25,26,82,18,210238.0,0.0,198238.0,0,198238.0,0.0,0,198238.0,8,1,7
73,7,140049.0,0.0,0,0.0,0.0,0.0,0.0,0.0,0.0,0.0,0,301729.0,301729.0,17,20,3,139545,161680,22135,301729.0,14000,56000.0,357729.0,196049.0,10,100000.0,1,8,18,0,0,391.0,0,290.75,112,95,207,335594.0,0.6747328497045332,0.6666244618890859,4.28421052631579,3,0.8482142857142857,175,112,39,15,171,171,38,31,95,18,154049.0,0.0,140049.0,0,140049.0,0.0,0,140049.0,8,1,7
73,8,120132.0,0.0,0,0.0,0.0,0.0,0.0,0.0,0.0,0.0,0,324333.0,324333.0,17,20,3,184323,204201,19878,324333.0,16000,72000.0,396333.0,192132.0,10,100000.0,2,8,18,0,0,391.0,0,284.75,124,107,231,376455.0,0.6463596513782554,0.4638728323699422,5.074766355140187,3,0.8629032258064516,201,124,48,19,193,193,46,32,107,18,136132.0,0.0,120132.0,0,120132.0,0.0,0,120132.0,8,2,8
73,9,96582.0,0.0,0,0.0,0.0,0.0,0.0,0.0,0.0,0.0,0,413668.0,413668.0,16,20,4,240013,317086,77073,413668.0,18000,90000.0,503668.0,186582.0,10,100000.0,2,13,23,0,0,391.0,0,291.75,136,120,256,426595.0,0.6371170907828051,0.43802529876076046,5.166666666666667,3.0,0.8823529411764706,227,136,54,22,216,216,46,39,120,23,114582.0,0.0,96582.0,0,96582.0,0.0,0,96582.0,13,2,11
73,10,385917.0,0.0,0,0.0,0.0,0.0,0.0,0.0,0.0,0.0,0,496471.0,496471.0,10,20,10,86718,110554,23836,496471.0,20000,110000.0,606471.0,495917.0,10,100000.0,2,13,23,0,0,391.0,0,307.75,149,139,288,582635.0,0.6229749490565508,0.42502360717658166,5.985611510791367,3,0.9328859060402684,243,149,55,24,248,248,55,43,139,23,405917.0,0.0,385917.0,0,385917.0,0.0,0,385917.0,13,2,11
73,11,305398.0,0.0,0,0.0,0.0,0.0,0.0,0.0,0.0,0.0,0,527982.0,527982.0,17,20,3,198092,222584,24492,527982.0,22000,132000.0,659982.0,437398.0,10,100000.0,2,13,23,0,0,391.0,0,317.25,169,152,321,635490.0,0.613253139295831,0.4249081715314412,5.809210526315789,3.0,0.8994082840236687,275,169,65,26,267,267,55,49,152,23,327398.0,0.0,305398.0,0,305398.0,0.0,0,305398.0,13,2,11
73,12,533246.0,0.0,0,0.0,0.0,0.0,0.0,0.0,0.0,0.0,0,598436.0,598436.0,7,20,13,61036,65190,4154,598436.0,24000,156000.0,754436.0,689246.0,10,100000.0,2,13,23,0,0,391.0,0,321.75,180,173,353,750282.0,0.6179021698779491,0.4250467289719626,5.6531791907514455,3,0.9611111111111111,293,180,69,29,299,299,59,53,173,23,557246.0,0.0,533246.0,0,533246.0,0.0,0,533246.0,13,2,14
74,1,84022.0,0.0,0,0.0,0.0,0.0,0.0,0.0,0.0,0.0,0,133700.0,133700.0,6,10,4,41863,49678,7815,133700.0,2000,2000.0,135700.0,86022.0,0,0.0,0,0,0,0,0,61406.0,0,49.0,15,9,24,27885.0,0.8526032366028866,0.8181341719077568,0.8888888888888888,1,0.6,25,15,6,4,26,26,15,2,9,,86022.0,0.0,84022.0,0,84022.0,0.0,0,84022.0,,,
74,2,162928.0,0.0,0,0.0,0.0,0.0,0.0,0.0,0.0,0.0,0,173112.0,173112.0,6,10,4,10207,10184,-23,173112.0,4000,6000.0,179112.0,168928.0,0,0.0,1,0,0,0,0,61406.0,0,83.0,29,23,52,79135.0,0.645160440937249,0.7630579297245964,1.3478260869565217,1,0.7931034482758621,48,29,10,8,53,53,22,8,23,,166928.0,0.0,162928.0,0,162928.0,0.0,0,162928.0,,1,
74,3,58133.0,0.0,0,0.0,0.0,0.0,0.0,0.0,0.0,0.0,0,177643.0,177643.0,14,14,0,96024,119510,23486,177643.0,6000,12000.0,189643.0,70133.0,4,40000.0,1,0,4,0,0,52444.0,0,153.75,46,32,78,106157.0,0.7459238646342875,0.7082939384389116,2.21875,1.0,0.6956521739130435,74,46,18,9,77,77,36,9,32,4,64133.0,0.0,58133.0,0,58133.0,0.0,0,58133.0,,1,
74,4,-3330.0,0.0,0,0.0,0.0,0.0,0.0,0.0,0.0,0.0,0,246608.0,246608.0,13,15,2,172616,249938,77322,246608.0,8000,20000.0,266608.0,16670.0,5,50000.0,2,0,5,1,1,-3330.0,1,174.0,59,46,105,139286.0,0.7910309613923197,0.6697972687967942,2.891304347826087,2.0,0.7796610169491526,95,59,22,12,104,104,44,14,46,5,4670.0,0.0,-3330.0,0,-3330.0,0.0,0,-3330.0,,2,
74,5,92241.0,0.0,0,0.0,0.0,0.0,0.0,0.0,0.0,0.0,0,308020.0,308020.0,13,15,2,163089,215779,52690,308020.0,10000,30000.0,338020.0,122241.0,5,50000.0,9,0,5,2,1,-3330.0,0,206.75,71,58,129,235330.0,0.7614094957530654,0.6562173458725182,3.189655172413793,2.0,0.8169014084507042,120,71,28,12,129,129,53,18,58,5,102241.0,0.0,92241.0,0,92241.0,0.0,0,92241.0,,9,
74,6,-1841.0,0.0,0,0.0,0.0,0.0,0.0,0.0,0.0,0.0,0,374598.0,374598.0,15,15,0,279915,376439,96524,374598.0,12000,42000.0,416598.0,40159.0,5,50000.0,12,0,5,3,2,-3330.0,1,255.75,86,71,157,270074.0,0.7154138211029283,0.6666666666666666,3.943661971830986,2,0.8255813953488372,145,86,33,14,154,154,60,21,71,5,10159.0,0.0,-1841.0,0,-1841.0,0.0,0,-1841.0,,12,2
74,7,2522.0,0.0,0,0.0,0.0,0.0,0.0,0.0,0.0,0.0,0,367660.0,367660.0,20,20,0,252110,365138,113028,367660.0,14000,56000.0,423660.0,58522.0,10,100000.0,13,11,21,4,2,-3330.0,0,257.25,98,78,176,310632.0,0.6973063054020217,0.5732421787282967,3.8974358974358974,2.0,0.7959183673469388,177,98,39,16,170,170,63,23,78,21,16522.0,0.0,2522.0,0,2522.0,0.0,0,2522.0,11,13,6
74,8,79417.0,0.0,0,0.0,0.0,0.0,0.0,0.0,0.0,0.0,0,425347.0,425347.0,20,20,0,216357,345930,129573,425347.0,16000,72000.0,497347.0,151417.0,10,100000.0,14,16,26,4,2,-3330.0,0,281.25,111,91,202,367774.0,0.7370745312172164,0.6411530815109344,4.450549450549451,2,0.8198198198198198,199,111,42,16,194,194,67,25,91,26,95417.0,0.0,79417.0,0,79417.0,0.0,0,79417.0,16,14,11
74,9,273820.0,0.0,0,0.0,0.0,0.0,0.0,0.0,0.0,0.0,0,498832.0,498832.0,14,20,6,168715,225012,56297,498832.0,18000,90000.0,588832.0,363820.0,10,100000.0,14,16,26,4,2,-3330.0,0,286.75,122,108,230,532535.0,0.732573679572331,0.6434605532946522,4.694444444444445,2.0,0.8852459016393442,220,122,49,19,222,222,69,30,108,26,291820.0,0.0,273820.0,0,273820.0,0.0,0,273820.0,16,14,15
74,10,414648.0,0.0,0,0.0,0.0,0.0,0.0,0.0,0.0,0.0,0,578709.0,578709.0,15,20,5,123872,164061,40189,578709.0,20000,110000.0,688709.0,524648.0,10,100000.0,14,16,26,4,2,-3330.0,0,315.25,138,123,261,648520.0,0.7184663833077748,0.6666666666666666,4.804878048780488,2,0.8913043478260869,243,138,55,20,247,247,69,39,123,26,434648.0,0.0,414648.0,0,414648.0,0.0,0,414648.0,16,14,16
74,11,392567.0,0.0,0,0.0,0.0,0.0,0.0,0.0,0.0,0.0,0,613184.0,613184.0,16,20,4,185903,220617,34714,613184.0,22000,132000.0,745184.0,524567.0,10,100000.0,14,20,30,4,2,-3330.0,0,326.25,151,135,286,710470.0,0.6988646114258773,0.6666666666666666,5.162962962962963,2,0.8940397350993378,267,151,59,23,275,275,77,46,135,30,414567.0,0.0,392567.0,0,392567.0,0.0,0,392567.0,20,14,17
74,12,469203.0,0.0,0,0.0,0.0,0.0,0.0,0.0,0.0,0.0,0,670662.0,670662.0,20,20,0,164443,201459,37016,670662.0,24000,156000.0,826662.0,625203.0,10,100000.0,14,24,34,4,2,-3330.0,0,342.75,166,146,312,789646.0,0.6872680382527353,0.6434605532946522,4.993150684931507,2.0,0.8795180722891566,294,166,64,26,299,299,77,58,146,34,493203.0,0.0,469203.0,0,469203.0,0.0,0,469203.0,24,14,18
75,1,90621.0,0.0,0,0.0,0.0,0.0,0.0,0.0,0.0,0.0,0,136125.0,136125.0,4,10,6,31793,45504,13711,136125.0,2000,2000.0,138125.0,92621.0,0,0.0,0,0,0,0,0,72679.0,0,69.0,18,14,32,24414.0,0.7299030083249137,0.8710610936364374,1.7857142857142858,1.0,0.7777777777777778,25,18,5,2,20,20,4,2,14,,92621.0,0.0,90621.0,0,90621.0,0.0,0,90621.0,,,
75,2,110798.0,0.0,0,0.0,0.0,0.0,0.0,0.0,0.0,0.0,0,179279.0,179279.0,6,10,4,59604,68481,8877,179279.0,4000,6000.0,185279.0,116798.0,0,0.0,2,0,0,0,0,133.0,0,110.5,32,26,58,76402.0,0.7613927717343411,0.8257992927602628,1.8461538461538463,1.0,0.8125,49,32,11,4,47,47,17,4,26,,114798.0,0.0,110798.0,0,110798.0,0.0,0,110798.0,,2,
75,3,118630.0,0.0,0,0.0,0.0,0.0,0.0,0.0,0.0,0.0,0,212409.0,212409.0,7,10,3,74106,93779,19673,212409.0,6000,12000.0,224409.0,130630.0,0,0.0,2,0,0,0,0,133.0,0,134.5,45,38,83,104736.0,0.7027349851176624,0.6834100322135297,2.3947368421052633,2.0,0.8444444444444444,71,45,19,5,76,76,26,11,38,,124630.0,0.0,118630.0,0,118630.0,0.0,0,118630.0,,2,1
75,4,53162.0,0.0,0,0.0,0.0,0.0,0.0,0.0,0.0,0.0,0,254431.0,254431.0,16,16,0,135919,201269,65350,254431.0,8000,20000.0,274431.0,73162.0,6,60000.0,2,0,6,0,0,133.0,0,206.25,68,52,120,169081.0,0.7080963054918984,0.759174649963154,2.3846153846153846,2.0,0.7647058823529411,101,68,24,7,93,93,28,12,52,6,61162.0,0.0,53162.0,0,53162.0,0.0,0,53162.0,,2,1
75,5,63282.0,0.0,0,0.0,0.0,0.0,0.0,0.0,0.0,0.0,0,277661.0,277661.0,20,20,0,174068,214379,40311,277661.0,10000,30000.0,307661.0,93282.0,10,100000.0,3,6,16,0,0,133.0,0,241.25,85,65,150,267350.0,0.6914157845892466,0.6657534246575343,2.707692307692308,2,0.7647058823529411,128,85,25,9,116,116,34,14,65,16,73282.0,0.0,63282.0,0,63282.0,0.0,0,63282.0,6,3,3
75,6,168779.0,0.0,0,0.0,0.0,0.0,0.0,0.0,0.0,0.0,0,273488.0,273488.0,12,20,8,100322,104709,4387,273488.0,12000,42000.0,315488.0,210779.0,10,100000.0,3,6,16,0,0,133.0,0,233.25,92,80,172,311101.0,0.6349791783694669,0.4688905547226387,3.275,2.0,0.8695652173913043,146,92,31,14,146,146,43,19,80,16,180779.0,0.0,168779.0,0,168779.0,0.0,0,168779.0,6,3,4
75,7,198881.0,0.0,0,0.0,0.0,0.0,0.0,0.0,0.0,0.0,0,287534.0,287534.0,15,20,5,84911,88653,3742,287534.0,14000,56000.0,343534.0,254881.0,10,100000.0,3,6,16,0,0,133.0,0,255.0,105,90,195,339792.0,0.6141442295166869,0.4303895839952301,3.433333333333333,2.0,0.8571428571428571,171,105,41,16,168,168,44,26,90,16,212881.0,0.0,198881.0,0,198881.0,0.0,0,198881.0,6,3,8
75,8,94440.0,0.0,0,0.0,0.0,0.0,0.0,0.0,0.0,0.0,0,335913.0,335913.0,19,20,1,201312,241473,40161,335913.0,16000,72000.0,407913.0,166440.0,10,100000.0,3,9,19,0,0,133.0,0,261.5,122,103,225,367752.0,0.6094134898749676,0.4358864641277992,3.504854368932039,2,0.8442622950819673,201,122,47,20,188,188,46,31,103,19,110440.0,0.0,94440.0,0,94440.0,0.0,0,94440.0,9,3,8
75,9,183751.0,0.0,0,0.0,0.0,0.0,0.0,0.0,0.0,0.0,0,419021.0,419021.0,20,20,0,204455,235270,30815,419021.0,18000,90000.0,509021.0,273751.0,10,100000.0,3,13,23,0,0,133.0,0,265.0,134,114,248,478206.0,0.6101308738587923,0.4368337867865383,3.508771929824561,2.0,0.8507462686567164,226,134,53,23,212,212,49,40,114,23,201751.0,0.0,183751.0,0,183751.0,0.0,0,183751.0,13,3,9
75,10,303561.0,0.0,0,0.0,0.0,0.0,0.0,0.0,0.0,0.0,0,451361.0,451361.0,16,20,4,131353,147800,16447,451361.0,20000,110000.0,561361.0,413561.0,10,100000.0,3,17,27,0,0,133.0,0,264.0,146,130,276,544914.0,0.5957203262057955,0.4303895839952301,4.276923076923077,2.0,0.8904109589041096,251,146,57,28,235,235,50,46,130,27,323561.0,0.0,303561.0,0,303561.0,0.0,0,303561.0,17,3,9
75,11,78381.0,0.0,0,0.0,0.0,0.0,0.0,0.0,0.0,0.0,0,471401.0,471401.0,20,20,0,363878,393020,29142,471401.0,22000,132000.0,603401.0,210381.0,10,100000.0,3,18,28,0,0,133.0,0,297.5,163,143,306,574259.0,0.5833328196776363,0.41746448424953675,4.5174825174825175,2,0.8773006134969326,273,163,60,29,261,261,51,56,143,28,100381.0,0.0,78381.0,0,78381.0,0.0,0,78381.0,18,3,11
75,12,456148.0,0.0,0,0.0,0.0,0.0,0.0,0.0,0.0,0.0,0,536964.0,536964.0,15,20,5,77622,80816,3194,536964.0,24000,156000.0,692964.0,612148.0,10,100000.0,3,22,32,0,0,133.0,0,312.5,176,161,337,689770.0,0.5804599669751711,0.41746448424953675,4.801242236024844,2,0.9147727272727273,296,176,64,31,291,291,53,64,161,32,480148.0,0.0,456148.0,0,456148.0,0.0,0,456148.0,22,3,13
76,1,98472.0,0.0,0,0.0,0.0,0.0,0.0,0.0,0.0,0.0,0,112581.0,112581.0,5,10,5,9247,14109,4862,112581.0,2000,2000.0,114581.0,100472.0,0,0.0,0,0,0,0,0,89507.0,0,58.0,15,10,25,9719.0,0.45461852239238726,0.3008280195146308,1.4,1.0,0.6666666666666666,21,15,4,2,25,25,8,2,10,,100472.0,0.0,98472.0,0,98472.0,0.0,0,98472.0,,,5
76,2,100618.0,0.0,0,0.0,0.0,0.0,0.0,0.0,0.0,0.0,0,140633.0,140633.0,8,10,2,27649,40015,12366,140633.0,4000,6000.0,146633.0,106618.0,0,0.0,0,0,0,0,0,54458.0,0,107.0,29,21,50,34267.0,0.5012178647835327,0.3745019920318725,2.142857142857143,1,0.7241379310344828,42,29,10,3,55,55,20,6,21,,104618.0,0.0,100618.0,0,100618.0,0.0,0,100618.0,,,8
76,3,60557.0,0.0,0,0.0,0.0,0.0,0.0,0.0,0.0,0.0,0,116985.0,116985.0,12,15,3,39331,56428,17097,116985.0,6000,12000.0,128985.0,72557.0,5,50000.0,1,0,5,0,0,24105.0,0,168.5,48,36,84,61888.0,0.6095362508476172,0.43128741354807915,2.9166666666666665,1.5,0.75,69,48,16,4,76,76,24,7,36,5,66557.0,0.0,60557.0,0,60557.0,0.0,0,60557.0,,1,9
76,4,87108.0,0.0,0,0.0,0.0,0.0,0.0,0.0,0.0,0.0,0,241131.0,241131.0,11,15,4,110363,154023,43660,241131.0,8000,20000.0,261131.0,107108.0,5,50000.0,3,0,5,0,0,1191.0,0,224.25,64,53,117,167471.0,0.5978916932338034,0.4377104377104377,3.169811320754717,2,0.828125,90,64,18,5,103,103,30,9,53,5,95108.0,0.0,87108.0,0,87108.0,0.0,0,87108.0,,3,11
76,5,41181.0,0.0,0,0.0,0.0,0.0,0.0,0.0,0.0,0.0,0,278298.0,278298.0,12,15,3,176983,237117,60134,278298.0,10000,30000.0,308298.0,71181.0,5,50000.0,4,0,5,0,0,1191.0,0,245.0,78,66,144,198164.0,0.5970894676269115,0.43128741354807915,3.6363636363636362,2.0,0.8461538461538461,116,78,26,8,128,128,38,11,66,5,51181.0,0.0,41181.0,0,41181.0,0.0,0,41181.0,,4,13
76,6,266056.0,0.0,0,0.0,0.0,0.0,0.0,0.0,0.0,0.0,0,390859.0,390859.0,10,15,5,108113,124803,16690,390859.0,12000,42000.0,432859.0,308056.0,5,50000.0,5,0,5,0,0,1191.0,0,260.0,92,82,174,366169.0,0.6201875335768391,0.43128741354807915,3.4390243902439024,2.0,0.8913043478260869,141,92,31,13,153,153,45,12,82,5,278056.0,0.0,266056.0,0,266056.0,0.0,0,266056.0,,5,14
76,7,91229.0,0.0,0,0.0,0.0,0.0,0.0,0.0,0.0,0.0,0,422730.0,422730.0,15,17,2,275675,331501,55826,422730.0,14000,56000.0,478730.0,147229.0,7,70000.0,5,0,7,0,0,1191.0,0,271.0,109,94,203,392904.0,0.5933011356366925,0.4139603254542362,3.595744680851064,2.0,0.8623853211009175,168,109,39,15,174,174,47,16,94,7,105229.0,0.0,91229.0,0,91229.0,0.0,0,91229.0,,5,17
76,8,282977.0,0.0,0,0.0,0.0,0.0,0.0,0.0,0.0,0.0,0,540625.0,540625.0,12,17,5,184970,257648,72678,540625.0,16000,72000.0,612625.0,354977.0,7,70000.0,6,1,8,0,0,1191.0,0,278.5,120,108,228,509947.0,0.6143631674533657,0.46592553135521886,3.861111111111111,2.0,0.9,191,120,45,19,198,198,55,16,108,8,298977.0,0.0,282977.0,0,282977.0,0.0,0,282977.0,1,6,19
76,9,367982.0,0.0,0,0.0,0.0,0.0,0.0,0.0,0.0,0.0,0,620461.0,620461.0,13,17,4,162550,252479,89929,620461.0,18000,90000.0,710461.0,457982.0,7,70000.0,6,1,8,0,0,1191.0,0,316.5,138,125,263,590532.0,0.5879437832514508,0.4248643893857206,3.976,2,0.9057971014492754,211,138,46,20,230,230,61,24,125,8,385982.0,0.0,367982.0,0,367982.0,0.0,0,367982.0,1,6,20
76,10,282541.0,0.0,0,0.0,0.0,0.0,0.0,0.0,0.0,0.0,0,588170.0,588170.0,17,20,3,234706,305629,70923,588170.0,20000,110000.0,698170.0,392541.0,10,100000.0,6,1,11,0,0,1191.0,0,357.5,154,137,291,627247.0,0.5856620764061226,0.4248643893857206,3.8613138686131387,2,0.8896103896103896,231,154,50,20,261,261,65,36,137,11,302541.0,0.0,282541.0,0,282541.0,0.0,0,282541.0,1,6,23
76,11,231710.0,0.0,0,0.0,0.0,0.0,0.0,0.0,0.0,0.0,0,705423.0,705423.0,19,20,1,311853,473713,161860,705423.0,22000,132000.0,837423.0,363710.0,10,100000.0,6,7,17,0,0,1191.0,0,373.0,167,148,315,675563.0,0.5869182233434355,0.42452684850530553,3.9054054054054053,2.0,0.8862275449101796,260,167,57,23,282,282,70,41,148,17,253710.0,0.0,231710.0,0,231710.0,0.0,0,231710.0,7,6,23
76,12,268876.0,0.0,0,0.0,0.0,0.0,0.0,0.0,0.0,0.0,0,777086.0,777086.0,15,20,5,306472,508210,201738,777086.0,24000,156000.0,933086.0,424876.0,10,100000.0,6,14,24,0,0,1191.0,0,393.5,178,163,341,731348.0,0.592789839513729,0.425094175601275,4.177914110429448,2,0.9157303370786517,282,178,61,23,304,304,71,46,163,24,292876.0,0.0,268876.0,0,268876.0,0.0,0,268876.0,14,6,24
77,1,32283.0,0.0,0,0.0,0.0,0.0,0.0,0.0,0.0,0.0,0,116513.0,116513.0,10,12,2,66067,84230,18163,116513.0,2000,2000.0,118513.0,34283.0,2,20000.0,1,1,3,0,0,2599.0,0,44.0,19,9,28,20350.0,0.4951951880916899,0.3125386040765905,1.3333333333333333,1,0.47368421052631576,30,19,6,3,23,23,12,2,9,3,34283.0,0.0,32283.0,0,32283.0,0.0,0,32283.0,1,1,
77,2,75778.0,0.0,0,0.0,0.0,0.0,0.0,0.0,0.0,0.0,0,139634.0,139634.0,10,12,2,49254,63856,14602,139634.0,4000,6000.0,145634.0,81778.0,2,20000.0,1,1,3,0,0,2599.0,0,110.5,33,23,56,51032.0,0.5112451581946332,0.3125386040765905,2.0,2,0.696969696969697,53,33,14,4,50,50,16,9,23,3,79778.0,0.0,75778.0,0,75778.0,0.0,0,75778.0,1,1,2
77,3,56531.0,0.0,0,0.0,0.0,0.0,0.0,0.0,0.0,0.0,0,141114.0,141114.0,15,17,2,66744,84583,17839,141114.0,6000,12000.0,153114.0,68531.0,7,70000.0,2,2,9,0,0,111.0,0,148.75,48,33,81,105275.0,0.5833085809820833,0.6666666666666666,2.090909090909091,2,0.6875,75,48,16,7,75,75,26,13,33,9,62531.0,0.0,56531.0,0,56531.0,0.0,0,56531.0,2,2,3
77,4,-5238.0,0.0,0,0.0,0.0,0.0,0.0,0.0,0.0,0.0,0,143252.0,143252.0,18,18,0,116384,148490,32106,143252.0,8000,20000.0,163252.0,14762.0,8,80000.0,2,4,12,1,1,-5238.0,1,156.75,58,40,98,111146.0,0.5668507089223743,0.48305147226114964,2.65,2.0,0.6896551724137931,96,58,22,10,98,98,38,17,40,12,2762.0,0.0,-5238.0,0,-5238.0,0.0,0,-5238.0,4,2,3
77,5,85269.0,0.0,0,0.0,0.0,0.0,0.0,0.0,0.0,0.0,0,158341.0,158341.0,13,18,5,54929,73072,18143,158341.0,10000,30000.0,188341.0,115269.0,8,80000.0,2,10,18,2,1,-5238.0,0,163.0,63,50,113,150198.0,0.5641247168003974,0.33805781378764255,3.76,2.0,0.7936507936507936,112,63,27,10,130,130,53,24,50,18,95269.0,0.0,85269.0,0,85269.0,0.0,0,85269.0,10,2,3
77,6,27793.0,0.0,0,0.0,0.0,0.0,0.0,0.0,0.0,0.0,0,179865.0,179865.0,20,20,0,94844,152072,57228,179865.0,12000,42000.0,221865.0,69793.0,10,100000.0,3,20,30,2,1,-5238.0,0,170.25,74,54,128,164637.0,0.574623167535767,0.33805781378764255,3.5555555555555554,2.0,0.7297297297297297,142,74,32,13,150,150,61,31,54,30,39793.0,0.0,27793.0,0,27793.0,0.0,0,27793.0,20,3,4
77,7,-5138.0,0.0,0,0.0,0.0,0.0,0.0,0.0,0.0,0.0,0,277330.0,277330.0,19,20,1,185371,282468,97097,277330.0,14000,56000.0,333330.0,50862.0,10,100000.0,5,22,32,3,2,-5238.0,1,208.0,88,69,157,236233.0,0.6309928591385507,0.6025259210236047,4.782608695652174,2,0.7840909090909091,165,88,35,15,177,177,72,32,69,32,8862.0,0.0,-5138.0,0,-5138.0,0.0,0,-5138.0,22,5,4
77,8,55098.0,0.0,0,0.0,0.0,0.0,0.0,0.0,0.0,0.0,0,247575.0,247575.0,18,20,2,128513,192477,63964,247575.0,16000,72000.0,319575.0,127098.0,10,100000.0,9,22,32,4,2,-5238.0,0,220.5,95,77,172,255611.0,0.6139122872914834,0.5104166666666666,4.974025974025974,2,0.8105263157894737,185,95,43,16,203,203,76,46,77,32,71098.0,0.0,55098.0,0,55098.0,0.0,0,55098.0,22,9,4
77,9,226733.0,0.0,0,0.0,0.0,0.0,0.0,0.0,0.0,0.0,0,385480.0,385480.0,19,20,1,103317,158747,55430,385480.0,18000,90000.0,475480.0,316733.0,10,100000.0,9,26,36,4,2,-5238.0,0,267.75,115,96,211,420050.0,0.5862813672904764,0.34886448250186153,6.010416666666667,2.0,0.8347826086956521,213,115,46,17,228,228,79,49,96,36,244733.0,0.0,226733.0,0,226733.0,0.0,0,226733.0,26,9,4
77,10,261902.0,0.0,0,0.0,0.0,0.0,0.0,0.0,0.0,0.0,0,486464.0,486464.0,18,20,2,130749,224562,93813,486464.0,20000,110000.0,596464.0,371902.0,10,100000.0,9,26,36,4,2,-5238.0,0,289.75,131,113,244,502651.0,0.5924628201178439,0.36357702349869453,6.557522123893805,2,0.8625954198473282,240,131,55,19,254,254,85,52,113,36,281902.0,0.0,261902.0,0,261902.0,0.0,0,261902.0,26,9,4
77,11,396691.0,0.0,0,0.0,0.0,0.0,0.0,0.0,0.0,0.0,0,510095.0,510095.0,15,20,5,71907,113404,41497,510095.0,22000,132000.0,642095.0,528691.0,10,100000.0,9,26,36,4,2,-5238.0,0,320.25,144,129,273,600598.0,0.593926989049388,0.43537617488198016,6.9689922480620154,3,0.8958333333333334,258,144,60,19,285,285,91,57,129,36,418691.0,0.0,396691.0,0,396691.0,0.0,0,396691.0,26,9,8
77,12,80600.0,0.0,0,0.0,0.0,0.0,0.0,0.0,0.0,0.0,0,587880.0,587880.0,18,20,2,404059,507280,103221,587880.0,24000,156000.0,743880.0,236600.0,10,100000.0,9,28,38,4,2,-5238.0,0,345.25,160,142,302,640659.0,0.6010955859379946,0.4569783735194586,7.225352112676056,3.0,0.8875,284,160,66,21,307,307,96,58,142,38,104600.0,0.0,80600.0,0,80600.0,0.0,0,80600.0,28,9,11
78,1,67311.0,0.0,0,0.0,0.0,0.0,0.0,0.0,0.0,0.0,0,120617.0,120617.0,8,11,3,45530,53306,7776,120617.0,2000,2000.0,122617.0,69311.0,1,10000.0,0,0,1,0,0,27802.0,0,106.5,22,14,36,24841.0,0.5490686101720241,0.3011283074946415,2.0,2.0,0.6363636363636364,27,22,5,,22,22,5,2,14,1,69311.0,0.0,67311.0,0,67311.0,0.0,0,67311.0,,,1
78,2,16271.0,0.0,0,0.0,0.0,0.0,0.0,0.0,0.0,0.0,0,127440.0,127440.0,9,11,2,100499,111169,10670,127440.0,4000,6000.0,133440.0,22271.0,1,10000.0,3,0,1,0,0,7847.0,0,105.75,34,25,59,32770.0,0.5437455867932559,0.25013448090371165,2.72,2,0.7352941176470589,52,34,10,5,47,47,13,5,25,1,20271.0,0.0,16271.0,0,16271.0,0.0,0,16271.0,,3,4
78,3,18768.0,0.0,0,0.0,0.0,0.0,0.0,0.0,0.0,0.0,0,123129.0,123129.0,12,12,0,106519,104361,-2158,123129.0,6000,12000.0,135129.0,30768.0,2,20000.0,4,1,3,0,0,1064.0,0,137.25,48,36,84,57287.0,0.6028535264087256,0.3658765872460017,2.4166666666666665,2.0,0.75,73,48,13,7,73,73,19,10,36,3,24768.0,0.0,18768.0,0,18768.0,0.0,0,18768.0,1,4,8
78,4,21391.0,0.0,0,0.0,0.0,0.0,0.0,0.0,0.0,0.0,0,182336.0,182336.0,9,13,4,122558,160945,38387,182336.0,8000,20000.0,202336.0,41391.0,3,30000.0,7,3,6,0,0,226.0,0,153.0,59,50,109,93949.0,0.669014650024665,0.4000117702448211,3.76,2.0,0.847457627118644,97,59,17,11,98,98,22,15,50,6,29391.0,0.0,21391.0,0,21391.0,0.0,0,21391.0,3,7,11
78,5,-4035.0,0.0,0,0.0,0.0,0.0,0.0,0.0,0.0,0.0,0,148593.0,148593.0,15,15,0,143973,152628,8655,148593.0,10000,30000.0,178593.0,25965.0,5,50000.0,8,9,14,1,1,-4035.0,1,188.0,74,59,133,119938.0,0.6570824218547908,0.4250235404896422,3.694915254237288,2,0.7972972972972973,123,74,18,14,125,125,29,24,59,14,5965.0,0.0,-4035.0,0,-4035.0,0.0,0,-4035.0,9,8,13
78,6,22689.0,0.0,0,0.0,0.0,0.0,0.0,0.0,0.0,0.0,0,196201.0,196201.0,12,16,4,133747,173512,39765,196201.0,12000,42000.0,238201.0,64689.0,6,60000.0,8,9,15,1,1,-4035.0,0,236.5,92,80,172,158436.0,0.62436490388736,0.42488635218462045,4.55,2.0,0.8695652173913043,147,92,22,16,150,150,29,26,80,15,34689.0,0.0,22689.0,0,22689.0,0.0,0,22689.0,9,8,15
78,7,34989.0,0.0,0,0.0,0.0,0.0,0.0,0.0,0.0,0.0,0,209172.0,209172.0,18,19,1,151971,174183,22212,209172.0,14000,56000.0,265172.0,90989.0,9,90000.0,9,9,18,1,1,-4035.0,0,262.75,109,91,200,232960.0,0.6414707440947232,0.5019538188277087,4.483516483516484,2,0.8348623853211009,171,109,27,17,174,174,36,30,91,18,48989.0,0.0,34989.0,0,34989.0,0.0,0,34989.0,9,9,17
78,8,14652.0,0.0,0,0.0,0.0,0.0,0.0,0.0,0.0,0.0,0,207074.0,207074.0,19,20,1,185454,192422,6968,207074.0,16000,72000.0,279074.0,86652.0,10,100000.0,12,11,21,1,1,-4035.0,0,272.25,124,105,229,272106.0,0.630505511171927,0.5019538188277087,4.457142857142857,2,0.8467741935483871,199,124,31,21,198,198,41,35,105,21,30652.0,0.0,14652.0,0,14652.0,0.0,0,14652.0,11,12,17
78,9,47139.0,0.0,0,0.0,0.0,0.0,0.0,0.0,0.0,0.0,0,250090.0,250090.0,20,20,0,186501,202951,16450,250090.0,18000,90000.0,340090.0,137139.0,10,100000.0,12,24,34,1,1,-4035.0,0,276.25,134,114,248,323640.0,0.6469287434493489,0.636766779661017,4.5701754385964914,2.0,0.8507462686567164,231,134,38,23,217,217,45,41,114,34,65139.0,0.0,47139.0,0,47139.0,0.0,0,47139.0,24,12,17
78,10,75283.0,0.0,0,0.0,0.0,0.0,0.0,0.0,0.0,0.0,0,243212.0,243212.0,20,20,0,169351,167929,-1422,243212.0,20000,110000.0,353212.0,185283.0,10,100000.0,12,46,56,1,1,-4035.0,0,253.75,139,119,258,354634.0,0.6398159198379363,0.6280533333333334,4.638655462184874,2,0.8561151079136691,267,139,45,25,229,229,48,44,119,56,95283.0,0.0,75283.0,0,75283.0,0.0,0,75283.0,46,12,18
78,11,117173.0,0.0,0,0.0,0.0,0.0,0.0,0.0,0.0,0.0,0,364216.0,364216.0,15,20,5,180785,247043,66258,364216.0,22000,132000.0,496216.0,249173.0,10,100000.0,12,50,60,1,1,-4035.0,0,269.75,152,137,289,429958.0,0.6344112351864647,0.5608191740744908,5.474452554744525,3,0.9013157894736842,289,152,48,27,255,255,51,48,137,60,139173.0,0.0,117173.0,0,117173.0,0.0,0,117173.0,50,12,19
78,12,197597.0,0.0,0,0.0,0.0,0.0,0.0,0.0,0.0,0.0,0,354536.0,354536.0,14,20,6,150383,156939,6556,354536.0,24000,156000.0,510536.0,353597.0,10,100000.0,12,50,60,1,1,-4035.0,0,291.75,165,151,316,503980.0,0.6492269424683672,0.6454802259887006,5.562913907284768,3,0.9151515151515152,312,165,58,27,280,280,59,51,151,60,221597.0,0.0,197597.0,0,197597.0,0.0,0,197597.0,50,12,19
79,1,36800.0,0.0,0,0.0,0.0,0.0,0.0,0.0,0.0,0.0,0,145605.0,145605.0,5,10,5,82280,108805,26525,145605.0,2000,2000.0,147605.0,38800.0,0,0.0,1,0,0,0,0,22851.0,0,44.0,15,10,25,21080.0,0.6017190802990896,0.5653282594382261,1.5,1.5,0.6666666666666666,25,15,7,2,26,26,12,4,10,,38800.0,0.0,36800.0,0,36800.0,0.0,0,36800.0,,1,
79,2,177776.0,0.0,0,0.0,0.0,0.0,0.0,0.0,0.0,0.0,0,188807.0,188807.0,4,10,6,6680,11031,4351,188807.0,4000,6000.0,194807.0,183776.0,0,0.0,1,0,0,0,0,22851.0,0,100.0,27,23,50,90456.0,0.6415389163545382,0.8181302473337871,1.9130434782608696,2,0.8518518518518519,41,27,10,3,59,59,29,5,23,,181776.0,0.0,177776.0,0,177776.0,0.0,0,177776.0,,1,2
79,3,124864.0,0.0,0,0.0,0.0,0.0,0.0,0.0,0.0,0.0,0,234653.0,234653.0,12,14,2,66666,109789,43123,234653.0,6000,12000.0,246653.0,136864.0,4,40000.0,1,0,4,0,0,22851.0,0,167.0,47,35,82,143530.0,0.6658066799271682,0.8181302473337871,1.9142857142857144,2,0.7446808510638298,65,47,13,4,84,84,37,9,35,4,130864.0,0.0,124864.0,0,124864.0,0.0,0,124864.0,,1,3
79,4,28199.0,0.0,0,0.0,0.0,0.0,0.0,0.0,0.0,0.0,0,256779.0,256779.0,19,20,1,133424,228580,95156,256779.0,8000,20000.0,276779.0,48199.0,10,100000.0,1,4,14,0,0,5351.0,0,189.25,64,45,109,181623.0,0.6100225694134717,0.5003170577045022,2.022222222222222,2,0.703125,91,64,16,6,105,105,41,14,45,14,36199.0,0.0,28199.0,0,28199.0,0.0,0,28199.0,4,1,5
79,5,40798.0,0.0,0,0.0,0.0,0.0,0.0,0.0,0.0,0.0,0,327286.0,327286.0,20,20,0,178201,286488,108287,327286.0,10000,30000.0,357286.0,70798.0,10,100000.0,1,11,21,0,0,5351.0,0,204.5,76,56,132,248999.0,0.5781659068502693,0.3812011697724338,2.642857142857143,2.0,0.7368421052631579,118,76,21,9,123,123,47,15,56,21,50798.0,0.0,40798.0,0,40798.0,0.0,0,40798.0,11,1,5
79,6,68313.0,0.0,0,0.0,0.0,0.0,0.0,0.0,0.0,0.0,0,355569.0,355569.0,20,20,0,187481,287256,99775,355569.0,12000,42000.0,397569.0,110313.0,10,100000.0,1,23,33,0,0,3106.0,0,192.25,86,66,152,297794.0,0.5581195742663526,0.338079629084854,3.257575757575758,2.0,0.7674418604651163,147,86,23,14,144,144,54,19,66,33,80313.0,0.0,68313.0,0,68313.0,0.0,0,68313.0,23,1,5
79,7,57084.0,0.0,0,0.0,0.0,0.0,0.0,0.0,0.0,0.0,0,359228.0,359228.0,17,20,3,206650,302144,95494,359228.0,14000,56000.0,415228.0,113084.0,10,100000.0,1,32,42,0,0,3106.0,0,188.0,92,75,167,319734.0,0.5534783895721151,0.312526271542665,4.1466666666666665,2,0.8152173913043478,169,92,28,16,172,172,60,31,75,42,71084.0,0.0,57084.0,0,57084.0,0.0,0,57084.0,32,1,6
79,8,113726.0,0.0,0,0.0,0.0,0.0,0.0,0.0,0.0,0.0,0,393373.0,393373.0,20,20,0,200999,279647,78648,393373.0,16000,72000.0,465373.0,185726.0,10,100000.0,1,42,52,0,0,3106.0,0,191.5,102,82,184,386725.0,0.551330823899773,0.3125131357713325,4.109756097560975,2.0,0.803921568627451,197,102,33,19,194,194,71,35,82,52,129726.0,0.0,113726.0,0,113726.0,0.0,0,113726.0,42,1,6
79,9,66655.0,0.0,0,0.0,0.0,0.0,0.0,0.0,0.0,0.0,0,395101.0,395101.0,20,20,0,234108,328446,94338,395101.0,18000,90000.0,485101.0,156655.0,10,100000.0,1,55,65,0,0,3106.0,0,173.5,106,86,192,390763.0,0.5461109443265326,0.3229298024379992,4.116279069767442,2.0,0.8113207547169812,220,106,35,23,218,218,81,44,86,65,84655.0,0.0,66655.0,0,66655.0,0.0,0,66655.0,55,1,7
79,10,96312.0,0.0,0,0.0,0.0,0.0,0.0,0.0,0.0,0.0,0,447815.0,447815.0,18,20,2,245422,351503,106081,447815.0,20000,110000.0,557815.0,206312.0,10,100000.0,1,60,70,0,0,3106.0,0,197.25,117,99,216,451734.0,0.5422704003164215,0.312526271542665,5.121212121212121,2,0.8461538461538461,241,117,38,25,248,248,92,49,99,70,116312.0,0.0,96312.0,0,96312.0,0.0,0,96312.0,60,1,8
79,11,222549.0,0.0,0,0.0,0.0,0.0,0.0,0.0,0.0,0.0,0,433173.0,433173.0,20,20,0,145678,210624,64946,433173.0,22000,132000.0,565173.0,354549.0,10,100000.0,1,62,72,0,0,3106.0,0,214.5,129,109,238,500227.0,0.5473504497104241,0.3636329866270431,6.229357798165138,2,0.8449612403100775,263,129,42,29,276,276,103,56,109,72,244549.0,0.0,222549.0,0,222549.0,0.0,0,222549.0,62,1,8
79,12,391593.0,0.0,0,0.0,0.0,0.0,0.0,0.0,0.0,0.0,0,554204.0,554204.0,18,20,2,139626,162611,22985,554204.0,24000,156000.0,710204.0,547593.0,10,100000.0,1,64,74,0,0,3106.0,0,250.5,144,126,270,687219.0,0.5383964639733059,0.36367233424144196,7.341269841269841,2.0,0.875,287,144,47,31,300,300,106,60,126,74,415593.0,0.0,391593.0,0,391593.0,0.0,0,391593.0,64,1,8
80,1,13143.0,0.0,0,0.0,0.0,0.0,0.0,0.0,0.0,0.0,0,184470.0,184470.0,9,11,2,123497,171327,47830,184470.0,2000,2000.0,186470.0,15143.0,1,10000.0,1,1,2,0,0,8134.0,0,101.5,22,13,35,48640.0,0.6811637570938031,0.8333333333333334,1.6923076923076923,2,0.5909090909090909,28,22,3,1,21,21,7,1,13,2,15143.0,0.0,13143.0,0,13143.0,0.0,0,13143.0,1,1,
80,2,7901.0,0.0,0,0.0,0.0,0.0,0.0,0.0,0.0,0.0,0,185088.0,185088.0,12,12,0,129685,177187,47502,185088.0,4000,6000.0,191088.0,13901.0,2,20000.0,2,6,8,0,0,2116.0,0,121.5,36,24,60,63586.0,0.49998628844968257,0.27265625,2.25,2.0,0.6666666666666666,57,36,8,5,42,42,12,6,24,8,11901.0,0.0,7901.0,0,7901.0,0.0,0,7901.0,6,2,
80,3,1373.0,0.0,0,0.0,0.0,0.0,0.0,0.0,0.0,0.0,0,234729.0,234729.0,12,12,0,142236,233356,91120,234729.0,6000,12000.0,246729.0,13373.0,2,20000.0,3,19,21,0,0,1373.0,0,135.5,43,31,74,75609.0,0.49978144622442017,0.2953125,2.806451612903226,2,0.7209302325581395,81,43,10,6,69,69,18,15,31,21,7373.0,0.0,1373.0,0,1373.0,0.0,0,1373.0,19,3,5
80,4,-992.0,0.0,0,0.0,0.0,0.0,0.0,0.0,0.0,0.0,0,260816.0,260816.0,13,13,0,158596,261808,103212,260816.0,8000,20000.0,280816.0,19008.0,3,30000.0,3,25,28,1,1,-992.0,1,141.75,52,39,91,107604.0,0.5266804786873286,0.3630952380952381,3.6666666666666665,2,0.75,106,52,18,8,94,94,24,26,39,28,7008.0,0.0,-992.0,0,-992.0,0.0,0,-992.0,25,3,5
80,5,32488.0,0.0,0,0.0,0.0,0.0,0.0,0.0,0.0,0.0,0,256643.0,256643.0,8,14,6,138092,224155,86063,256643.0,10000,30000.0,286643.0,62488.0,4,40000.0,5,25,29,1,1,-992.0,0,178.25,64,56,120,140580.0,0.508505117824927,0.35642939423859754,4.267857142857143,3.0,0.875,126,64,22,10,121,121,29,28,56,29,42488.0,0.0,32488.0,0,32488.0,0.0,0,32488.0,25,5,8
80,6,110144.0,0.0,0,0.0,0.0,0.0,0.0,0.0,0.0,0.0,0,358541.0,358541.0,13,15,2,142378,248397,106019,358541.0,12000,42000.0,400541.0,152144.0,5,50000.0,6,26,31,1,1,-992.0,0,242.75,84,71,155,244522.0,0.5719889063118221,0.48139197680038665,4.098591549295775,3,0.8452380952380952,151,84,23,12,142,142,32,31,71,31,122144.0,0.0,110144.0,0,110144.0,0.0,0,110144.0,26,6,8
80,7,-1614.0,0.0,0,0.0,0.0,0.0,0.0,0.0,0.0,0.0,0,336236.0,336236.0,19,19,0,226585,337850,111265,336236.0,14000,56000.0,392236.0,54386.0,9,90000.0,6,28,37,2,2,-1614.0,1,270.0,101,82,183,270971.0,0.5615631220597327,0.4047378922693423,4.012195121951219,3.0,0.8118811881188119,175,101,27,13,167,167,38,37,82,37,12386.0,0.0,-1614.0,0,-1614.0,0.0,0,-1614.0,28,6,10
80,8,34694.0,0.0,0,0.0,0.0,0.0,0.0,0.0,0.0,0.0,0,368730.0,368730.0,18,20,2,198827,334036,135209,368730.0,16000,72000.0,440730.0,106694.0,10,100000.0,6,32,42,2,2,-1614.0,0,287.0,114,96,210,305521.0,0.5392535716634376,0.3498817751909785,4.260416666666667,3.0,0.8421052631578947,198,114,32,14,195,195,43,46,96,42,50694.0,0.0,34694.0,0,34694.0,0.0,0,34694.0,32,6,10
80,9,-6206.0,0.0,0,0.0,0.0,0.0,0.0,0.0,0.0,0.0,0,382290.0,382290.0,20,20,0,291765,388496,96731,382290.0,18000,90000.0,472290.0,83794.0,10,100000.0,9,33,43,3,3,-6206.0,1,301.5,127,107,234,375559.0,0.5817223235732885,0.42483660130718953,4.4392523364485985,3,0.84251968503937,221,127,36,16,218,218,45,54,107,43,11794.0,0.0,-6206.0,0,-6206.0,0.0,0,-6206.0,33,9,12
80,10,18143.0,0.0,0,0.0,0.0,0.0,0.0,0.0,0.0,0.0,0,396864.0,396864.0,17,20,3,283807,378721,94914,396864.0,20000,110000.0,506864.0,128143.0,10,100000.0,14,40,50,4,3,-6206.0,0,300.5,135,118,253,411950.0,0.5864699872035986,0.4250498796009632,4.601694915254237,3.0,0.8740740740740741,246,135,39,18,242,242,46,64,118,50,38143.0,0.0,18143.0,0,18143.0,0.0,0,18143.0,40,14,14
80,11,155498.0,0.0,0,0.0,0.0,0.0,0.0,0.0,0.0,0.0,0,388579.0,388579.0,20,20,0,178886,233081,54195,388579.0,22000,132000.0,520579.0,287498.0,10,100000.0,15,54,64,4,3,-6206.0,0,287.0,142,122,264,466384.0,0.5798057233567822,0.4047378922693423,4.754098360655738,3.0,0.8591549295774648,277,142,47,19,259,259,50,73,122,64,177498.0,0.0,155498.0,0,155498.0,0.0,0,155498.0,54,15,14
80,12,114863.0,0.0,0,0.0,0.0,0.0,0.0,0.0,0.0,0.0,0,486194.0,486194.0,20,20,0,238197,371331,133134,486194.0,24000,156000.0,642194.0,270863.0,10,100000.0,15,75,85,4,3,-6206.0,0,273.5,147,127,274,509060.0,0.5828768287227979,0.3846391832314951,4.881889763779528,3,0.8639455782312925,308,147,51,20,277,277,50,86,127,85,138863.0,0.0,114863.0,0,114863.0,0.0,0,114863.0,75,15,14
81,1,21896.0,0.0,0,0.0,0.0,0.0,0.0,0.0,0.0,0.0,0,124110.0,124110.0,10,11,1,72100,102214,30114,124110.0,2000,2000.0,126110.0,23896.0,1,10000.0,1,0,1,0,0,20433.0,0,62.0,18,8,26,5996.0,0.41867820104950554,0.2215909090909091,1.25,1.5,0.4444444444444444,30,18,7,4,20,20,8,4,8,1,23896.0,0.0,21896.0,0,21896.0,0.0,0,21896.0,,1,
81,2,6908.0,0.0,0,0.0,0.0,0.0,0.0,0.0,0.0,0.0,0,136261.0,136261.0,12,13,1,79506,129353,49847,136261.0,4000,6000.0,142261.0,12908.0,3,30000.0,2,4,7,0,0,446.0,0,97.0,30,18,48,22414.0,0.607575164048059,0.5643828006927116,2.9444444444444446,2.0,0.6,55,30,12,7,42,42,18,4,18,7,10908.0,0.0,6908.0,0,6908.0,0.0,0,6908.0,4,2,2
81,3,57353.0,0.0,0,0.0,0.0,0.0,0.0,0.0,0.0,0.0,0,138199.0,138199.0,11,13,2,62027,80846,18819,138199.0,6000,12000.0,150199.0,69353.0,3,30000.0,5,5,8,0,0,446.0,0,133.0,42,31,73,61380.0,0.5899150190923136,0.5002395783421179,3.032258064516129,2,0.7380952380952381,75,42,14,9,69,69,25,11,31,8,63353.0,0.0,57353.0,0,57353.0,0.0,0,57353.0,5,5,2
81,4,57699.0,0.0,0,0.0,0.0,0.0,0.0,0.0,0.0,0.0,0,199392.0,199392.0,12,13,1,95988,141693,45705,199392.0,8000,20000.0,219392.0,77699.0,3,30000.0,5,5,8,0,0,446.0,0,171.5,56,44,100,103687.0,0.5732798417480732,0.5046003652681945,4.25,2.0,0.7857142857142857,94,56,16,12,100,100,29,25,44,8,65699.0,0.0,57699.0,0,57699.0,0.0,0,57699.0,5,5,2
81,5,113703.0,0.0,0,0.0,0.0,0.0,0.0,0.0,0.0,0.0,0,290200.0,290200.0,15,15,0,108215,176497,68282,290200.0,10000,30000.0,320200.0,143703.0,5,50000.0,7,10,15,0,0,446.0,0,196.5,69,54,123,201918.0,0.5825471797302071,0.5046003652681945,4.444444444444445,2.0,0.782608695652174,124,69,23,15,121,121,34,31,54,15,123703.0,0.0,113703.0,0,113703.0,0.0,0,113703.0,10,7,2
81,6,43538.0,0.0,0,0.0,0.0,0.0,0.0,0.0,0.0,0.0,0,318503.0,318503.0,16,19,3,214728,274965,60237,318503.0,12000,42000.0,360503.0,85538.0,9,90000.0,7,10,19,0,0,446.0,0,241.25,87,71,158,290266.0,0.5635529723984977,0.42538671519563237,4.690140845070423,2,0.8160919540229885,148,87,29,15,147,147,36,37,71,19,55538.0,0.0,43538.0,0,43538.0,0.0,0,43538.0,10,7,3
81,7,76166.0,0.0,0,0.0,0.0,0.0,0.0,0.0,0.0,0.0,0,280662.0,280662.0,15,20,5,191622,204496,12874,280662.0,14000,56000.0,336662.0,132166.0,10,100000.0,7,12,22,0,0,446.0,0,272.25,102,87,189,323788.0,0.5440853051992979,0.42467532467532465,4.758620689655173,3,0.8529411764705882,167,102,30,16,176,176,37,48,87,22,90166.0,0.0,76166.0,0,76166.0,0.0,0,76166.0,12,7,4
81,8,21578.0,0.0,0,0.0,0.0,0.0,0.0,0.0,0.0,0.0,0,315553.0,315553.0,16,20,4,252550,293975,41425,315553.0,16000,72000.0,387553.0,93578.0,10,100000.0,9,12,22,0,0,446.0,0,279.75,117,101,218,346128.0,0.5428758399691735,0.425083642282304,4.683168316831683,3,0.8632478632478633,191,117,35,18,202,202,43,54,101,22,37578.0,0.0,21578.0,0,21578.0,0.0,0,21578.0,12,9,4
81,9,93595.0,0.0,0,0.0,0.0,0.0,0.0,0.0,0.0,0.0,0,381294.0,381294.0,15,20,5,242716,287699,44983,381294.0,18000,90000.0,471294.0,183595.0,10,100000.0,14,12,22,0,0,446.0,0,312.25,130,115,245,426311.0,0.5494086951272513,0.42538671519563237,4.747826086956522,3,0.8846153846153846,214,130,40,18,231,231,50,61,115,22,111595.0,0.0,93595.0,0,93595.0,0.0,0,93595.0,12,14,5
81,10,137026.0,0.0,0,0.0,0.0,0.0,0.0,0.0,0.0,0.0,0,412103.0,412103.0,19,20,1,233784,275077,41293,412103.0,20000,110000.0,522103.0,247026.0,10,100000.0,17,14,24,0,0,446.0,0,324.25,141,122,263,480810.0,0.5518353639796854,0.4314702740491513,4.69672131147541,3.0,0.8652482269503546,241,141,51,18,252,252,52,71,122,24,157026.0,0.0,137026.0,0,137026.0,0.0,0,137026.0,14,17,7
81,11,205974.0,0.0,0,0.0,0.0,0.0,0.0,0.0,0.0,0.0,0,523400.0,523400.0,18,20,2,225297,317426,92129,523400.0,22000,132000.0,655400.0,337974.0,10,100000.0,17,20,30,0,0,446.0,0,340.75,154,136,290,563271.0,0.5895982886902537,0.4817040613640938,5.3161764705882355,3.0,0.8831168831168831,268,154,56,21,276,276,58,75,136,30,227974.0,0.0,205974.0,0,205974.0,0.0,0,205974.0,20,17,7
81,12,272380.0,0.0,0,0.0,0.0,0.0,0.0,0.0,0.0,0.0,0,564677.0,564677.0,15,20,5,186560,292297,105737,564677.0,24000,156000.0,720677.0,428380.0,10,100000.0,17,26,36,0,0,446.0,0,343.25,165,150,315,614940.0,0.57572779087675,0.4252351787389682,5.6,4.0,0.9090909090909091,297,165,66,23,298,298,58,81,150,36,296380.0,0.0,272380.0,0,272380.0,0.0,0,272380.0,26,17,9
82,1,129766.0,0.0,0,0.0,0.0,0.0,0.0,0.0,0.0,0.0,0,162298.0,162298.0,6,10,4,27301,32532,5231,162298.0,2000,2000.0,164298.0,131766.0,0,0.0,0,0,0,0,0,22489.0,0,50.0,17,11,28,59067.0,0.43237553561053,0.22727272727272727,1.8181818181818181,1,0.6470588235294118,27,17,4,6,23,23,8,4,11,,131766.0,0.0,129766.0,0,129766.0,0.0,0,129766.0,,,
82,2,104509.0,0.0,0,0.0,0.0,0.0,0.0,0.0,0.0,0.0,0,176545.0,176545.0,5,10,5,70307,72036,1729,176545.0,4000,6000.0,182545.0,110509.0,0,0.0,0,0,0,0,0,22489.0,0,124.0,33,28,61,80816.0,0.5249527981050516,0.47705223880597014,2.1785714285714284,1.0,0.8484848484848485,45,33,6,6,54,54,21,4,28,,108509.0,0.0,104509.0,0,104509.0,0.0,0,104509.0,,,1
82,3,85398.0,0.0,0,0.0,0.0,0.0,0.0,0.0,0.0,0.0,0,181843.0,181843.0,11,11,0,88729,96445,7716,181843.0,6000,12000.0,193843.0,97398.0,1,10000.0,0,0,1,0,0,22489.0,0,140.75,47,36,83,96127.0,0.4755198986714151,0.25012735619876164,2.5,2.0,0.7659574468085106,72,47,15,10,77,77,35,5,36,1,91398.0,0.0,85398.0,0,85398.0,0.0,0,85398.0,,,1
82,4,123655.0,0.0,0,0.0,0.0,0.0,0.0,0.0,0.0,0.0,0,229804.0,229804.0,9,12,3,63615,106149,42534,229804.0,8000,20000.0,249804.0,143655.0,2,20000.0,0,0,2,0,0,22489.0,0,153.25,57,48,105,127270.0,0.5314649125089174,0.2625890947968639,2.6666666666666665,2.0,0.8421052631578947,88,57,19,12,109,109,51,8,48,2,131655.0,0.0,123655.0,0,123655.0,0.0,0,123655.0,,,2
82,5,90765.0,0.0,0,0.0,0.0,0.0,0.0,0.0,0.0,0.0,0,245167.0,245167.0,8,14,6,150409,154402,3993,245167.0,10000,30000.0,275167.0,120765.0,4,40000.0,2,3,7,0,0,3959.0,0,186.5,68,60,128,211174.0,0.517000990291185,0.25005763824269767,3.4,2.0,0.8823529411764706,112,68,27,12,134,134,55,16,60,7,100765.0,0.0,90765.0,0,90765.0,0.0,0,90765.0,3,2,3
82,6,75688.0,0.0,0,0.0,0.0,0.0,0.0,0.0,0.0,0.0,0,267233.0,267233.0,13,14,1,175935,191545,15610,267233.0,12000,42000.0,309233.0,117688.0,4,40000.0,2,3,7,0,0,3959.0,0,216.25,81,68,149,233623.0,0.5935789740000831,0.25012735619876164,3.8970588235294117,2.0,0.8395061728395061,136,81,36,14,163,163,65,24,68,7,87688.0,0.0,75688.0,0,75688.0,0.0,0,75688.0,3,2,6
82,7,28970.0,0.0,0,0.0,0.0,0.0,0.0,0.0,0.0,0.0,0,224531.0,224531.0,12,18,6,200121,195561,-4560,224531.0,14000,56000.0,280531.0,84970.0,8,80000.0,3,3,11,0,0,1790.0,0,254.5,96,84,180,265091.0,0.5769100451921337,0.3125462289119174,3.892857142857143,2.0,0.875,160,96,44,14,186,186,66,30,84,11,42970.0,0.0,28970.0,0,28970.0,0.0,0,28970.0,3,3,6
82,8,79036.0,0.0,0,0.0,0.0,0.0,0.0,0.0,0.0,0.0,0,287330.0,287330.0,15,18,3,211946,208294,-3652,287330.0,16000,72000.0,359330.0,151036.0,8,80000.0,4,3,11,0,0,1790.0,0,283.0,112,97,209,342982.0,0.6099985755881293,0.4199148936170213,4.11340206185567,2,0.8660714285714286,183,112,48,16,212,212,69,39,97,11,95036.0,0.0,79036.0,0,79036.0,0.0,0,79036.0,3,4,7
82,9,27873.0,0.0,0,0.0,0.0,0.0,0.0,0.0,0.0,0.0,0,352814.0,352814.0,14,18,4,276337,324941,48604,352814.0,18000,90000.0,442814.0,117873.0,8,80000.0,5,3,11,0,0,1790.0,0,305.0,124,110,234,374210.0,0.5988865593390542,0.4072379811596557,4.0636363636363635,2.0,0.8870967741935484,205,124,56,17,239,239,74,47,110,11,45873.0,0.0,27873.0,0,27873.0,0.0,0,27873.0,3,5,8
82,10,192028.0,0.0,0,0.0,0.0,0.0,0.0,0.0,0.0,0.0,0,402200.0,402200.0,14,18,4,200237,210172,9935,402200.0,20000,110000.0,512200.0,302028.0,8,80000.0,7,3,11,0,0,1790.0,0,321.5,138,124,262,482265.0,0.59979960162609,0.4072379811596557,4.225806451612903,2.0,0.8985507246376812,229,138,62,19,265,265,80,53,124,11,212028.0,0.0,192028.0,0,192028.0,0.0,0,192028.0,3,7,8
82,11,40740.0,0.0,0,0.0,0.0,0.0,0.0,0.0,0.0,0.0,0,401076.0,401076.0,19,19,0,339742,360336,20594,401076.0,22000,132000.0,533076.0,172740.0,9,90000.0,7,3,12,0,0,1790.0,0,351.5,156,137,293,502482.0,0.573853646586499,0.3501452885014529,4.233576642335766,2,0.8782051282051282,252,156,66,20,287,287,82,60,137,12,62740.0,0.0,40740.0,0,40740.0,0.0,0,40740.0,3,7,8
82,12,100595.0,0.0,0,0.0,0.0,0.0,0.0,0.0,0.0,0.0,0,450180.0,450180.0,19,20,1,309608,349585,39977,450180.0,24000,156000.0,606180.0,256595.0,10,100000.0,7,4,14,0,0,1790.0,0,370.0,167,148,315,566203.0,0.576784019961978,0.3625912620642504,4.554054054054054,2.0,0.8862275449101796,273,167,74,21,311,311,84,69,148,14,124595.0,0.0,100595.0,0,100595.0,0.0,0,100595.0,4,7,10
83,1,755.0,0.0,0,0.0,0.0,0.0,0.0,0.0,0.0,0.0,0,78638.0,78638.0,15,15,0,59667,77883,18216,78638.0,2000,2000.0,80638.0,2755.0,5,50000.0,0,7,12,0,0,755.0,0,65.0,23,8,31,12422.0,0.5502070456728043,0.525102207686018,1.375,1.0,0.34782608695652173,38,23,4,4,14,14,6,,8,12,2755.0,0.0,755.0,0,755.0,0.0,0,755.0,7,,
83,2,14281.0,0.0,0,0.0,0.0,0.0,0.0,0.0,0.0,0.0,0,75077.0,75077.0,18,19,1,45880,60796,14916,75077.0,4000,6000.0,81077.0,20281.0,9,90000.0,1,9,18,0,0,755.0,0,130.25,40,22,62,56161.0,0.5582088118011742,0.4524623803009576,3.3181818181818183,3.0,0.55,64,40,9,5,39,39,13,4,22,18,18281.0,0.0,14281.0,0,14281.0,0.0,0,14281.0,9,1,
83,3,3628.0,0.0,0,0.0,0.0,0.0,0.0,0.0,0.0,0.0,0,101073.0,101073.0,17,19,2,85711,97445,11734,101073.0,6000,12000.0,113073.0,15628.0,9,90000.0,2,12,21,0,0,755.0,0,184.0,54,37,91,91339.0,0.6752557851314205,0.5662042875157629,5.0,3,0.6851851851851852,90,54,17,5,64,64,13,11,37,21,9628.0,0.0,3628.0,0,3628.0,0.0,0,3628.0,12,2,3
83,4,21821.0,0.0,0,0.0,0.0,0.0,0.0,0.0,0.0,0.0,0,159384.0,159384.0,12,19,7,102641,137563,34922,159384.0,8000,20000.0,179384.0,41821.0,9,90000.0,3,12,21,0,0,755.0,0,231.25,70,58,128,134462.0,0.6215744066983032,0.5264423076923077,5.051724137931035,3.0,0.8285714285714286,112,70,21,6,90,90,15,14,58,21,29821.0,0.0,21821.0,0,21821.0,0.0,0,21821.0,12,3,3
83,5,76705.0,0.0,0,0.0,0.0,0.0,0.0,0.0,0.0,0.0,0,235278.0,235278.0,14,19,5,151704,158573,6869,235278.0,10000,30000.0,265278.0,106705.0,9,90000.0,4,12,21,0,0,755.0,0,264.5,86,72,158,248409.0,0.6230899245020096,0.5595444514501892,4.5,3.0,0.8372093023255814,137,86,26,9,112,112,15,20,72,21,86705.0,0.0,76705.0,0,76705.0,0.0,0,76705.0,12,4,5
83,6,249762.0,0.0,0,0.0,0.0,0.0,0.0,0.0,0.0,0.0,0,316615.0,316615.0,16,19,3,46400,66853,20453,316615.0,12000,42000.0,358615.0,291762.0,9,90000.0,4,12,21,0,0,755.0,0,310.0,103,87,190,328162.0,0.5846149432157597,0.45896656534954405,5.126436781609195,3,0.8446601941747572,155,103,27,9,139,139,22,23,87,21,261762.0,0.0,249762.0,0,249762.0,0.0,0,249762.0,12,4,7
83,7,235459.0,0.0,0,0.0,0.0,0.0,0.0,0.0,0.0,0.0,0,324346.0,324346.0,20,20,0,67008,88887,21879,324346.0,14000,56000.0,380346.0,291459.0,10,100000.0,4,20,30,0,0,755.0,0,335.5,117,97,214,358467.0,0.5906285828370231,0.46153846153846156,4.804123711340206,3,0.8290598290598291,180,117,29,10,162,162,25,33,97,30,249459.0,0.0,235459.0,0,235459.0,0.0,0,235459.0,20,4,7
83,8,155267.0,0.0,0,0.0,0.0,0.0,0.0,0.0,0.0,0.0,0,377605.0,377605.0,18,20,2,177063,222338,45275,377605.0,16000,72000.0,449605.0,227267.0,10,100000.0,4,26,36,0,0,755.0,0,357.0,130,112,242,404330.0,0.6319636237688674,0.5264423076923077,5.321428571428571,3.0,0.8615384615384616,206,130,34,12,187,187,28,36,112,36,171267.0,0.0,155267.0,0,155267.0,0.0,0,155267.0,26,4,11
83,9,139038.0,0.0,0,0.0,0.0,0.0,0.0,0.0,0.0,0.0,0,444125.0,444125.0,20,20,0,234580,305087,70507,444125.0,18000,90000.0,534125.0,229038.0,10,100000.0,4,33,43,0,0,755.0,0,387.5,143,123,266,463618.0,0.6336135016369087,0.5528846153846154,5.260162601626016,3,0.8601398601398601,231,143,38,13,212,212,35,43,123,43,157038.0,0.0,139038.0,0,139038.0,0.0,0,139038.0,33,4,11
83,10,96797.0,0.0,0,0.0,0.0,0.0,0.0,0.0,0.0,0.0,0,623595.0,623595.0,17,20,3,411550,526798,115248,623595.0,20000,110000.0,733595.0,206797.0,10,100000.0,4,42,52,0,0,755.0,0,399.5,155,138,293,618347.0,0.6430136670691072,0.6124402068519715,5.920289855072464,3.0,0.8903225806451613,257,155,42,14,232,232,36,46,138,52,116797.0,0.0,96797.0,0,96797.0,0.0,0,96797.0,42,4,12
83,11,343666.0,0.0,0,0.0,0.0,0.0,0.0,0.0,0.0,0.0,0,636878.0,636878.0,18,20,2,244078,293212,49134,636878.0,22000,132000.0,768878.0,475666.0,10,100000.0,4,49,59,0,0,755.0,0,406.0,165,147,312,719744.0,0.6262819355281091,0.5528846153846154,5.782312925170068,3,0.8909090909090909,282,165,49,15,253,253,36,56,147,59,365666.0,0.0,343666.0,0,343666.0,0.0,0,343666.0,49,4,14
83,12,96412.0,0.0,0,0.0,0.0,0.0,0.0,0.0,0.0,0.0,0,804279.0,804279.0,18,20,2,529898,707867,177969,804279.0,24000,156000.0,960279.0,252412.0,10,100000.0,4,49,59,0,0,755.0,0,421.5,179,161,340,782310.0,0.6262052751247895,0.555,6.055900621118012,3,0.8994413407821229,302,179,54,16,283,283,40,67,161,59,120412.0,0.0,96412.0,0,96412.0,0.0,0,96412.0,49,4,15
84,1,105245.0,0.0,0,0.0,0.0,0.0,0.0,0.0,0.0,0.0,0,147148.0,147148.0,2,10,8,26400,41903,15503,147148.0,2000,2000.0,149148.0,107245.0,0,0.0,1,0,0,0,0,48622.0,0,60.0,14,12,26,33645.0,0.5905403938709426,0.28109855883439794,1.1666666666666667,1.0,0.8571428571428571,21,14,5,1,26,26,12,1,12,,107245.0,0.0,105245.0,0,105245.0,0.0,0,105245.0,,1,1
84,2,22934.0,0.0,0,0.0,0.0,0.0,0.0,0.0,0.0,0.0,0,165244.0,165244.0,9,10,1,130116,142310,12194,165244.0,4000,6000.0,171244.0,28934.0,0,0.0,1,0,0,0,0,22934.0,0,128.5,33,24,57,59050.0,0.49854154394554023,0.2937049118624929,1.75,1.0,0.7272727272727273,45,33,10,1,50,50,20,3,24,,26934.0,0.0,22934.0,0,22934.0,0.0,0,22934.0,,1,3
84,3,54834.0,0.0,0,0.0,0.0,0.0,0.0,0.0,0.0,0.0,0,181703.0,181703.0,7,11,4,125334,126869,1535,181703.0,6000,12000.0,193703.0,66834.0,1,10000.0,1,7,8,0,0,10399.0,0,153.5,44,37,81,102168.0,0.6262351199320383,0.34988179669030733,2.27027027027027,2,0.8409090909090909,69,44,15,2,76,76,25,10,37,8,60834.0,0.0,54834.0,0,54834.0,0.0,0,54834.0,7,1,4
84,4,-853.0,0.0,0,0.0,0.0,0.0,0.0,0.0,0.0,0.0,0,212573.0,212573.0,11,12,1,188901,213426,24525,212573.0,8000,20000.0,232573.0,19147.0,2,20000.0,3,12,14,1,1,-853.0,1,202.5,60,49,109,128048.0,0.6495677506615168,0.375,2.673469387755102,2,0.8166666666666667,96,60,18,3,99,99,26,19,49,14,7147.0,0.0,-853.0,0,-853.0,0.0,0,-853.0,12,3,5
84,5,9326.0,0.0,0,0.0,0.0,0.0,0.0,0.0,0.0,0.0,0,200620.0,200620.0,12,13,1,185607,191294,5687,200620.0,10000,30000.0,230620.0,39326.0,3,30000.0,7,12,15,2,1,-853.0,0,226.5,70,58,128,154933.0,0.641889506997424,0.36479083665338646,2.6724137931034484,2.0,0.8285714285714286,119,70,24,6,126,126,34,28,58,15,19326.0,0.0,9326.0,0,9326.0,0.0,0,9326.0,12,7,6
84,6,77867.0,0.0,0,0.0,0.0,0.0,0.0,0.0,0.0,0.0,0,311416.0,311416.0,13,13,0,192878,233549,40671,311416.0,12000,42000.0,353416.0,119867.0,3,30000.0,10,20,23,2,1,-853.0,0,237.25,82,69,151,242745.0,0.6611916276711243,0.375,3.4057971014492754,2,0.8414634146341463,147,82,27,8,145,145,41,29,69,23,89867.0,0.0,77867.0,0,77867.0,0.0,0,77867.0,20,10,6
84,7,23030.0,0.0,0,0.0,0.0,0.0,0.0,0.0,0.0,0.0,0,274615.0,274615.0,16,18,2,218509,251585,33076,274615.0,14000,56000.0,330615.0,79030.0,8,80000.0,13,22,30,2,1,-853.0,0,258.75,96,80,176,277539.0,0.6295562775962245,0.36184274520399895,3.4125,2.0,0.8333333333333334,174,96,34,9,171,171,49,36,80,30,37030.0,0.0,23030.0,0,23030.0,0.0,0,23030.0,22,13,6
84,8,75257.0,0.0,0,0.0,0.0,0.0,0.0,0.0,0.0,0.0,0,304224.0,304224.0,16,18,2,170333,228967,58634,304224.0,16000,72000.0,376224.0,147257.0,8,80000.0,15,22,30,2,1,-853.0,0,264.75,108,92,200,297590.0,0.6030076090045741,0.353927160883989,3.9456521739130435,2.0,0.8518518518518519,193,108,36,12,198,198,58,42,92,30,91257.0,0.0,75257.0,0,75257.0,0.0,0,75257.0,22,15,6
84,9,82593.0,0.0,0,0.0,0.0,0.0,0.0,0.0,0.0,0.0,0,302280.0,302280.0,19,20,1,196365,219687,23322,302280.0,18000,90000.0,392280.0,172593.0,10,100000.0,15,29,39,2,1,-853.0,0,261.25,122,103,225,368958.0,0.5837109127184912,0.34988179669030733,4.213592233009709,3,0.8442622950819673,223,122,42,15,217,217,60,46,103,39,100593.0,0.0,82593.0,0,82593.0,0.0,0,82593.0,29,15,8
84,10,105420.0,0.0,0,0.0,0.0,0.0,0.0,0.0,0.0,0.0,0,321611.0,321611.0,20,20,0,183483,216191,32708,321611.0,20000,110000.0,431611.0,215420.0,10,100000.0,15,43,53,2,1,-853.0,0,256.25,131,111,242,398903.0,0.5582832728962431,0.3305728088336784,4.702702702702703,3,0.8473282442748091,253,131,47,17,239,239,61,57,111,53,125420.0,0.0,105420.0,0,105420.0,0.0,0,105420.0,43,15,10
84,11,87360.0,0.0,0,0.0,0.0,0.0,0.0,0.0,0.0,0.0,0,301926.0,301926.0,20,20,0,184350,214566,30216,301926.0,22000,132000.0,433926.0,219360.0,10,100000.0,15,64,74,2,1,-853.0,0,240.0,135,115,250,403710.0,0.5614584816530319,0.3305728088336784,4.895652173913043,3,0.8518518518518519,288,135,54,20,253,253,61,64,115,74,109360.0,0.0,87360.0,0,87360.0,0.0,0,87360.0,64,15,13
84,12,84304.0,0.0,0,0.0,0.0,0.0,0.0,0.0,0.0,0.0,0,319319.0,319319.0,20,20,0,177050,235015,57965,319319.0,24000,156000.0,475319.0,240304.0,10,100000.0,15,76,86,2,1,-853.0,0,242.75,142,122,264,417354.0,0.5479357472260585,0.31402063934713276,5.098360655737705,3.0,0.8591549295774648,313,142,59,21,275,275,67,69,122,86,108304.0,0.0,84304.0,0,84304.0,0.0,0,84304.0,76,15,17
85,1,137275.0,0.0,0,0.0,0.0,0.0,0.0,0.0,0.0,0.0,0,176946.0,176946.0,3,10,7,31012,39671,8659,176946.0,2000,2000.0,178946.0,139275.0,0,0.0,0,0,0,0,0,42813.0,0,71.0,15,12,27,70287.0,0.5700360451264044,0.5209961178894658,1.1666666666666667,1.0,0.8,19,15,2,2,31,31,17,2,12,,139275.0,0.0,137275.0,0,137275.0,0.0,0,137275.0,,,
85,2,280356.0,0.0,0,0.0,0.0,0.0,0.0,0.0,0.0,0.0,0,360882.0,360882.0,6,10,4,46380,80526,34146,360882.0,4000,6000.0,366882.0,286356.0,0,0.0,0,0,0,0,0,42813.0,0,131.5,32,26,58,232736.0,0.6029646609706719,0.683551612821969,1.7692307692307692,1.0,0.8125,37,32,3,2,64,64,35,3,26,,284356.0,0.0,280356.0,0,280356.0,0.0,0,280356.0,,,
85,3,103067.0,0.0,0,0.0,0.0,0.0,0.0,0.0,0.0,0.0,0,333988.0,333988.0,18,18,0,180976,230921,49945,333988.0,6000,12000.0,345988.0,115067.0,8,80000.0,0,0,8,0,0,42813.0,0,199.5,54,36,90,276043.0,0.6056703082955717,0.683551612821969,2.1666666666666665,1.5,0.6666666666666666,69,54,12,3,79,79,39,4,36,8,109067.0,0.0,103067.0,0,103067.0,0.0,0,103067.0,,,
85,4,201709.0,0.0,0,0.0,0.0,0.0,0.0,0.0,0.0,0.0,0,399067.0,399067.0,20,20,0,153490,197358,43868,399067.0,8000,20000.0,419067.0,221709.0,10,100000.0,0,1,11,0,0,42813.0,0,260.75,72,52,124,375199.0,0.6823524349333437,0.7251973462590741,2.480769230769231,2.0,0.7222222222222222,95,72,18,4,101,101,41,4,52,11,209709.0,0.0,201709.0,0,201709.0,0.0,0,201709.0,1,,4
85,5,240601.0,0.0,0,0.0,0.0,0.0,0.0,0.0,0.0,0.0,0,445102.0,445102.0,18,20,2,162992,204501,41509,445102.0,10000,30000.0,475102.0,270601.0,10,100000.0,0,7,17,0,0,42813.0,0,275.75,84,66,150,433593.0,0.6697233631677812,0.7251973462590741,2.696969696969697,2.0,0.7857142857142857,119,84,23,5,126,126,49,7,66,17,250601.0,0.0,240601.0,0,240601.0,0.0,0,240601.0,7,,4
85,6,304764.0,0.0,0,0.0,0.0,0.0,0.0,0.0,0.0,0.0,0,499953.0,499953.0,19,20,1,167166,195189,28023,499953.0,12000,42000.0,541953.0,346764.0,10,100000.0,0,11,21,0,0,42813.0,0,281.75,98,79,177,513930.0,0.6199914446724044,0.5043988269794721,3.2278481012658227,2,0.8061224489795918,146,98,29,8,151,151,54,13,79,21,316764.0,0.0,304764.0,0,304764.0,0.0,0,304764.0,11,,5
85,7,334280.0,0.0,0,0.0,0.0,0.0,0.0,0.0,0.0,0.0,0,562358.0,562358.0,20,20,0,159532,228078,68546,562358.0,14000,56000.0,618358.0,390280.0,10,100000.0,0,20,30,0,0,42813.0,0,288.25,108,88,196,549812.0,0.6066233861177232,0.44011269988033014,3.409090909090909,2.0,0.8148148148148148,169,108,31,10,174,174,63,18,88,30,348280.0,0.0,334280.0,0,334280.0,0.0,0,334280.0,20,,5
85,8,264529.0,0.0,0,0.0,0.0,0.0,0.0,0.0,0.0,0.0,0,543631.0,543631.0,18,20,2,238095,279102,41007,543631.0,16000,72000.0,615631.0,336529.0,10,100000.0,0,24,34,0,0,42813.0,0,298.25,120,102,222,574624.0,0.6154552638657034,0.44011269988033014,4.892156862745098,2.0,0.85,192,120,35,13,200,200,72,21,102,34,280529.0,0.0,264529.0,0,264529.0,0.0,0,264529.0,24,,5
85,9,285251.0,0.0,0,0.0,0.0,0.0,0.0,0.0,0.0,0.0,0,609015.0,609015.0,20,20,0,221413,323764,102351,609015.0,18000,90000.0,699015.0,375251.0,10,100000.0,0,31,41,0,0,42813.0,0,298.25,132,112,244,596664.0,0.6053950241553272,0.44011269988033014,4.741071428571429,2.0,0.8484848484848485,220,132,41,16,222,222,77,27,112,41,303251.0,0.0,285251.0,0,285251.0,0.0,0,285251.0,31,,6
85,10,377842.0,0.0,0,0.0,0.0,0.0,0.0,0.0,0.0,0.0,0,647941.0,647941.0,19,20,1,183373,270099,86726,647941.0,20000,110000.0,757941.0,487842.0,10,100000.0,0,43,53,0,0,42813.0,0,298.75,140,121,261,671215.0,0.595435616334375,0.39030159668835007,5.429752066115703,2,0.8642857142857143,244,140,43,18,246,246,79,37,121,53,397842.0,0.0,377842.0,0,377842.0,0.0,0,377842.0,43,,9
85,11,405738.0,0.0,0,0.0,0.0,0.0,0.0,0.0,0.0,0.0,0,759500.0,759500.0,20,20,0,272128,353762,81634,759500.0,22000,132000.0,891500.0,537738.0,10,100000.0,0,43,53,0,0,42813.0,0,323.75,158,138,296,809866.0,0.6127132571193558,0.44011269988033014,5.594202898550725,2.0,0.8734177215189873,270,158,50,19,270,270,81,40,138,53,427738.0,0.0,405738.0,0,405738.0,0.0,0,405738.0,43,,11
85,12,376951.0,0.0,0,0.0,0.0,0.0,0.0,0.0,0.0,0.0,0,724627.0,724627.0,20,20,0,279536,347676,68140,724627.0,24000,156000.0,880627.0,532951.0,10,100000.0,0,61,71,0,0,42813.0,0,293.75,160,140,300,812487.0,0.6195326134632725,0.4643397227854867,5.614285714285714,2.5,0.875,294,160,51,22,294,294,81,59,140,71,400951.0,0.0,376951.0,0,376951.0,0.0,0,376951.0,61,,14
86,1,10103.0,0.0,0,0.0,0.0,0.0,0.0,0.0,0.0,0.0,0,122717.0,122717.0,11,11,0,97412,112614,15202,122717.0,2000,2000.0,124717.0,12103.0,1,10000.0,2,3,4,0,0,1101.0,0,59.0,17,6,23,19515.0,0.5929757552262691,0.5151986183074266,1.0,1.0,0.35294117647058826,30,17,4,4,21,21,13,2,6,4,12103.0,0.0,10103.0,0,10103.0,0.0,0,10103.0,3,2,
86,2,59881.0,0.0,0,0.0,0.0,0.0,0.0,0.0,0.0,0.0,0,163092.0,163092.0,11,11,0,85082,103211,18129,163092.0,4000,6000.0,169092.0,65881.0,1,10000.0,2,4,5,0,0,1101.0,0,110.25,30,19,49,60963.0,0.5454758381343058,0.36373056994818653,2.3684210526315788,2,0.6333333333333333,49,30,6,7,50,50,21,9,19,5,63881.0,0.0,59881.0,0,59881.0,0.0,0,59881.0,4,2,1
86,3,131187.0,0.0,0,0.0,0.0,0.0,0.0,0.0,0.0,0.0,0,186299.0,186299.0,12,12,0,42177,55112,12935,186299.0,6000,12000.0,198299.0,143187.0,2,20000.0,2,6,8,0,0,1101.0,0,145.5,45,33,78,105364.0,0.5257030339274997,0.3125,2.9393939393939394,2,0.7333333333333333,73,45,12,8,73,73,23,14,33,8,137187.0,0.0,131187.0,0,131187.0,0.0,0,131187.0,6,2,3
86,4,57362.0,0.0,0,0.0,0.0,0.0,0.0,0.0,0.0,0.0,0,181792.0,181792.0,14,17,3,90963,124430,33467,181792.0,8000,20000.0,201792.0,77362.0,7,70000.0,2,6,13,0,0,1101.0,0,198.75,63,49,112,138325.0,0.5417399705151132,0.36373056994818653,3.5306122448979593,2,0.7777777777777778,97,63,16,10,96,96,26,16,49,13,65362.0,0.0,57362.0,0,57362.0,0.0,0,57362.0,6,2,5
86,5,22199.0,0.0,0,0.0,0.0,0.0,0.0,0.0,0.0,0.0,0,228374.0,228374.0,13,17,4,137283,206175,68892,228374.0,10000,30000.0,258374.0,52199.0,7,70000.0,7,6,13,0,0,1101.0,0,178.5,72,59,131,159482.0,0.5618527870834698,0.37456242707117854,4.0508474576271185,2,0.8194444444444444,124,72,23,16,116,116,28,22,59,13,32199.0,0.0,22199.0,0,22199.0,0.0,0,22199.0,6,7,7
86,6,65176.0,0.0,0,0.0,0.0,0.0,0.0,0.0,0.0,0.0,0,254571.0,254571.0,14,17,3,126161,189395,63234,254571.0,12000,42000.0,296571.0,107176.0,7,70000.0,9,6,13,0,0,1101.0,0,203.75,87,73,160,203337.0,0.5648815832850782,0.529479107040641,3.958904109589041,2,0.8390804597701149,152,87,30,20,135,135,29,26,73,13,77176.0,0.0,65176.0,0,65176.0,0.0,0,65176.0,6,9,7
86,7,143274.0,0.0,0,0.0,0.0,0.0,0.0,0.0,0.0,0.0,0,316805.0,316805.0,14,17,3,125089,173531,48442,316805.0,14000,56000.0,372805.0,199274.0,7,70000.0,9,6,13,0,0,1101.0,0,236.0,101,87,188,294363.0,0.5437234959477003,0.3749716102657279,5.011494252873563,2,0.8613861386138614,174,101,35,23,161,161,30,31,87,13,157274.0,0.0,143274.0,0,143274.0,0.0,0,143274.0,6,9,13
86,8,124933.0,0.0,0,0.0,0.0,0.0,0.0,0.0,0.0,0.0,0,319200.0,319200.0,17,18,1,164102,194267,30165,319200.0,16000,72000.0,391200.0,196933.0,8,80000.0,9,6,14,0,0,1101.0,0,280.0,120,103,223,341035.0,0.5330249196287149,0.37456242707117854,5.106796116504855,2,0.8583333333333333,196,120,36,25,193,193,32,42,103,14,140933.0,0.0,124933.0,0,124933.0,0.0,0,124933.0,6,9,16
86,9,14057.0,0.0,0,0.0,0.0,0.0,0.0,0.0,0.0,0.0,0,403034.0,403034.0,20,20,0,283897,388977,105080,403034.0,18000,90000.0,493034.0,104057.0,10,100000.0,9,7,17,0,0,1101.0,0,313.0,139,119,258,387954.0,0.5438555706494987,0.3749716102657279,4.831932773109243,2,0.8561151079136691,221,139,39,27,220,220,32,50,119,17,32057.0,0.0,14057.0,0,14057.0,0.0,0,14057.0,7,9,19
86,10,83979.0,0.0,0,0.0,0.0,0.0,0.0,0.0,0.0,0.0,0,472031.0,472031.0,18,20,2,268686,388052,119366,472031.0,20000,110000.0,582031.0,193979.0,10,100000.0,10,16,26,0,0,1101.0,0,312.0,151,133,284,462665.0,0.5578402894155307,0.42506727385634446,4.714285714285714,2,0.8807947019867549,250,151,41,32,242,242,32,58,133,26,103979.0,0.0,83979.0,0,83979.0,0.0,0,83979.0,16,10,19
86,11,268796.0,0.0,0,0.0,0.0,0.0,0.0,0.0,0.0,0.0,0,511644.0,511644.0,18,20,2,195748,242848,47100,511644.0,22000,132000.0,643644.0,400796.0,10,100000.0,10,19,29,0,0,1101.0,0,339.0,169,151,320,596544.0,0.5437676706750391,0.37456242707117854,4.874172185430464,2,0.893491124260355,275,169,43,34,267,267,32,63,151,29,290796.0,0.0,268796.0,0,268796.0,0.0,0,268796.0,19,10,21
86,12,234441.0,0.0,0,0.0,0.0,0.0,0.0,0.0,0.0,0.0,0,507905.0,507905.0,20,20,0,225449,273464,48015,507905.0,24000,156000.0,663905.0,390441.0,10,100000.0,10,35,45,0,0,1101.0,0,329.5,177,157,334,615890.0,0.5419998091135495,0.3749716102657279,4.8789808917197455,2,0.8870056497175142,303,177,46,35,286,286,33,74,157,45,258441.0,0.0,234441.0,0,234441.0,0.0,0,234441.0,35,10,22
87,1,21214.0,0.0,0,0.0,0.0,0.0,0.0,0.0,0.0,0.0,0,178417.0,178417.0,9,10,1,106443,157203,50760,178417.0,2000,2000.0,180417.0,23214.0,0,0.0,4,0,0,0,0,1436.0,0,85.0,20,11,31,29657.0,0.380233151067875,0.31250334385533146,1.3636363636363635,1,0.55,29,20,5,,22,22,9,1,11,,23214.0,0.0,21214.0,0,21214.0,0.0,0,21214.0,,4,1
87,2,133584.0,0.0,0,0.0,0.0,0.0,0.0,0.0,0.0,0.0,0,185010.0,185010.0,8,12,4,41291,51426,10135,185010.0,4000,6000.0,191010.0,139584.0,2,20000.0,5,0,2,0,0,1436.0,0,145.0,34,26,60,100875.0,0.5271648530820526,0.43745370370370373,1.7692307692307692,1.0,0.7647058823529411,48,34,8,1,54,54,20,5,26,2,137584.0,0.0,133584.0,0,133584.0,0.0,0,133584.0,,5,3
87,3,44110.0,0.0,0,0.0,0.0,0.0,0.0,0.0,0.0,0.0,0,147590.0,147590.0,17,18,1,83363,103480,20117,147590.0,6000,12000.0,159590.0,56110.0,8,80000.0,6,0,8,0,0,1436.0,0,192.0,51,34,85,119473.0,0.5660327343744995,0.4392516246953696,2.264705882352941,1.5,0.6666666666666666,74,51,14,3,75,75,25,8,34,8,50110.0,0.0,44110.0,0,44110.0,0.0,0,44110.0,,6,8
87,4,36626.0,0.0,0,0.0,0.0,0.0,0.0,0.0,0.0,0.0,0,166671.0,166671.0,16,18,2,104986,130045,25059,166671.0,8000,20000.0,186671.0,56626.0,8,80000.0,9,3,11,0,0,1418.0,0,221.5,62,46,108,141612.0,0.5280669900460293,0.394306797483027,3.130434782608696,2.0,0.7419354838709677,97,62,19,4,104,104,35,12,46,11,44626.0,0.0,36626.0,0,36626.0,0.0,0,36626.0,3,9,11
87,5,40427.0,0.0,0,0.0,0.0,0.0,0.0,0.0,0.0,0.0,0,171345.0,171345.0,16,19,3,104808,130918,26110,171345.0,10000,30000.0,201345.0,70427.0,9,90000.0,11,5,14,0,0,1418.0,0,211.75,70,54,124,165235.0,0.496119062375112,0.350406581538657,3.7037037037037037,2.0,0.7714285714285715,121,70,25,10,128,128,43,19,54,14,50427.0,0.0,40427.0,0,40427.0,0.0,0,40427.0,5,11,12
87,6,158412.0,0.0,0,0.0,0.0,0.0,0.0,0.0,0.0,0.0,0,288658.0,288658.0,18,19,1,88477,130246,41769,288658.0,12000,42000.0,330658.0,200412.0,9,90000.0,13,5,14,0,0,1418.0,0,252.0,85,67,152,278889.0,0.5379575906886587,0.4253731343283582,5.074626865671642,2,0.788235294117647,146,85,32,11,153,153,49,23,67,14,170412.0,0.0,158412.0,0,158412.0,0.0,0,158412.0,5,13,14
87,7,143379.0,0.0,0,0.0,0.0,0.0,0.0,0.0,0.0,0.0,0,323920.0,323920.0,18,20,2,140413,180541,40128,323920.0,14000,56000.0,379920.0,199379.0,10,100000.0,13,8,18,0,0,1418.0,0,279.5,101,83,184,339792.0,0.5937976768690368,0.44100324939073926,5.289156626506024,2,0.8217821782178217,170,101,36,12,181,181,49,31,83,18,157379.0,0.0,143379.0,0,143379.0,0.0,0,143379.0,8,13,18
87,8,153268.0,0.0,0,0.0,0.0,0.0,0.0,0.0,0.0,0.0,0,395261.0,395261.0,18,20,2,189221,241993,52772,395261.0,16000,72000.0,467261.0,225268.0,10,100000.0,14,9,19,0,0,1418.0,0,304.5,116,98,214,414489.0,0.6285515301175973,0.5116876696924357,6.091836734693878,2.0,0.8448275862068966,194,116,43,12,204,204,49,36,98,19,169268.0,0.0,153268.0,0,153268.0,0.0,0,153268.0,9,14,21
87,9,157907.0,0.0,0,0.0,0.0,0.0,0.0,0.0,0.0,0.0,0,434855.0,434855.0,19,20,1,200158,276948,76790,434855.0,18000,90000.0,524855.0,247907.0,10,100000.0,14,13,23,0,0,1418.0,0,334.0,133,114,247,448065.0,0.633702037290632,0.5578182996304766,5.912280701754386,2.0,0.8571428571428571,220,133,47,13,228,228,52,37,114,23,175907.0,0.0,157907.0,0,157907.0,0.0,0,157907.0,13,14,25
87,10,241000.0,0.0,0,0.0,0.0,0.0,0.0,0.0,0.0,0.0,0,475049.0,475049.0,18,20,2,147949,234049,86100,475049.0,20000,110000.0,585049.0,351000.0,10,100000.0,14,21,31,0,0,1418.0,0,326.0,144,126,270,498949.0,0.6214240993354008,0.5116876696924357,5.928571428571429,2.0,0.875,247,144,49,19,248,248,52,43,126,31,261000.0,0.0,241000.0,0,241000.0,0.0,0,241000.0,21,14,27
87,11,213891.0,0.0,0,0.0,0.0,0.0,0.0,0.0,0.0,0.0,0,481438.0,481438.0,17,20,3,202556,267547,64991,481438.0,22000,132000.0,613438.0,345891.0,10,100000.0,14,22,32,0,0,1418.0,0,335.5,158,141,299,548447.0,0.6108346098102652,0.49825378346915017,6.099290780141844,2,0.8924050632911392,272,158,57,21,273,273,52,48,141,32,235891.0,0.0,213891.0,0,213891.0,0.0,0,213891.0,22,14,32
87,12,242266.0,0.0,0,0.0,0.0,0.0,0.0,0.0,0.0,0.0,0,574198.0,574198.0,17,20,3,248409,331932,83523,574198.0,24000,156000.0,730198.0,398266.0,10,100000.0,14,23,33,0,0,1418.0,0,378.5,177,160,337,646675.0,0.6135546881506179,0.4883742035625321,5.96875,3.0,0.903954802259887,294,177,59,21,304,304,53,57,160,33,266266.0,0.0,242266.0,0,242266.0,0.0,0,242266.0,23,14,34
88,1,10478.0,0.0,0,0.0,0.0,0.0,0.0,0.0,0.0,0.0,0,169199.0,169199.0,10,10,0,103736,158721,54985,169199.0,2000,2000.0,171199.0,12478.0,0,0.0,0,0,0,0,0,10478.0,0,65.0,17,7,24,16214.0,0.6812276294692394,0.7502885725278954,1.8571428571428572,1,0.4117647058823529,25,17,8,,22,22,10,2,7,,12478.0,0.0,10478.0,0,10478.0,0.0,0,10478.0,,,3
88,2,112337.0,0.0,0,0.0,0.0,0.0,0.0,0.0,0.0,0.0,0,168423.0,168423.0,14,14,0,49331,56086,6755,168423.0,4000,6000.0,174423.0,118337.0,4,40000.0,0,3,7,0,0,8447.0,0,114.5,34,20,54,107668.0,0.6386047800944314,0.5874955380525545,3.05,2.0,0.5882352941176471,51,34,14,,44,44,11,9,20,7,116337.0,0.0,112337.0,0,112337.0,0.0,0,112337.0,3,,4
88,3,77758.0,0.0,0,0.0,0.0,0.0,0.0,0.0,0.0,0.0,0,172876.0,172876.0,15,18,3,73583,95118,21535,172876.0,6000,12000.0,184876.0,89758.0,8,80000.0,0,3,11,0,0,8447.0,0,159.25,54,39,93,143341.0,0.5832484421886909,0.4198813056379822,3.6666666666666665,2,0.7222222222222222,79,54,18,4,67,67,12,12,39,11,83758.0,0.0,77758.0,0,77758.0,0.0,0,77758.0,3,,4
88,4,41878.0,0.0,0,0.0,0.0,0.0,0.0,0.0,0.0,0.0,0,227429.0,227429.0,16,20,4,121198,185551,64353,227429.0,8000,20000.0,247429.0,61878.0,10,100000.0,0,6,16,0,0,8447.0,0,206.75,72,56,128,183076.0,0.6214426189165484,0.512810442380994,3.857142857142857,3.0,0.7777777777777778,106,72,21,7,89,89,12,17,56,16,49878.0,0.0,41878.0,0,41878.0,0.0,0,41878.0,6,,4
88,5,207703.0,0.0,0,0.0,0.0,0.0,0.0,0.0,0.0,0.0,0,290081.0,290081.0,20,20,0,56390,82378,25988,290081.0,10000,30000.0,320081.0,237703.0,10,100000.0,0,7,17,0,0,8447.0,0,258.5,91,71,162,294093.0,0.5950426710225494,0.43716814159292033,3.887323943661972,3,0.7802197802197802,137,91,29,10,110,110,13,21,71,17,217703.0,0.0,207703.0,0,207703.0,0.0,0,207703.0,7,,5
88,6,170125.0,0.0,0,0.0,0.0,0.0,0.0,0.0,0.0,0.0,0,326111.0,326111.0,16,20,4,123143,155986,32843,326111.0,12000,42000.0,368111.0,212125.0,10,100000.0,0,11,21,0,0,8447.0,0,260.0,100,84,184,335268.0,0.6222645403355761,0.5152974418912895,4.071428571428571,3.0,0.84,160,100,36,13,136,136,19,26,84,21,182125.0,0.0,170125.0,0,170125.0,0.0,0,170125.0,11,,7
88,7,293858.0,0.0,0,0.0,0.0,0.0,0.0,0.0,0.0,0.0,0,360052.0,360052.0,20,20,0,55915,66194,10279,360052.0,14000,56000.0,416052.0,349858.0,10,100000.0,0,18,28,0,0,8447.0,0,272.5,116,96,212,405773.0,0.6469005281908388,0.5152974418912895,4.197916666666667,3.0,0.8275862068965517,192,116,43,15,152,152,21,27,96,28,307858.0,0.0,293858.0,0,293858.0,0.0,0,293858.0,18,,8
88,8,287578.0,0.0,0,0.0,0.0,0.0,0.0,0.0,0.0,0.0,0,396456.0,396456.0,15,20,5,72085,108878,36793,396456.0,16000,72000.0,468456.0,359578.0,10,100000.0,0,19,29,0,0,8447.0,0,273.5,127,112,239,431663.0,0.6537344327614051,0.5439848737177346,5.035714285714286,3.0,0.8818897637795275,210,127,46,18,182,182,29,32,112,29,303578.0,0.0,287578.0,0,287578.0,0.0,0,287578.0,19,,9
88,9,281247.0,0.0,0,0.0,0.0,0.0,0.0,0.0,0.0,0.0,0,456278.0,456278.0,18,20,2,120329,175031,54702,456278.0,18000,90000.0,546278.0,371247.0,10,100000.0,0,23,33,0,0,8447.0,0,283.0,141,123,264,491576.0,0.6496321856453481,0.5251894783771734,4.991869918699187,3,0.8723404255319149,237,141,50,23,204,204,31,41,123,33,299247.0,0.0,281247.0,0,281247.0,0.0,0,281247.0,23,,9
88,10,301405.0,0.0,0,0.0,0.0,0.0,0.0,0.0,0.0,0.0,0,493329.0,493329.0,20,20,0,155220,191924,36704,493329.0,20000,110000.0,603329.0,411405.0,10,100000.0,0,23,33,0,0,8447.0,0,307.5,154,134,288,566625.0,0.6422647331077643,0.5029184058951099,5.231343283582089,3.0,0.8701298701298701,256,154,55,24,229,229,33,52,134,33,321405.0,0.0,301405.0,0,301405.0,0.0,0,301405.0,23,,10
88,11,350356.0,0.0,0,0.0,0.0,0.0,0.0,0.0,0.0,0.0,0,512902.0,512902.0,18,20,2,136404,162546,26142,512902.0,22000,132000.0,644902.0,482356.0,10,100000.0,0,31,41,0,0,8447.0,0,308.5,161,143,304,618760.0,0.6406655040879066,0.5054054054054054,5.111888111888112,3,0.8881987577639752,275,161,59,24,257,257,40,64,143,41,372356.0,0.0,350356.0,0,350356.0,0.0,0,350356.0,31,,10
88,12,312955.0,0.0,0,0.0,0.0,0.0,0.0,0.0,0.0,0.0,0,558061.0,558061.0,18,20,2,201627,245106,43479,558061.0,24000,156000.0,714061.0,468955.0,10,100000.0,0,37,47,0,0,8447.0,0,313.5,170,152,322,670582.0,0.6386825550168697,0.5152974418912895,6.052631578947368,3.0,0.8941176470588236,299,170,66,26,280,280,42,72,152,47,336955.0,0.0,312955.0,0,312955.0,0.0,0,312955.0,37,,14
89,1,102460.0,0.0,0,0.0,0.0,0.0,0.0,0.0,0.0,0.0,0,111570.0,111570.0,4,10,6,7362,9110,1748,111570.0,2000,2000.0,113570.0,104460.0,0,0.0,0,0,0,0,0,81859.0,0,43.0,15,11,26,11822.0,0.41012073744339683,0.25,2.3636363636363638,2,0.7333333333333333,21,15,4,2,28,28,14,2,11,,104460.0,0.0,102460.0,0,102460.0,0.0,0,102460.0,,,1
89,2,32641.0,0.0,0,0.0,0.0,0.0,0.0,0.0,0.0,0.0,0,181576.0,181576.0,7,10,3,90504,148935,58431,181576.0,4000,6000.0,187576.0,38641.0,0,0.0,1,0,0,0,0,21814.0,0,107.0,31,24,55,29145.0,0.5150296184667137,0.4251250981161695,2.1666666666666665,2.0,0.7741935483870968,47,31,12,3,52,52,21,5,24,,36641.0,0.0,32641.0,0,32641.0,0.0,0,32641.0,,1,2
89,3,3366.0,0.0,0,0.0,0.0,0.0,0.0,0.0,0.0,0.0,0,179020.0,179020.0,14,15,1,109089,175654,66565,179020.0,6000,12000.0,191020.0,15366.0,5,50000.0,1,0,5,0,0,3366.0,0,150.75,51,37,88,74455.0,0.5263379552878681,0.4248681898066784,2.027027027027027,2,0.7254901960784313,73,51,15,6,74,74,26,9,37,5,9366.0,0.0,3366.0,0,3366.0,0.0,0,3366.0,,1,2
89,4,-5271.0,0.0,0,0.0,0.0,0.0,0.0,0.0,0.0,0.0,0,142168.0,142168.0,16,16,0,113318,147439,34121,142168.0,8000,20000.0,162168.0,14729.0,6,60000.0,6,2,8,1,1,-5271.0,1,165.75,62,46,108,88047.0,0.47963806380704815,0.33142683912691995,2.4565217391304346,2.0,0.7419354838709677,96,62,19,7,98,98,29,21,46,8,2729.0,0.0,-5271.0,0,-5271.0,0.0,0,-5271.0,2,6,2
89,5,113985.0,0.0,0,0.0,0.0,0.0,0.0,0.0,0.0,0.0,0,195428.0,195428.0,11,16,5,56641,81443,24802,195428.0,10000,30000.0,225428.0,143985.0,6,60000.0,6,5,11,2,1,-5271.0,0,195.75,72,61,133,160626.0,0.48135000192854593,0.3125,3.5245901639344264,2,0.8472222222222222,118,72,27,8,127,127,34,30,61,11,123985.0,0.0,113985.0,0,113985.0,0.0,0,113985.0,5,6,2
89,6,43017.0,0.0,0,0.0,0.0,0.0,0.0,0.0,0.0,0.0,0,261140.0,261140.0,16,16,0,172089,218123,46034,261140.0,12000,42000.0,303140.0,85017.0,6,60000.0,6,5,11,2,1,-5271.0,0,240.25,88,72,160,217106.0,0.5057689117701604,0.35,3.9444444444444446,2.0,0.8181818181818182,140,88,32,9,150,150,41,35,72,11,55017.0,0.0,43017.0,0,43017.0,0.0,0,43017.0,5,6,2
89,7,31221.0,0.0,0,0.0,0.0,0.0,0.0,0.0,0.0,0.0,0,220213.0,220213.0,18,20,2,164976,188992,24016,220213.0,14000,56000.0,276213.0,87221.0,10,100000.0,8,7,17,2,1,-5271.0,0,286.5,105,87,192,252197.0,0.5096133692039123,0.34998778998779,4.32183908045977,2,0.8285714285714286,164,105,35,9,175,175,41,43,87,17,45221.0,0.0,31221.0,0,31221.0,0.0,0,31221.0,7,8,4
89,8,3396.0,0.0,0,0.0,0.0,0.0,0.0,0.0,0.0,0.0,0,247863.0,247863.0,20,20,0,211533,244467,32934,247863.0,16000,72000.0,319863.0,75396.0,10,100000.0,8,17,27,2,1,-5271.0,0,291.5,119,99,218,286929.0,0.525536956120828,0.35,5.0606060606060606,2,0.8319327731092437,192,119,37,11,195,195,43,47,99,27,19396.0,0.0,3396.0,0,3396.0,0.0,0,3396.0,17,8,6
89,9,98211.0,0.0,0,0.0,0.0,0.0,0.0,0.0,0.0,0.0,0,359154.0,359154.0,14,20,6,172883,260943,88060,359154.0,18000,90000.0,449154.0,188211.0,10,100000.0,13,18,28,2,1,-5271.0,0,315.0,134,120,254,361094.0,0.5414139987209449,0.35361478208935254,5.516666666666667,2.0,0.8955223880597015,219,134,42,12,221,221,44,50,120,28,116211.0,0.0,98211.0,0,98211.0,0.0,0,98211.0,18,13,7
89,10,26639.0,0.0,0,0.0,0.0,0.0,0.0,0.0,0.0,0.0,0,494296.0,494296.0,19,20,1,302871,467657,164786,494296.0,20000,110000.0,604296.0,136639.0,10,100000.0,13,18,28,2,1,-5271.0,0,340.5,153,134,287,439510.0,0.6349803868370181,0.3500129065565307,5.470149253731344,2.0,0.8758169934640523,246,153,47,15,245,245,44,57,134,28,46639.0,0.0,26639.0,0,26639.0,0.0,0,26639.0,18,13,10
89,11,258229.0,0.0,0,0.0,0.0,0.0,0.0,0.0,0.0,0.0,0,501048.0,501048.0,17,20,3,216577,242819,26242,501048.0,22000,132000.0,633048.0,390229.0,10,100000.0,13,21,31,2,1,-5271.0,0,352.0,166,149,315,606806.0,0.641289594238569,0.37560756551141167,5.395973154362416,2,0.8975903614457831,267,166,49,18,270,270,46,64,149,31,280229.0,0.0,258229.0,0,258229.0,0.0,0,258229.0,21,13,11
89,12,263752.0,0.0,0,0.0,0.0,0.0,0.0,0.0,0.0,0.0,0,591195.0,591195.0,20,20,0,263525,327443,63918,591195.0,24000,156000.0,747195.0,419752.0,10,100000.0,13,21,31,2,1,-5271.0,0,383.0,184,164,348,683277.0,0.6449549897658505,0.4213150188380266,5.310975609756097,2.0,0.8913043478260869,292,184,54,20,292,292,46,70,164,31,287752.0,0.0,263752.0,0,263752.0,0.0,0,263752.0,21,13,12
90,1,119261.0,0.0,0,0.0,0.0,0.0,0.0,0.0,0.0,0.0,0,130203.0,130203.0,2,10,8,9122,10942,1820,130203.0,2000,2000.0,132203.0,121261.0,0,0.0,0,0,0,0,0,76302.0,0,61.0,16,14,30,30383.0,0.5871899159389921,0.6503285151116951,1.7857142857142858,1.0,0.875,22,16,4,2,28,28,11,1,14,,121261.0,0.0,119261.0,0,119261.0,0.0,0,119261.0,,,2
90,2,25339.0,0.0,0,0.0,0.0,0.0,0.0,0.0,0.0,0.0,0,120559.0,120559.0,12,12,0,91508,95220,3712,120559.0,4000,6000.0,126559.0,31339.0,2,20000.0,2,0,2,0,0,23833.0,0,120.25,34,22,56,42847.0,0.49881798007368927,0.30395170353593937,1.5454545454545454,1.0,0.6470588235294118,50,34,12,2,50,50,20,5,22,2,29339.0,0.0,25339.0,0,25339.0,0.0,0,25339.0,,2,3
90,3,-2419.0,0.0,0,0.0,0.0,0.0,0.0,0.0,0.0,0.0,0,120215.0,120215.0,14,14,0,118995,122634,3639,120215.0,6000,12000.0,132215.0,9581.0,4,40000.0,4,2,6,1,1,-2419.0,1,150.25,48,34,82,68576.0,0.4840067178576222,0.3126838639550235,2.1176470588235294,1.5,0.7083333333333334,72,48,14,4,78,78,27,12,34,6,3581.0,0.0,-2419.0,0,-2419.0,0.0,0,-2419.0,2,4,5
90,4,-5967.0,0.0,0,0.0,0.0,0.0,0.0,0.0,0.0,0.0,0,141456.0,141456.0,12,14,2,128501,147423,18922,141456.0,8000,20000.0,161456.0,14033.0,4,40000.0,8,4,8,2,2,-5967.0,1,185.75,59,47,106,82534.0,0.5459639228880118,0.3128621089223638,2.382978723404255,2,0.7966101694915254,94,59,19,4,102,102,28,19,47,8,2033.0,0.0,-5967.0,0,-5967.0,0.0,0,-5967.0,4,8,8
90,5,-1049.0,0.0,0,0.0,0.0,0.0,0.0,0.0,0.0,0.0,0,177793.0,177793.0,14,15,1,153875,178842,24967,177793.0,10000,30000.0,207793.0,28951.0,5,50000.0,12,4,9,3,3,-5967.0,1,213.25,72,58,130,132826.0,0.5808025871394725,0.40929611389202863,2.8448275862068964,2.0,0.8055555555555556,118,72,24,6,129,129,40,21,58,9,8951.0,0.0,-1049.0,0,-1049.0,0.0,0,-1049.0,4,12,10
90,6,78230.0,0.0,0,0.0,0.0,0.0,0.0,0.0,0.0,0.0,0,172964.0,172964.0,13,16,3,94273,94734,461,172964.0,12000,42000.0,214964.0,120230.0,6,60000.0,20,8,14,4,3,-5967.0,0,222.5,79,66,145,174503.0,0.5625488157279817,0.32133838383838387,2.9545454545454546,2.0,0.8354430379746836,140,79,26,7,153,153,43,30,66,14,90230.0,0.0,78230.0,0,78230.0,0.0,0,78230.0,8,20,14
90,7,56520.0,0.0,0,0.0,0.0,0.0,0.0,0.0,0.0,0.0,0,225757.0,225757.0,14,18,4,128053,169237,41184,225757.0,14000,56000.0,281757.0,112520.0,8,80000.0,20,8,16,4,3,-5967.0,0,254.25,94,80,174,220573.0,0.5915935160054364,0.44667381974248926,4.2125,2.0,0.851063829787234,162,94,31,9,176,176,47,33,80,16,70520.0,0.0,56520.0,0,56520.0,0.0,0,56520.0,8,20,16
90,8,55603.0,0.0,0,0.0,0.0,0.0,0.0,0.0,0.0,0.0,0,213641.0,213641.0,17,20,3,126704,158038,31334,213641.0,16000,72000.0,285641.0,127603.0,10,100000.0,20,9,19,4,3,-5967.0,0,285.25,108,91,199,254307.0,0.5810547566371155,0.425,4.208791208791209,2,0.8425925925925926,184,108,37,10,201,201,57,37,91,19,71603.0,0.0,55603.0,0,55603.0,0.0,0,55603.0,9,20,16
90,9,-3187.0,0.0,0,0.0,0.0,0.0,0.0,0.0,0.0,0.0,0,259722.0,259722.0,20,20,0,196590,262909,66319,259722.0,18000,90000.0,349722.0,86813.0,10,100000.0,21,9,19,5,4,-5967.0,1,305.75,123,103,226,283403.0,0.5639322211540928,0.32954545454545453,4.242718446601942,2,0.8373983739837398,210,123,44,13,226,226,64,42,103,19,14813.0,0.0,-3187.0,0,-3187.0,0.0,0,-3187.0,9,21,17
90,10,206981.0,0.0,0,0.0,0.0,0.0,0.0,0.0,0.0,0.0,0,314709.0,314709.0,16,20,4,106213,107728,1515,314709.0,20000,110000.0,424709.0,316981.0,10,100000.0,23,17,27,6,4,-5967.0,0,288.75,133,117,250,423194.0,0.6033515778203665,0.43753753753753755,4.435897435897436,2,0.8796992481203008,241,133,49,19,246,246,67,45,117,27,226981.0,0.0,206981.0,0,206981.0,0.0,0,206981.0,17,23,17
90,11,178286.0,0.0,0,0.0,0.0,0.0,0.0,0.0,0.0,0.0,0,435343.0,435343.0,18,20,2,179904,257057,77153,435343.0,22000,132000.0,567343.0,310286.0,10,100000.0,23,21,31,6,4,-5967.0,0,322.25,152,134,286,490190.0,0.5858264676422347,0.35225290526848624,5.014925373134329,2.0,0.881578947368421,267,152,51,20,272,272,70,50,134,31,200286.0,0.0,178286.0,0,178286.0,0.0,0,178286.0,21,23,18
90,12,158663.0,0.0,0,0.0,0.0,0.0,0.0,0.0,0.0,0.0,0,500495.0,500495.0,20,20,0,233377,341832,108455,500495.0,24000,156000.0,656495.0,314663.0,10,100000.0,23,31,41,6,4,-5967.0,0,341.25,166,146,312,548040.0,0.597162833378274,0.4,5.739726027397261,2.0,0.8795180722891566,294,166,54,20,292,292,74,53,146,41,182663.0,0.0,158663.0,0,158663.0,0.0,0,158663.0,31,23,19
91,1,3341.0,0.0,0,0.0,0.0,0.0,0.0,0.0,0.0,0.0,0,135830.0,135830.0,8,10,2,98793,132489,33696,135830.0,2000,2000.0,137830.0,5341.0,0,0.0,0,0,0,0,0,3277.0,0,22.0,15,7,22,4134.0,0.3414068062448185,0.31204379562043794,2.142857142857143,2,0.4666666666666667,30,15,13,2,21,21,11,2,7,,5341.0,0.0,3341.0,0,3341.0,0.0,0,3341.0,,,1
91,2,30321.0,0.0,0,0.0,0.0,0.0,0.0,0.0,0.0,0.0,0,129663.0,129663.0,8,11,3,72907,99342,26435,129663.0,4000,6000.0,135663.0,36321.0,1,10000.0,5,0,1,0,0,1387.0,0,42.0,26,18,44,19228.0,0.38090603790942634,0.3126258291065158,2.0,2.0,0.6923076923076923,52,26,15,6,46,46,16,10,18,1,34321.0,0.0,30321.0,0,30321.0,0.0,0,30321.0,,5,2
91,3,64780.0,0.0,0,0.0,0.0,0.0,0.0,0.0,0.0,0.0,0,149302.0,149302.0,9,12,3,76627,84522,7895,149302.0,6000,12000.0,161302.0,76780.0,2,20000.0,7,0,2,0,0,1387.0,0,70.0,39,30,69,73407.0,0.5106103872108514,0.38951208225714873,3.2666666666666666,2.0,0.7692307692307693,77,39,23,8,69,69,20,17,30,2,70780.0,0.0,64780.0,0,64780.0,0.0,0,64780.0,,7,2
91,4,14748.0,0.0,0,0.0,0.0,0.0,0.0,0.0,0.0,0.0,0,201206.0,201206.0,15,16,1,143485,186458,42973,201206.0,8000,20000.0,221206.0,34748.0,6,60000.0,8,0,6,0,0,1387.0,0,128.75,59,44,103,138233.0,0.5429979932944691,0.40477280323175957,3.25,2.0,0.7457627118644068,106,59,27,12,91,91,27,18,44,6,22748.0,0.0,14748.0,0,14748.0,0.0,0,14748.0,,8,2
91,5,52184.0,0.0,0,0.0,0.0,0.0,0.0,0.0,0.0,0.0,0,196737.0,196737.0,13,17,4,112277,144553,32276,196737.0,10000,30000.0,226737.0,82184.0,7,70000.0,10,0,7,0,0,1387.0,0,151.5,72,59,131,164461.0,0.5642193451379992,0.4056047197640118,4.423728813559322,3,0.8194444444444444,131,72,32,17,114,114,33,20,59,7,62184.0,0.0,52184.0,0,52184.0,0.0,0,52184.0,,10,2
91,6,30762.0,0.0,0,0.0,0.0,0.0,0.0,0.0,0.0,0.0,0,215341.0,215341.0,17,20,3,138413,184579,46166,215341.0,12000,42000.0,257341.0,72762.0,10,100000.0,10,3,13,0,0,1387.0,0,175.0,87,70,157,211175.0,0.5547116439898563,0.40477280323175957,4.3428571428571425,3.0,0.8045977011494253,159,87,38,21,134,134,35,27,70,13,42762.0,0.0,30762.0,0,30762.0,0.0,0,30762.0,3,10,2
91,7,162987.0,0.0,0,0.0,0.0,0.0,0.0,0.0,0.0,0.0,0,245244.0,245244.0,13,20,7,53722,82257,28535,245244.0,14000,56000.0,301244.0,218987.0,10,100000.0,10,3,13,0,0,1387.0,0,227.25,103,90,193,272709.0,0.5264357454229142,0.3711459749507555,4.666666666666667,3.0,0.8737864077669902,179,103,41,22,163,163,40,29,90,13,176987.0,0.0,162987.0,0,162987.0,0.0,0,162987.0,3,10,4
91,8,14485.0,0.0,0,0.0,0.0,0.0,0.0,0.0,0.0,0.0,0,267245.0,267245.0,15,20,5,211573,252760,41187,267245.0,16000,72000.0,339245.0,86485.0,10,100000.0,10,5,15,0,0,1387.0,0,265.75,118,103,221,298058.0,0.5339587391793539,0.36720867208672087,4.563106796116505,3,0.8728813559322034,202,118,46,23,186,186,43,36,103,15,30485.0,0.0,14485.0,0,14485.0,0.0,0,14485.0,5,10,4
91,9,67721.0,0.0,0,0.0,0.0,0.0,0.0,0.0,0.0,0.0,0,327456.0,327456.0,12,20,8,223265,259735,36470,327456.0,18000,90000.0,417456.0,157721.0,10,100000.0,10,5,15,0,0,1387.0,0,283.25,132,120,252,380986.0,0.5401858035254177,0.3711459749507555,5.466666666666667,3.0,0.9090909090909091,222,132,51,24,210,210,44,42,120,15,85721.0,0.0,67721.0,0,67721.0,0.0,0,67721.0,5,10,4
91,10,123479.0,0.0,0,0.0,0.0,0.0,0.0,0.0,0.0,0.0,0,442631.0,442631.0,16,20,4,272004,319152,47148,442631.0,20000,110000.0,552631.0,233479.0,10,100000.0,11,5,15,0,0,1387.0,0,292.75,149,133,282,505483.0,0.5617533552608202,0.40625,5.37593984962406,3,0.8926174496644296,250,149,58,27,229,229,46,46,133,15,143479.0,0.0,123479.0,0,123479.0,0.0,0,123479.0,5,11,4
91,11,137759.0,0.0,0,0.0,0.0,0.0,0.0,0.0,0.0,0.0,0,451324.0,451324.0,20,20,0,268277,313565,45288,451324.0,22000,132000.0,583324.0,269759.0,10,100000.0,11,9,19,0,0,1387.0,0,303.25,163,143,306,538036.0,0.5479223540954619,0.37532923617208075,5.5524475524475525,3,0.8773006134969326,275,163,65,27,252,252,49,55,143,19,159759.0,0.0,137759.0,0,137759.0,0.0,0,137759.0,9,11,5
91,12,313654.0,0.0,0,0.0,0.0,0.0,0.0,0.0,0.0,0.0,0,496722.0,496722.0,18,20,2,161876,183068,21192,496722.0,24000,156000.0,652722.0,469654.0,10,100000.0,11,20,30,0,0,1387.0,0,300.75,173,155,328,631530.0,0.5360356478137432,0.3750832778147901,5.877419354838709,3,0.8959537572254336,304,173,71,29,273,273,53,59,155,30,337654.0,0.0,313654.0,0,313654.0,0.0,0,313654.0,20,11,6
92,1,108831.0,0.0,0,0.0,0.0,0.0,0.0,0.0,0.0,0.0,0,151676.0,151676.0,9,10,1,31552,42845,11293,151676.0,2000,2000.0,153676.0,110831.0,0,0.0,0,0,0,0,0,72612.0,0,76.0,21,12,33,42383.0,0.5884829704053279,0.4690494011976048,0.6666666666666666,1.0,0.5714285714285714,29,21,4,4,18,18,6,,12,,110831.0,0.0,108831.0,0,108831.0,0.0,0,108831.0,,,
92,2,119124.0,0.0,0,0.0,0.0,0.0,0.0,0.0,0.0,0.0,0,160283.0,160283.0,8,11,3,34103,41159,7056,160283.0,4000,6000.0,166283.0,125124.0,1,10000.0,0,0,1,0,0,72612.0,0,106.25,35,27,62,69227.0,0.5532243860426589,0.5005988023952096,1.8518518518518519,1,0.7714285714285715,50,35,8,7,43,43,12,3,27,1,123124.0,0.0,119124.0,0,119124.0,0.0,0,119124.0,,,1
92,3,123306.0,0.0,0,0.0,0.0,0.0,0.0,0.0,0.0,0.0,0,175962.0,175962.0,7,11,4,41858,52656,10798,175962.0,6000,12000.0,187962.0,135306.0,1,10000.0,0,0,1,0,0,72612.0,0,133.0,46,39,85,87164.0,0.5448714395912796,0.4375,2.230769230769231,1,0.8478260869565217,71,46,16,9,72,72,26,6,39,1,129306.0,0.0,123306.0,0,123306.0,0.0,0,123306.0,,,1
92,4,25140.0,0.0,0,0.0,0.0,0.0,0.0,0.0,0.0,0.0,0,203559.0,203559.0,12,12,0,143480,178419,34939,203559.0,8000,20000.0,223559.0,45140.0,2,20000.0,1,0,2,0,0,25140.0,0,169.5,64,52,116,108620.0,0.5456889883417848,0.4375,2.75,1.0,0.8125,99,64,20,14,93,93,29,11,52,2,33140.0,0.0,25140.0,0,25140.0,0.0,0,25140.0,,1,1
92,5,4045.0,0.0,0,0.0,0.0,0.0,0.0,0.0,0.0,0.0,0,163876.0,163876.0,19,20,1,130781,159831,29050,163876.0,10000,30000.0,193876.0,34045.0,10,100000.0,2,1,11,0,0,4045.0,0,227.75,83,64,147,164826.0,0.5092034332316187,0.3624515816655907,2.859375,1.5,0.7710843373493976,124,83,23,15,116,116,39,12,64,11,14045.0,0.0,4045.0,0,4045.0,0.0,0,4045.0,1,2,1
92,6,97504.0,0.0,0,0.0,0.0,0.0,0.0,0.0,0.0,0.0,0,271377.0,271377.0,16,20,4,119696,173873,54177,271377.0,12000,42000.0,313377.0,139504.0,10,100000.0,4,1,11,0,0,4045.0,0,262.75,97,81,178,259200.0,0.5523947176552695,0.375,3.074074074074074,2,0.8350515463917526,147,97,28,17,143,143,46,15,81,11,109504.0,0.0,97504.0,0,97504.0,0.0,0,97504.0,1,4,1
92,7,70523.0,0.0,0,0.0,0.0,0.0,0.0,0.0,0.0,0.0,0,328196.0,328196.0,20,20,0,182656,257673,75017,328196.0,14000,56000.0,384196.0,126523.0,10,100000.0,4,1,11,0,0,4045.0,0,288.75,113,93,206,309179.0,0.5553013921719238,0.4375,3.4408602150537635,2,0.8230088495575221,174,113,36,20,163,163,52,16,93,11,84523.0,0.0,70523.0,0,70523.0,0.0,0,70523.0,1,4,2
92,8,150187.0,0.0,0,0.0,0.0,0.0,0.0,0.0,0.0,0.0,0,412797.0,412797.0,15,20,5,209074,262610,53536,412797.0,16000,72000.0,484797.0,222187.0,10,100000.0,4,3,13,0,0,4045.0,0,306.25,126,111,237,431261.0,0.5763003054719605,0.5005988023952096,4.54054054054054,2,0.8809523809523809,194,126,39,22,195,195,55,25,111,13,166187.0,0.0,150187.0,0,150187.0,0.0,0,150187.0,3,4,4
92,9,199828.0,0.0,0,0.0,0.0,0.0,0.0,0.0,0.0,0.0,0,448010.0,448010.0,19,20,1,197946,248182,50236,448010.0,18000,90000.0,538010.0,289828.0,10,100000.0,4,4,14,0,0,4045.0,0,327.25,144,125,269,487774.0,0.5812037532679708,0.5023743122032109,4.616,3,0.8680555555555556,221,144,44,25,222,222,55,34,125,14,217828.0,0.0,199828.0,0,199828.0,0.0,0,199828.0,4,4,8
92,10,313141.0,0.0,0,0.0,0.0,0.0,0.0,0.0,0.0,0.0,0,505026.0,505026.0,16,20,4,168620,191885,23265,505026.0,20000,110000.0,615026.0,423141.0,10,100000.0,4,4,14,0,0,4045.0,0,366.75,161,145,306,591761.0,0.6183965846134031,0.5910714285714286,5.241379310344827,3,0.9006211180124224,241,161,47,25,250,250,55,41,145,14,333141.0,0.0,313141.0,0,313141.0,0.0,0,313141.0,4,4,9
92,11,326200.0,0.0,0,0.0,0.0,0.0,0.0,0.0,0.0,0.0,0,586338.0,586338.0,13,20,7,181937,260138,78201,586338.0,22000,132000.0,718338.0,458200.0,10,100000.0,4,5,15,0,0,4045.0,0,390.75,175,162,337,640137.0,0.5895571293479624,0.5014865572992102,5.487654320987654,3.0,0.9257142857142857,263,175,51,28,277,277,56,49,162,15,348200.0,0.0,326200.0,0,326200.0,0.0,0,326200.0,5,4,10
92,12,540771.0,0.0,0,0.0,0.0,0.0,0.0,0.0,0.0,0.0,0,675840.0,675840.0,13,20,7,113170,135069,21899,675840.0,24000,156000.0,831840.0,696771.0,10,100000.0,4,5,15,0,0,4045.0,0,433.25,193,180,373,809941.0,0.5921052683254476,0.47810066969654774,5.5,3.0,0.9326424870466321,287,193,56,29,301,301,57,51,180,15,564771.0,0.0,540771.0,0,540771.0,0.0,0,540771.0,5,4,13
93,1,31305.0,0.0,0,0.0,0.0,0.0,0.0,0.0,0.0,0.0,0,159745.0,159745.0,8,10,2,87524,128440,40916,159745.0,2000,2000.0,161745.0,33305.0,0,0.0,1,0,0,0,0,19902.0,0,46.0,17,9,26,20829.0,0.6833310307100908,0.8181305671439847,1.5555555555555556,1,0.5294117647058824,26,17,5,3,23,23,12,,9,,33305.0,0.0,31305.0,0,31305.0,0.0,0,31305.0,,1,2
93,2,76946.0,0.0,0,0.0,0.0,0.0,0.0,0.0,0.0,0.0,0,170958.0,170958.0,5,12,7,59248,94012,34764,170958.0,4000,6000.0,176958.0,82946.0,2,20000.0,2,1,3,0,0,235.0,0,84.0,28,23,51,62194.0,0.6812604469741114,0.8001373626373627,2.9130434782608696,2,0.8214285714285714,48,28,14,3,48,48,20,2,23,3,80946.0,0.0,76946.0,0,76946.0,0.0,0,76946.0,1,2,3
93,3,70404.0,0.0,0,0.0,0.0,0.0,0.0,0.0,0.0,0.0,0,170783.0,170783.0,13,14,1,66017,100379,34362,170783.0,6000,12000.0,182783.0,82404.0,4,40000.0,2,5,9,0,0,235.0,0,150.75,47,34,81,88421.0,0.6413127071960797,0.6494418013927268,2.5294117647058822,2.0,0.723404255319149,77,47,19,4,69,69,27,5,34,9,76404.0,0.0,70404.0,0,70404.0,0.0,0,70404.0,5,2,3
93,4,67331.0,0.0,0,0.0,0.0,0.0,0.0,0.0,0.0,0.0,0,186778.0,186778.0,17,20,3,85807,119447,33640,186778.0,8000,20000.0,206778.0,87331.0,10,100000.0,2,5,15,0,0,235.0,0,222.75,70,53,123,173138.0,0.7054630054011425,0.8171806167400881,3.0377358490566038,2,0.7571428571428571,105,70,24,4,92,92,29,6,53,15,75331.0,0.0,67331.0,0,67331.0,0.0,0,67331.0,5,2,4
93,5,98143.0,0.0,0,0.0,0.0,0.0,0.0,0.0,0.0,0.0,0,285419.0,285419.0,20,20,0,108902,187276,78374,285419.0,10000,30000.0,315419.0,128143.0,10,100000.0,2,13,23,0,0,235.0,0,254.75,86,66,152,237045.0,0.6479242602190313,0.5426358014758281,3.287878787878788,2.0,0.7674418604651163,134,86,26,7,113,113,32,8,66,23,108143.0,0.0,98143.0,0,98143.0,0.0,0,98143.0,13,2,7
93,6,140202.0,0.0,0,0.0,0.0,0.0,0.0,0.0,0.0,0.0,0,298703.0,298703.0,18,20,2,121936,158501,36565,298703.0,12000,42000.0,340703.0,182202.0,10,100000.0,2,16,26,0,0,235.0,0,277.25,102,84,186,304138.0,0.6259682263342045,0.5426358014758281,3.5,2.0,0.8235294117647058,157,102,29,8,140,140,38,10,84,26,152202.0,0.0,140202.0,0,140202.0,0.0,0,140202.0,16,2,8
93,7,207213.0,0.0,0,0.0,0.0,0.0,0.0,0.0,0.0,0.0,0,380394.0,380394.0,17,20,3,149845,173181,23336,380394.0,14000,56000.0,436394.0,263213.0,10,100000.0,3,18,28,0,0,235.0,0,290.75,113,96,209,413058.0,0.6003817172502118,0.451844052374587,3.5520833333333335,2.0,0.8495575221238938,178,113,33,11,168,168,48,12,96,28,221213.0,0.0,207213.0,0,207213.0,0.0,0,207213.0,18,3,12
93,8,203247.0,0.0,0,0.0,0.0,0.0,0.0,0.0,0.0,0.0,0,421234.0,421234.0,20,20,0,192969,217987,25018,421234.0,16000,72000.0,493234.0,275247.0,10,100000.0,3,26,36,0,0,235.0,0,299.25,124,104,228,468216.0,0.6067589544882608,0.48938205012224695,3.7403846153846154,2.0,0.8387096774193549,202,124,37,12,197,197,61,17,104,36,219247.0,0.0,203247.0,0,203247.0,0.0,0,203247.0,26,3,15
93,9,179516.0,0.0,0,0.0,0.0,0.0,0.0,0.0,0.0,0.0,0,502002.0,502002.0,18,20,2,265989,322486,56497,502002.0,18000,90000.0,592002.0,269516.0,10,100000.0,3,26,36,0,0,235.0,0,313.25,138,120,258,535505.0,0.6081242720594312,0.5971476299615731,4.441666666666666,2.0,0.8695652173913043,225,138,43,15,226,226,64,24,120,36,197516.0,0.0,179516.0,0,179516.0,0.0,0,179516.0,26,3,18
93,10,95681.0,0.0,0,0.0,0.0,0.0,0.0,0.0,0.0,0.0,0,575175.0,575175.0,19,20,1,345907,479494,133587,575175.0,20000,110000.0,685175.0,205681.0,10,100000.0,3,32,42,0,0,235.0,0,303.75,147,128,275,551588.0,0.610471900498311,0.6094721105397123,4.7265625,2.0,0.8707482993197279,248,147,48,18,251,251,73,27,128,42,115681.0,0.0,95681.0,0,95681.0,0.0,0,95681.0,32,3,23
93,11,216227.0,0.0,0,0.0,0.0,0.0,0.0,0.0,0.0,0.0,0,596691.0,596691.0,19,20,1,279358,380464,101106,596691.0,22000,132000.0,728691.0,348227.0,10,100000.0,3,38,48,0,0,235.0,0,308.25,159,140,299,627585.0,0.6053180030983919,0.5999339413609439,5.078571428571428,2.0,0.8805031446540881,273,159,55,18,278,278,83,28,140,48,238227.0,0.0,216227.0,0,216227.0,0.0,0,216227.0,38,3,27
93,12,255334.0,0.0,0,0.0,0.0,0.0,0.0,0.0,0.0,0.0,0,607007.0,607007.0,20,20,0,277995,351673,73678,607007.0,24000,156000.0,763007.0,411334.0,10,100000.0,3,47,57,0,0,235.0,0,300.25,166,146,312,689329.0,0.6158244902769658,0.6167808798366174,5.178082191780822,2.0,0.8795180722891566,299,166,62,21,301,301,93,31,146,57,279334.0,0.0,255334.0,0,255334.0,0.0,0,255334.0,47,3,31
94,1,2532.0,0.0,0,0.0,0.0,0.0,0.0,0.0,0.0,0.0,0,97060.0,97060.0,12,12,0,84253,94528,10275,97060.0,2000,2000.0,99060.0,4532.0,2,20000.0,3,5,7,0,0,2532.0,0,69.0,19,7,26,8785.0,0.6807519842512352,0.9074889867841409,2.2857142857142856,2,0.3684210526315789,35,19,7,1,16,16,5,4,7,7,4532.0,0.0,2532.0,0,2532.0,0.0,0,2532.0,5,3,
94,2,15062.0,0.0,0,0.0,0.0,0.0,0.0,0.0,0.0,0.0,0,70399.0,70399.0,12,17,5,38901,55337,16436,70399.0,4000,6000.0,76399.0,21062.0,7,70000.0,6,11,18,0,0,2532.0,0,97.0,31,19,50,29963.0,0.4931105598575581,0.25,3.736842105263158,2,0.6129032258064516,64,31,13,3,36,36,8,9,19,18,19062.0,0.0,15062.0,0,15062.0,0.0,0,15062.0,11,6,
94,3,-43.0,0.0,0,0.0,0.0,0.0,0.0,0.0,0.0,0.0,0,77279.0,77279.0,15,17,2,69843,77322,7479,77279.0,6000,12000.0,89279.0,11957.0,7,70000.0,9,14,21,1,1,-43.0,1,112.75,42,27,69,51800.0,0.6033036188521608,0.3119143239625167,4.148148148148148,2,0.6428571428571429,89,42,18,6,61,61,20,14,27,21,5957.0,0.0,-43.0,0,-43.0,0.0,0,-43.0,14,9,
94,4,-1040.0,0.0,0,0.0,0.0,0.0,0.0,0.0,0.0,0.0,0,88331.0,88331.0,17,18,1,75473,89371,13898,88331.0,8000,20000.0,108331.0,18960.0,8,80000.0,12,18,26,2,2,-1040.0,1,133.25,55,38,93,74433.0,0.5925716092958848,0.3684509057250021,5.5,2.5,0.6909090909090909,124,55,30,9,81,81,24,19,38,26,6960.0,0.0,-1040.0,0,-1040.0,0.0,0,-1040.0,18,12,
94,5,30883.0,0.0,0,0.0,0.0,0.0,0.0,0.0,0.0,0.0,0,97778.0,97778.0,13,18,5,54908,66895,11987,97778.0,10000,30000.0,127778.0,60883.0,8,80000.0,18,18,26,3,2,-1040.0,0,145.75,64,51,115,95791.0,0.5856495680691955,0.3843891058477456,6.607843137254902,4,0.796875,143,64,32,11,111,111,26,32,51,26,40883.0,0.0,30883.0,0,30883.0,0.0,0,30883.0,18,18,2
94,6,-7554.0,0.0,0,0.0,0.0,0.0,0.0,0.0,0.0,0.0,0,137187.0,137187.0,18,18,0,99460,144741,45281,137187.0,12000,42000.0,179187.0,34446.0,8,80000.0,18,27,35,4,3,-7554.0,1,162.0,77,59,136,113906.0,0.5831002900364083,0.3843891058477456,7.169491525423729,4,0.7662337662337663,173,77,38,13,126,126,27,38,59,35,4446.0,0.0,-7554.0,0,-7554.0,0.0,0,-7554.0,27,18,2
94,7,40638.0,0.0,0,0.0,0.0,0.0,0.0,0.0,0.0,0.0,0,116414.0,116414.0,18,20,2,70641,75776,5135,116414.0,14000,56000.0,172414.0,96638.0,10,100000.0,27,30,40,5,3,-7554.0,0,180.5,86,68,154,167279.0,0.6136845646471578,0.4658790697049618,7.294117647058823,4.5,0.7906976744186046,201,86,43,15,148,148,28,47,68,40,54638.0,0.0,40638.0,0,40638.0,0.0,0,40638.0,30,27,5
94,8,10669.0,0.0,0,0.0,0.0,0.0,0.0,0.0,0.0,0.0,0,162349.0,162349.0,20,20,0,111518,151680,40162,162349.0,16000,72000.0,234349.0,82669.0,10,100000.0,28,35,45,5,3,-7554.0,0,220.0,104,84,188,194187.0,0.5817305467289126,0.4158251624686145,7.107142857142857,4.5,0.8076923076923077,233,104,50,16,169,169,28,50,84,45,26669.0,0.0,10669.0,0,10669.0,0.0,0,10669.0,35,28,7
94,9,81565.0,0.0,0,0.0,0.0,0.0,0.0,0.0,0.0,0.0,0,156233.0,156233.0,16,20,4,65831,74668,8837,156233.0,18000,90000.0,246233.0,171565.0,10,100000.0,29,35,45,5,3,-7554.0,0,252.5,116,100,216,237396.0,0.575737466292336,0.42929061874374375,6.67,4.0,0.8620689655172413,255,116,56,19,198,198,32,58,100,45,99565.0,0.0,81565.0,0,81565.0,0.0,0,81565.0,35,29,8
94,10,102210.0,0.0,0,0.0,0.0,0.0,0.0,0.0,0.0,0.0,0,227881.0,227881.0,19,20,1,103584,125671,22087,227881.0,20000,110000.0,337881.0,212210.0,10,100000.0,29,38,48,5,3,-7554.0,0,276.0,131,112,243,315794.0,0.5789240345871001,0.42929061874374375,6.741071428571429,4.0,0.8549618320610687,278,131,60,20,223,223,36,66,112,48,122210.0,0.0,102210.0,0,102210.0,0.0,0,102210.0,38,29,9
94,11,81346.0,0.0,0,0.0,0.0,0.0,0.0,0.0,0.0,0.0,0,241683.0,241683.0,20,20,0,140661,160337,19676,241683.0,22000,132000.0,373683.0,213346.0,10,100000.0,29,43,53,5,3,-7554.0,0,288.0,143,123,266,354007.0,0.5996655273298421,0.43359375,7.349593495934959,4,0.8601398601398601,302,143,65,22,247,247,38,75,123,53,103346.0,0.0,81346.0,0,81346.0,0.0,0,81346.0,43,29,11
94,12,171772.0,0.0,0,0.0,0.0,0.0,0.0,0.0,0.0,0.0,0,273250.0,273250.0,17,20,3,93897,101478,7581,273250.0,24000,156000.0,429250.0,327772.0,10,100000.0,29,48,58,5,3,-7554.0,0,268.5,149,132,281,421669.0,0.586491608220376,0.4158251624686145,7.212121212121212,4.0,0.8859060402684564,323,149,72,25,269,269,38,88,132,58,195772.0,0.0,171772.0,0,171772.0,0.0,0,171772.0,48,29,11
95,1,703.0,0.0,0,0.0,0.0,0.0,0.0,0.0,0.0,0.0,0,90040.0,90040.0,15,15,0,61442,89337,27895,90040.0,2000,2000.0,92040.0,2703.0,5,50000.0,0,6,11,0,0,703.0,0,71.0,22,7,29,14145.0,0.4973427938439591,0.666574048346763,3.0,2,0.3181818181818182,33,22,4,1,14,14,5,2,7,11,2703.0,0.0,703.0,0,703.0,0.0,0,703.0,6,,
95,2,859.0,0.0,0,0.0,0.0,0.0,0.0,0.0,0.0,0.0,0,76008.0,76008.0,15,16,1,58909,75149,16240,76008.0,4000,6000.0,82008.0,6859.0,6,60000.0,0,18,24,0,0,527.0,0,84.0,31,16,47,25768.0,0.5065013683707332,0.44667180647167193,2.6875,1.0,0.5161290322580645,62,31,9,4,34,34,13,5,16,24,4859.0,0.0,859.0,0,859.0,0.0,0,859.0,18,,
95,3,487.0,0.0,0,0.0,0.0,0.0,0.0,0.0,0.0,0.0,0,85916.0,85916.0,16,16,0,59576,85429,25853,85916.0,6000,12000.0,97916.0,12487.0,6,60000.0,11,19,25,0,0,487.0,0,89.0,37,21,58,32063.0,0.516865479231621,0.4251251706873009,4.571428571428571,2,0.5675675675675675,86,37,14,5,57,57,23,12,21,25,6487.0,0.0,487.0,0,487.0,0.0,0,487.0,19,11,1
95,4,3332.0,0.0,0,0.0,0.0,0.0,0.0,0.0,0.0,0.0,0,77780.0,77780.0,15,16,1,56816,74448,17632,77780.0,8000,20000.0,97780.0,23332.0,6,60000.0,12,34,40,0,0,487.0,0,91.0,43,28,71,40148.0,0.5278425855466028,0.39449327841295734,6.0,4.0,0.6511627906976745,114,43,18,7,77,77,33,14,28,40,11332.0,0.0,3332.0,0,3332.0,0.0,0,3332.0,34,12,2
95,5,-4712.0,0.0,0,0.0,0.0,0.0,0.0,0.0,0.0,0.0,0,117836.0,117836.0,13,16,3,70895,122548,51653,117836.0,10000,30000.0,147836.0,25288.0,6,60000.0,14,40,46,1,1,-4712.0,1,139.5,55,42,97,56183.0,0.5381838576275539,0.39373624862486245,7.023809523809524,3.0,0.7636363636363637,139,55,23,7,100,100,38,17,42,46,5288.0,0.0,-4712.0,0,-4712.0,0.0,0,-4712.0,40,14,3
95,6,-8362.0,0.0,0,0.0,0.0,0.0,0.0,0.0,0.0,0.0,0,161946.0,161946.0,15,16,1,102587,170308,67721,161946.0,12000,42000.0,203946.0,33638.0,6,60000.0,17,40,46,2,2,-8362.0,1,170.25,68,53,121,96225.0,0.6348874863934667,0.468218442256043,6.415094339622642,2,0.7794117647058824,159,68,25,9,128,128,51,18,53,46,3638.0,0.0,-8362.0,0,-8362.0,0.0,0,-8362.0,40,17,6
95,7,172623.0,0.0,0,0.0,0.0,0.0,0.0,0.0,0.0,0.0,0,282722.0,282722.0,15,16,1,82788,110099,27311,282722.0,14000,56000.0,338722.0,228623.0,6,60000.0,18,40,46,3,2,-8362.0,0,239.75,87,72,159,271411.0,0.6760332358397102,0.6667175959353419,7.777777777777778,3.0,0.8275862068965517,185,87,28,12,151,151,53,19,72,46,186623.0,0.0,172623.0,0,172623.0,0.0,0,172623.0,40,18,7
95,8,82230.0,0.0,0,0.0,0.0,0.0,0.0,0.0,0.0,0.0,0,381881.0,381881.0,15,18,3,196467,299651,103184,381881.0,16000,72000.0,453881.0,154230.0,8,80000.0,19,40,48,3,2,-8362.0,0,262.25,102,87,189,330697.0,0.6810699104066987,0.6495388669301713,7.287356321839081,3,0.8529411764705882,208,102,32,15,175,175,58,22,87,48,98230.0,0.0,82230.0,0,82230.0,0.0,0,82230.0,40,19,8
95,9,234413.0,0.0,0,0.0,0.0,0.0,0.0,0.0,0.0,0.0,0,349960.0,349960.0,17,19,2,94836,115547,20711,349960.0,18000,90000.0,439960.0,324413.0,9,90000.0,19,40,49,3,2,-8362.0,0,290.25,119,102,221,409249.0,0.6622028918479282,0.6445026621822296,7.264705882352941,3.0,0.8571428571428571,232,119,37,17,198,198,63,25,102,49,252413.0,0.0,234413.0,0,234413.0,0.0,0,234413.0,40,19,8
95,10,311629.0,0.0,0,0.0,0.0,0.0,0.0,0.0,0.0,0.0,0,373054.0,373054.0,14,19,5,44337,61425,17088,373054.0,20000,110000.0,483054.0,421629.0,9,90000.0,19,40,49,3,2,-8362.0,0,298.75,133,119,252,455966.0,0.6339363249386508,0.4811893203883495,6.647058823529412,3,0.8947368421052632,254,133,42,20,222,222,68,27,119,49,331629.0,0.0,311629.0,0,311629.0,0.0,0,311629.0,40,19,8
95,11,317573.0,0.0,0,0.0,0.0,0.0,0.0,0.0,0.0,0.0,0,427294.0,427294.0,15,19,4,71559,109721,38162,427294.0,22000,132000.0,559294.0,449573.0,9,90000.0,19,40,49,3,2,-8362.0,0,304.75,147,132,279,511132.0,0.6406849383910062,0.5601538888443125,6.863636363636363,3.0,0.8979591836734694,276,147,49,21,249,249,73,35,132,49,339573.0,0.0,317573.0,0,317573.0,0.0,0,317573.0,40,19,9
95,12,220350.0,0.0,0,0.0,0.0,0.0,0.0,0.0,0.0,0.0,0,452462.0,452462.0,17,20,3,190298,232112,41814,452462.0,24000,156000.0,608462.0,376350.0,10,100000.0,19,45,55,3,2,-8362.0,0,300.25,160,143,303,566648.0,0.6264966378044469,0.4755586592178771,6.706293706293707,3,0.89375,305,160,55,26,269,269,74,42,143,55,244350.0,0.0,220350.0,0,220350.0,0.0,0,220350.0,45,19,10
96,1,114339.0,0.0,0,0.0,0.0,0.0,0.0,0.0,0.0,0.0,0,149006.0,149006.0,5,10,5,25469,34667,9198,149006.0,2000,2000.0,151006.0,116339.0,0,0.0,1,0,0,0,0,15802.0,0,86.0,17,12,29,41808.0,0.6587527873732797,0.5623981193561749,2.0833333333333335,2.0,0.7058823529411765,26,17,7,1,26,26,8,4,12,,116339.0,0.0,114339.0,0,114339.0,0.0,0,114339.0,,1,2
96,2,94640.0,0.0,0,0.0,0.0,0.0,0.0,0.0,0.0,0.0,0,194016.0,194016.0,11,11,0,73451,99376,25925,194016.0,4000,6000.0,200016.0,100640.0,1,10000.0,1,0,1,0,0,15802.0,0,133.5,33,22,55,84091.0,0.6577973686337049,0.7504214538845781,2.8181818181818183,2.5,0.6666666666666666,49,33,10,5,50,50,14,12,22,1,98640.0,0.0,94640.0,0,94640.0,0.0,0,94640.0,,1,2
96,3,54957.0,0.0,0,0.0,0.0,0.0,0.0,0.0,0.0,0.0,0,239925.0,239925.0,9,13,4,118332,184968,66636,239925.0,6000,12000.0,251925.0,66957.0,3,30000.0,1,0,3,0,0,15802.0,0,152.25,43,34,77,115289.0,0.7096175149400471,0.7920431726907631,3.1176470588235294,3.0,0.7906976744186046,67,43,16,7,79,79,22,20,34,3,60957.0,0.0,54957.0,0,54957.0,0.0,0,54957.0,,1,3
96,4,90760.0,0.0,0,0.0,0.0,0.0,0.0,0.0,0.0,0.0,0,213342.0,213342.0,18,18,0,98569,122582,24013,213342.0,8000,20000.0,233342.0,110760.0,8,80000.0,1,2,10,0,0,7519.0,0,213.5,63,45,108,189329.0,0.6625924730420868,0.7507530120481928,2.688888888888889,2,0.7142857142857143,96,63,21,9,99,99,26,25,45,10,98760.0,0.0,90760.0,0,90760.0,0.0,0,90760.0,2,1,3
96,5,204926.0,0.0,0,0.0,0.0,0.0,0.0,0.0,0.0,0.0,0,255079.0,255079.0,14,20,6,42839,50153,7314,255079.0,10000,30000.0,285079.0,234926.0,10,100000.0,1,3,13,0,0,7519.0,0,261.5,79,65,144,277765.0,0.6241634431125456,0.4957627118644068,3.6615384615384614,2,0.8227848101265823,121,79,28,10,125,125,29,28,65,13,214926.0,0.0,204926.0,0,204926.0,0.0,0,204926.0,3,1,3
96,6,169661.0,0.0,0,0.0,0.0,0.0,0.0,0.0,0.0,0.0,0,293534.0,293534.0,17,20,3,86655,123873,37218,293534.0,12000,42000.0,335534.0,211661.0,10,100000.0,1,7,17,0,0,7519.0,0,269.0,94,77,171,298316.0,0.6023136034403819,0.4267072640278382,4.298701298701299,2,0.8191489361702128,150,94,35,13,144,144,30,32,77,17,181661.0,0.0,169661.0,0,169661.0,0.0,0,169661.0,7,1,5
96,7,211093.0,0.0,0,0.0,0.0,0.0,0.0,0.0,0.0,0.0,0,346911.0,346911.0,14,20,6,90551,135818,45267,346911.0,14000,56000.0,402911.0,267093.0,10,100000.0,1,7,17,0,0,7519.0,0,297.0,111,97,208,357644.0,0.5857027411570317,0.4,4.721649484536083,3,0.8738738738738738,172,111,39,14,175,175,34,38,97,17,225093.0,0.0,211093.0,0,211093.0,0.0,0,211093.0,7,1,6
96,8,220220.0,0.0,0,0.0,0.0,0.0,0.0,0.0,0.0,0.0,0,472456.0,472456.0,14,20,6,162781,252236,89455,472456.0,16000,72000.0,544456.0,292220.0,10,100000.0,1,7,17,0,0,7519.0,0,307.5,124,110,234,455001.0,0.5796953698535856,0.3979293544457978,4.927272727272728,2.5,0.8870967741935484,197,124,48,17,200,200,40,43,110,17,236220.0,0.0,220220.0,0,220220.0,0.0,0,220220.0,7,1,7
96,9,232969.0,0.0,0,0.0,0.0,0.0,0.0,0.0,0.0,0.0,0,517873.0,517873.0,16,20,4,202433,284904,82471,517873.0,18000,90000.0,607873.0,322969.0,10,100000.0,1,8,18,0,0,7519.0,0,331.0,140,124,264,525402.0,0.5715784064280495,0.3874735903707308,5.306451612903226,3.0,0.8857142857142857,220,140,51,20,225,225,43,48,124,18,250969.0,0.0,232969.0,0,232969.0,0.0,0,232969.0,8,1,10
96,10,293791.0,0.0,0,0.0,0.0,0.0,0.0,0.0,0.0,0.0,0,613765.0,613765.0,12,20,8,244721,319974,75253,613765.0,20000,110000.0,723765.0,403791.0,10,100000.0,2,8,18,0,0,7519.0,0,359.5,153,141,294,648512.0,0.576807520685453,0.414351639619816,5.539007092198582,3,0.9215686274509803,242,153,59,20,249,249,44,51,141,18,313791.0,0.0,293791.0,0,293791.0,0.0,0,293791.0,8,2,13
96,11,320977.0,0.0,0,0.0,0.0,0.0,0.0,0.0,0.0,0.0,0,609689.0,609689.0,16,20,4,229900,288712,58812,609689.0,22000,132000.0,741689.0,452977.0,10,100000.0,2,11,21,0,0,7519.0,0,365.5,167,151,318,682877.0,0.5765352760184823,0.424923391215526,5.529801324503311,3,0.9041916167664671,267,167,63,24,272,272,44,59,151,21,342977.0,0.0,320977.0,0,320977.0,0.0,0,320977.0,11,2,18
96,12,518957.0,0.0,0,0.0,0.0,0.0,0.0,0.0,0.0,0.0,0,723754.0,723754.0,18,20,2,175058,204797,29739,723754.0,24000,156000.0,879754.0,674957.0,10,100000.0,2,11,21,0,0,7519.0,0,384.5,183,165,348,850015.0,0.5889654721071851,0.4267072640278382,5.5636363636363635,3,0.9016393442622951,292,183,68,28,296,296,44,64,165,21,542957.0,0.0,518957.0,0,518957.0,0.0,0,518957.0,11,2,23
97,1,114800.0,0.0,0,0.0,0.0,0.0,0.0,0.0,0.0,0.0,0,124163.0,124163.0,2,10,8,8652,9363,711,124163.0,2000,2000.0,126163.0,116800.0,0,0.0,0,0,0,0,0,86614.0,0,37.0,14,12,26,25452.0,0.4774452293007496,0.22509252267196247,1.0833333333333333,1.0,0.8571428571428571,22,14,4,4,28,28,16,,12,,116800.0,0.0,114800.0,0,114800.0,0.0,0,114800.0,,,
97,2,9857.0,0.0,0,0.0,0.0,0.0,0.0,0.0,0.0,0.0,0,121691.0,121691.0,13,13,0,84399,111834,27435,121691.0,4000,6000.0,127691.0,15857.0,3,30000.0,0,0,3,0,0,9857.0,0,102.0,33,20,53,30256.0,0.4674523724477321,0.24988204186150503,1.4,1.0,0.6060606060606061,50,33,11,6,48,48,23,5,20,3,13857.0,0.0,9857.0,0,9857.0,0.0,0,9857.0,,,
97,3,1710.0,0.0,0,0.0,0.0,0.0,0.0,0.0,0.0,0.0,0,172583.0,172583.0,11,15,4,109854,170873,61019,172583.0,6000,12000.0,184583.0,13710.0,5,50000.0,3,2,7,0,0,1710.0,0,139.0,45,34,79,73564.0,0.5824018566988847,0.43786206287530904,2.2058823529411766,2.0,0.7555555555555555,73,45,14,9,74,74,30,10,34,7,7710.0,0.0,1710.0,0,1710.0,0.0,0,1710.0,2,3,
97,4,152526.0,0.0,0,0.0,0.0,0.0,0.0,0.0,0.0,0.0,0,219672.0,219672.0,11,15,4,51026,67146,16120,219672.0,8000,20000.0,239672.0,172526.0,5,50000.0,3,2,7,0,0,1710.0,0,174.25,59,48,107,173552.0,0.546456455089819,0.3311718763163498,2.0625,2.0,0.8135593220338984,96,59,22,10,100,100,36,16,48,7,160526.0,0.0,152526.0,0,152526.0,0.0,0,152526.0,2,3,
97,5,159608.0,0.0,0,0.0,0.0,0.0,0.0,0.0,0.0,0.0,0,219066.0,219066.0,12,16,4,39923,59458,19535,219066.0,10000,30000.0,249066.0,189608.0,6,60000.0,3,2,8,0,0,1710.0,0,228.5,78,66,144,189531.0,0.5391204684949877,0.30960567867272215,2.5303030303030303,2.0,0.8461538461538461,120,78,25,12,125,125,40,18,66,8,169608.0,0.0,159608.0,0,159608.0,0.0,0,159608.0,2,3,1
97,6,148271.0,0.0,0,0.0,0.0,0.0,0.0,0.0,0.0,0.0,0,227033.0,227033.0,19,20,1,57894,78762,20868,227033.0,12000,42000.0,269033.0,190271.0,10,100000.0,3,5,15,0,0,1710.0,0,264.0,95,76,171,248165.0,0.5671881509527135,0.33137110387153246,2.6315789473684212,2.0,0.8,145,95,29,13,151,151,47,26,76,15,160271.0,0.0,148271.0,0,148271.0,0.0,0,148271.0,5,3,2
97,7,57740.0,0.0,0,0.0,0.0,0.0,0.0,0.0,0.0,0.0,0,263617.0,263617.0,16,20,4,166540,205877,39337,263617.0,14000,56000.0,319617.0,113740.0,10,100000.0,3,5,15,0,0,1710.0,0,292.0,112,96,208,280280.0,0.5543560644595247,0.33335986030279086,3.53125,2.0,0.8571428571428571,169,112,35,14,178,178,48,32,96,15,71740.0,0.0,57740.0,0,57740.0,0.0,0,57740.0,5,3,2
97,8,83449.0,0.0,0,0.0,0.0,0.0,0.0,0.0,0.0,0.0,0,346207.0,346207.0,20,20,0,214135,262758,48623,346207.0,16000,72000.0,418207.0,155449.0,10,100000.0,3,11,21,0,0,1710.0,0,303.0,129,109,238,369584.0,0.5921769829957242,0.41468126207340633,3.834862385321101,2,0.8449612403100775,198,129,39,16,197,197,51,35,109,21,99449.0,0.0,83449.0,0,83449.0,0.0,0,83449.0,11,3,2
97,9,142964.0,0.0,0,0.0,0.0,0.0,0.0,0.0,0.0,0.0,0,365081.0,365081.0,19,20,1,210769,222117,11348,365081.0,18000,90000.0,455081.0,232964.0,10,100000.0,3,15,25,0,0,1710.0,0,320.5,141,122,263,443733.0,0.5968699631936629,0.3948489662222999,4.262295081967213,2.0,0.8652482269503546,221,141,45,17,220,220,54,41,122,25,160964.0,0.0,142964.0,0,142964.0,0.0,0,142964.0,15,3,3
97,10,155130.0,0.0,0,0.0,0.0,0.0,0.0,0.0,0.0,0.0,0,453205.0,453205.0,15,20,5,262568,298075,35507,453205.0,20000,110000.0,563205.0,265130.0,10,100000.0,3,15,25,0,0,1710.0,0,346.5,154,139,293,527698.0,0.6069485990502193,0.45072412575061815,4.956834532374101,2,0.9025974025974026,236,154,46,18,253,253,58,48,139,25,175130.0,0.0,155130.0,0,155130.0,0.0,0,155130.0,15,3,8
97,11,273836.0,0.0,0,0.0,0.0,0.0,0.0,0.0,0.0,0.0,0,462686.0,462686.0,18,20,2,194705,188850,-5855,462686.0,22000,132000.0,594686.0,405836.0,10,100000.0,3,18,28,0,0,1710.0,0,376.5,168,150,318,600541.0,0.6111714936557657,0.49314064850039807,4.926666666666667,2.5,0.8928571428571429,256,168,48,19,281,281,59,62,150,28,295836.0,0.0,273836.0,0,273836.0,0.0,0,273836.0,18,3,10
97,12,317406.0,0.0,0,0.0,0.0,0.0,0.0,0.0,0.0,0.0,0,539272.0,539272.0,15,20,5,204959,221866,16907,539272.0,24000,156000.0,695272.0,473406.0,10,100000.0,3,21,31,0,0,1710.0,0,398.5,180,165,345,678365.0,0.5969439440770564,0.4778543307086614,5.393939393939394,3,0.9166666666666666,274,180,50,20,312,312,65,70,165,31,341406.0,0.0,317406.0,0,317406.0,0.0,0,317406.0,21,3,12
98,1,104558.0,0.0,0,0.0,0.0,0.0,0.0,0.0,0.0,0.0,0,116163.0,116163.0,5,10,5,8348,11605,3257,116163.0,2000,2000.0,118163.0,106558.0,0,0.0,0,0,0,0,0,83582.0,0,34.0,12,7,19,14906.0,0.6894156025364644,0.8336360334180893,1.5714285714285714,1,0.5833333333333334,20,12,3,5,26,26,19,,7,,106558.0,0.0,104558.0,0,104558.0,0.0,0,104558.0,,,
98,2,101623.0,0.0,0,0.0,0.0,0.0,0.0,0.0,0.0,0.0,0,136371.0,136371.0,7,10,3,29641,34748,5107,136371.0,4000,6000.0,142371.0,107623.0,0,0.0,0,0,0,0,0,78408.0,0,69.0,26,19,45,37264.0,0.8019681297107185,0.8545509525249471,1.5263157894736843,1,0.7307692307692307,39,26,6,7,54,54,27,7,19,,105623.0,0.0,101623.0,0,101623.0,0.0,0,101623.0,,,1
98,3,81680.0,0.0,0,0.0,0.0,0.0,0.0,0.0,0.0,0.0,0,141052.0,141052.0,11,12,1,38899,59372,20473,141052.0,6000,12000.0,153052.0,93680.0,2,20000.0,0,0,2,0,0,36304.0,0,86.0,36,25,61,52579.0,0.7081312863942287,0.6663636363636364,1.44,1,0.6944444444444444,56,36,10,10,84,84,36,22,25,2,87680.0,0.0,81680.0,0,81680.0,0.0,0,81680.0,,,1
98,4,53918.0,0.0,0,0.0,0.0,0.0,0.0,0.0,0.0,0.0,0,120498.0,120498.0,15,17,2,46567,66580,20013,120498.0,8000,20000.0,140498.0,73918.0,7,70000.0,0,1,8,0,0,15677.0,0,134.5,52,37,89,90485.0,0.67019238866251,0.6663636363636364,2.7027027027027026,2,0.7115384615384616,83,52,17,13,105,105,40,27,37,8,61918.0,0.0,53918.0,0,53918.0,0.0,0,53918.0,1,,1
98,5,47490.0,0.0,0,0.0,0.0,0.0,0.0,0.0,0.0,0.0,0,147802.0,147802.0,17,19,2,72935,100312,27377,147802.0,10000,30000.0,177802.0,77490.0,9,90000.0,0,3,12,0,0,4898.0,0,181.25,71,54,125,140425.0,0.6787241057587923,0.5953865101872988,4.12962962962963,2.0,0.7605633802816901,110,71,23,13,128,128,41,31,54,12,57490.0,0.0,47490.0,0,47490.0,0.0,0,47490.0,3,,2
98,6,88174.0,0.0,0,0.0,0.0,0.0,0.0,0.0,0.0,0.0,0,162071.0,162071.0,19,20,1,59966,73897,13931,162071.0,12000,42000.0,204071.0,130174.0,10,100000.0,1,4,14,0,0,4898.0,0,247.0,88,69,157,190140.0,0.6549164561448689,0.5482804232804233,4.202898550724638,2,0.7840909090909091,131,88,24,14,159,159,42,46,69,14,100174.0,0.0,88174.0,0,88174.0,0.0,0,88174.0,4,1,2
98,7,102160.0,0.0,0,0.0,0.0,0.0,0.0,0.0,0.0,0.0,0,249804.0,249804.0,19,20,1,121031,147644,26613,249804.0,14000,56000.0,305804.0,158160.0,10,100000.0,1,4,14,0,0,4898.0,0,280.0,104,85,189,279191.0,0.6459158774826322,0.5661993769470405,4.658823529411765,2,0.8173076923076923,153,104,29,15,185,185,43,52,85,14,116160.0,0.0,102160.0,0,102160.0,0.0,0,102160.0,4,1,5
98,8,142396.0,0.0,0,0.0,0.0,0.0,0.0,0.0,0.0,0.0,0,273476.0,273476.0,20,20,0,109981,131080,21099,273476.0,16000,72000.0,345476.0,214396.0,10,100000.0,1,9,19,0,0,4898.0,0,301.0,120,100,220,324377.0,0.638699982965617,0.5572399001137318,5.06,2.0,0.8333333333333334,183,120,36,17,206,206,43,57,100,19,158396.0,0.0,142396.0,0,142396.0,0.0,0,142396.0,9,1,6
98,9,207667.0,0.0,0,0.0,0.0,0.0,0.0,0.0,0.0,0.0,0,313204.0,313204.0,19,20,1,98132,105537,7405,313204.0,18000,90000.0,403204.0,297667.0,10,100000.0,1,18,28,0,0,4898.0,0,325.0,133,114,247,395799.0,0.6026954125451263,0.4974279835390947,5.885964912280702,3.0,0.8571428571428571,207,133,38,17,232,232,48,64,114,28,225667.0,0.0,207667.0,0,207667.0,0.0,0,207667.0,18,1,6
98,10,164694.0,0.0,0,0.0,0.0,0.0,0.0,0.0,0.0,0.0,0,369663.0,369663.0,19,20,1,154765,204969,50204,369663.0,20000,110000.0,479663.0,274694.0,10,100000.0,1,21,31,0,0,4898.0,0,339.0,146,127,273,429459.0,0.6038591757362981,0.5,5.826771653543307,3,0.8698630136986302,231,146,45,18,256,256,50,73,127,31,184694.0,0.0,164694.0,0,164694.0,0.0,0,164694.0,21,1,6
98,11,159814.0,0.0,0,0.0,0.0,0.0,0.0,0.0,0.0,0.0,0,472891.0,472891.0,19,20,1,227833,313077,85244,472891.0,22000,132000.0,604891.0,291814.0,10,100000.0,1,30,40,0,0,4898.0,0,359.0,160,141,301,519647.0,0.5699603545940627,0.4251525105584233,6.049645390070922,3,0.88125,261,160,51,19,277,277,55,75,141,40,181814.0,0.0,159814.0,0,159814.0,0.0,0,159814.0,30,1,6
98,12,217928.0,0.0,0,0.0,0.0,0.0,0.0,0.0,0.0,0.0,0,543501.0,543501.0,18,20,2,225263,325573,100310,543501.0,24000,156000.0,699501.0,373928.0,10,100000.0,1,40,50,0,0,4898.0,0,374.0,174,156,330,599191.0,0.5629565014301894,0.3735465030530073,5.903846153846154,3.0,0.896551724137931,291,174,55,21,300,300,59,77,156,50,241928.0,0.0,217928.0,0,217928.0,0.0,0,217928.0,40,1,8
99,1,82969.0,0.0,0,0.0,0.0,0.0,0.0,0.0,0.0,0.0,0,127983.0,127983.0,10,11,1,30502,45014,14512,127983.0,2000,2000.0,129983.0,84969.0,1,10000.0,0,0,1,0,0,71647.0,0,84.0,22,12,34,25471.0,0.5856497214856862,0.5624336199707848,1.1666666666666667,1.0,0.5454545454545454,26,22,2,2,23,23,10,1,12,1,84969.0,0.0,82969.0,0,82969.0,0.0,0,82969.0,,,
99,2,44762.0,0.0,0,0.0,0.0,0.0,0.0,0.0,0.0,0.0,0,113711.0,113711.0,15,15,0,47445,68949,21504,113711.0,4000,6000.0,119711.0,50762.0,5,50000.0,0,0,5,0,0,44762.0,0,142.5,39,24,63,48207.0,0.5836016089868487,0.42507836917315556,1.6666666666666667,2.0,0.6153846153846154,48,39,6,3,49,49,18,7,24,5,48762.0,0.0,44762.0,0,44762.0,0.0,0,44762.0,,,
99,3,-3922.0,0.0,0,0.0,0.0,0.0,0.0,0.0,0.0,0.0,0,83266.0,83266.0,18,19,1,64749,87188,22439,83266.0,6000,12000.0,95266.0,8078.0,9,90000.0,6,1,10,1,1,-3922.0,1,158.0,51,33,84,62827.0,0.6315031959375115,0.6192893401015228,3.212121212121212,2,0.6470588235294118,77,51,16,3,69,69,23,11,33,10,2078.0,0.0,-3922.0,0,-3922.0,0.0,0,-3922.0,1,6,2
99,4,10599.0,0.0,0,0.0,0.0,0.0,0.0,0.0,0.0,0.0,0,92690.0,92690.0,17,20,3,64569,82091,17522,92690.0,8000,20000.0,112690.0,30599.0,10,100000.0,10,4,14,2,1,-3922.0,0,168.25,63,46,109,95168.0,0.6184924630016636,0.5696844304681307,4.3478260869565215,2.0,0.7301587301587301,103,63,20,6,92,92,25,18,46,14,18599.0,0.0,10599.0,0,10599.0,0.0,0,10599.0,4,10,3
99,5,-7852.0,0.0,0,0.0,0.0,0.0,0.0,0.0,0.0,0.0,0,97144.0,97144.0,20,20,0,99569,104996,5427,97144.0,10000,30000.0,127144.0,22148.0,10,100000.0,11,9,19,3,2,-7852.0,1,173.25,73,53,126,121717.0,0.6309129761678628,0.5498507462686567,4.452830188679245,2,0.726027397260274,126,73,24,9,118,118,32,28,53,19,2148.0,0.0,-7852.0,0,-7852.0,0.0,0,-7852.0,9,11,5
99,6,48581.0,0.0,0,0.0,0.0,0.0,0.0,0.0,0.0,0.0,0,128668.0,128668.0,16,20,4,75438,80087,4649,128668.0,12000,42000.0,170668.0,90581.0,10,100000.0,18,10,20,4,2,-7852.0,0,192.75,82,66,148,166019.0,0.6338346949411121,0.5301238608469938,5.545454545454546,2.5,0.8048780487804879,149,82,29,10,145,145,36,34,66,20,60581.0,0.0,48581.0,0,48581.0,0.0,0,48581.0,10,18,9
99,7,-9230.0,0.0,0,0.0,0.0,0.0,0.0,0.0,0.0,0.0,0,168380.0,168380.0,15,20,5,142320,177610,35290,168380.0,14000,56000.0,224380.0,46770.0,10,100000.0,19,10,20,5,3,-9230.0,1,238.0,96,81,177,189090.0,0.5978841420233233,0.4728682170542636,5.62962962962963,3,0.84375,170,96,35,10,172,172,42,39,81,20,4770.0,0.0,-9230.0,0,-9230.0,0.0,0,-9230.0,10,19,10
99,8,97440.0,0.0,0,0.0,0.0,0.0,0.0,0.0,0.0,0.0,0,201832.0,201832.0,17,20,3,101725,104392,2667,201832.0,16000,72000.0,273832.0,169440.0,10,100000.0,19,10,20,5,3,-9230.0,0,279.5,115,98,213,271165.0,0.6369627686130148,0.4825581395348837,6.0,3.0,0.8521739130434782,194,115,39,11,195,195,46,41,98,20,113440.0,0.0,97440.0,0,97440.0,0.0,0,97440.0,10,19,10
99,9,94030.0,0.0,0,0.0,0.0,0.0,0.0,0.0,0.0,0.0,0,241609.0,241609.0,16,20,4,141834,147579,5745,241609.0,18000,90000.0,331609.0,184030.0,10,100000.0,19,14,24,5,3,-9230.0,0,300.5,131,115,246,325864.0,0.6135115296180398,0.4728682170542636,5.782608695652174,3,0.8778625954198473,220,131,43,13,218,218,47,46,115,24,112030.0,0.0,94030.0,0,94030.0,0.0,0,94030.0,14,19,10
99,10,102149.0,0.0,0,0.0,0.0,0.0,0.0,0.0,0.0,0.0,0,308890.0,308890.0,19,20,1,200512,206741,6229,308890.0,20000,110000.0,418890.0,212149.0,10,100000.0,19,19,29,5,3,-9230.0,0,328.5,147,128,275,412661.0,0.6097472676402538,0.43785425101214576,5.7578125,3.0,0.8707482993197279,248,147,50,13,238,238,47,52,128,29,122149.0,0.0,102149.0,0,102149.0,0.0,0,102149.0,19,19,11
99,11,133105.0,0.0,0,0.0,0.0,0.0,0.0,0.0,0.0,0.0,0,320301.0,320301.0,14,20,6,180690,187196,6506,320301.0,22000,132000.0,452301.0,265105.0,10,100000.0,19,27,37,5,3,-9230.0,0,324.5,154,140,294,445795.0,0.6082415578939091,0.43785425101214576,6.064285714285714,3.0,0.9090909090909091,270,154,55,15,265,265,51,61,140,37,155105.0,0.0,133105.0,0,133105.0,0.0,0,133105.0,27,19,13
99,12,107420.0,0.0,0,0.0,0.0,0.0,0.0,0.0,0.0,0.0,0,313293.0,313293.0,16,20,4,194611,205873,11262,313293.0,24000,156000.0,469293.0,263420.0,10,100000.0,19,27,37,5,3,-9230.0,0,319.0,164,148,312,458031.0,0.612929937867382,0.474213116090312,5.966216216216216,3.0,0.9024390243902439,293,164,65,18,291,291,53,75,148,37,131420.0,0.0,107420.0,0,107420.0,0.0,0,107420.0,27,19,15
100,1,13921.0,0.0,0,0.0,0.0,0.0,0.0,0.0,0.0,0.0,0,119888.0,119888.0,12,14,2,63038,105967,42929,119888.0,2000,2000.0,121888.0,15921.0,4,40000.0,0,0,4,0,0,6397.0,0,64.0,19,7,26,18959.0,0.6729843255477518,0.7998932764140875,1.2857142857142858,1,0.3684210526315789,31,19,9,3,18,18,8,2,7,4,15921.0,0.0,13921.0,0,13921.0,0.0,0,13921.0,,,1
100,2,120850.0,0.0,0,0.0,0.0,0.0,0.0,0.0,0.0,0.0,0,182742.0,182742.0,8,14,6,24671,61892,37221,182742.0,4000,6000.0,188742.0,126850.0,4,40000.0,1,0,4,0,0,6397.0,0,106.0,32,24,56,91521.0,0.6836015673635346,0.5339398164418762,3.0833333333333335,2.5,0.75,51,32,11,7,46,46,11,10,24,4,124850.0,0.0,120850.0,0,120850.0,0.0,0,120850.0,,1,1
100,3,6331.0,0.0,0,0.0,0.0,0.0,0.0,0.0,0.0,0.0,0,209484.0,209484.0,15,15,0,146927,203153,56226,209484.0,6000,12000.0,221484.0,18331.0,5,50000.0,1,1,6,0,0,6331.0,0,148.0,48,33,81,115258.0,0.659861766659945,0.4878774989366227,2.6363636363636362,2,0.6875,75,48,17,8,70,70,12,23,33,6,12331.0,0.0,6331.0,0,6331.0,0.0,0,6331.0,1,1,2
100,4,18332.0,0.0,0,0.0,0.0,0.0,0.0,0.0,0.0,0.0,0,197543.0,197543.0,20,20,0,145069,179211,34142,197543.0,8000,20000.0,217543.0,38332.0,10,100000.0,1,3,13,0,0,4420.0,0,193.75,64,44,108,183401.0,0.6502924811403002,0.48470121281141987,2.4545454545454546,2.0,0.6875,95,64,19,8,95,95,12,36,44,13,26332.0,0.0,18332.0,0,18332.0,0.0,0,18332.0,3,1,3
100,5,75822.0,0.0,0,0.0,0.0,0.0,0.0,0.0,0.0,0.0,0,249527.0,249527.0,20,20,0,116003,173705,57702,249527.0,10000,30000.0,279527.0,105822.0,10,100000.0,4,10,20,0,0,4420.0,0,205.75,76,56,132,221825.0,0.616166011988878,0.45950262082342347,3.0714285714285716,2.0,0.7368421052631579,124,76,22,12,118,118,17,37,56,20,85822.0,0.0,75822.0,0,75822.0,0.0,0,75822.0,10,4,8
100,6,58129.0,0.0,0,0.0,0.0,0.0,0.0,0.0,0.0,0.0,0,304116.0,304116.0,20,20,0,166112,245987,79875,304116.0,12000,42000.0,346116.0,100129.0,10,100000.0,4,14,24,0,0,4420.0,0,244.75,90,70,160,266241.0,0.6426346464512191,0.47149141181399246,4.1571428571428575,2.0,0.7777777777777778,149,90,27,14,140,140,19,40,70,24,70129.0,0.0,58129.0,0,58129.0,0.0,0,58129.0,14,4,11
100,7,105420.0,0.0,0,0.0,0.0,0.0,0.0,0.0,0.0,0.0,0,386929.0,386929.0,19,20,1,197557,281509,83952,386929.0,14000,56000.0,442929.0,161420.0,10,100000.0,4,24,34,0,0,4420.0,0,263.5,103,84,187,358977.0,0.7248772861584812,0.6665434546315538,5.166666666666667,2.5,0.8155339805825242,177,103,31,15,161,161,24,42,84,34,119420.0,0.0,105420.0,0,105420.0,0.0,0,105420.0,24,4,11
100,8,152275.0,0.0,0,0.0,0.0,0.0,0.0,0.0,0.0,0.0,0,362477.0,362477.0,15,20,5,181684,210202,28518,362477.0,16000,72000.0,434477.0,224275.0,10,100000.0,4,24,34,0,0,4420.0,0,265.5,116,101,217,405959.0,0.723091201932304,0.5863547061975353,5.9405940594059405,3,0.8706896551724138,198,116,35,19,188,188,28,45,101,34,168275.0,0.0,152275.0,0,152275.0,0.0,0,152275.0,24,4,14
100,9,264052.0,0.0,0,0.0,0.0,0.0,0.0,0.0,0.0,0.0,0,473947.0,473947.0,15,20,5,168987,209895,40908,473947.0,18000,90000.0,563947.0,354052.0,10,100000.0,4,28,38,0,0,4420.0,0,281.0,129,114,243,523039.0,0.7146752982083822,0.6027011626225771,6.184210526315789,3.0,0.8837209302325582,224,129,41,22,212,212,32,52,114,38,282052.0,0.0,264052.0,0,264052.0,0.0,0,264052.0,28,4,14
100,10,249838.0,0.0,0,0.0,0.0,0.0,0.0,0.0,0.0,0.0,0,474910.0,474910.0,20,20,0,178886,225072,46186,474910.0,20000,110000.0,584910.0,359838.0,10,100000.0,4,36,46,0,0,4420.0,0,291.0,140,120,260,538724.0,0.7015887476071077,0.537116102567079,6.008333333333334,3.0,0.8571428571428571,248,140,44,24,238,238,43,59,120,46,269838.0,0.0,249838.0,0,249838.0,0.0,0,249838.0,36,4,16
100,11,215730.0,0.0,0,0.0,0.0,0.0,0.0,0.0,0.0,0.0,0,503429.0,503429.0,20,20,0,205227,287699,82472,503429.0,22000,132000.0,635429.0,347730.0,10,100000.0,4,51,61,0,0,4420.0,0,261.5,146,126,272,552957.0,0.6950951574056871,0.48470121281141987,6.246031746031746,3.0,0.863013698630137,279,146,53,25,257,257,50,63,126,61,237730.0,0.0,215730.0,0,215730.0,0.0,0,215730.0,51,4,18
100,12,397260.0,0.0,0,0.0,0.0,0.0,0.0,0.0,0.0,0.0,0,560366.0,560366.0,20,20,0,132013,163106,31093,560366.0,24000,156000.0,716366.0,553260.0,10,100000.0,4,57,67,0,0,4420.0,0,262.0,156,136,292,685273.0,0.6835838786269517,0.48470121281141987,6.1838235294117645,3.0,0.8717948717948718,303,156,60,26,284,284,56,74,136,67,421260.0,0.0,397260.0,0,397260.0,0.0,0,397260.0,57,4,18
