day,week,customer_role,guest_class,preferred_weapon_type,transaction_type,item_id,item_class,item_type,item_tier,buyer_fit_score,tier_fit,preference_match,fit_band,purchase_price,purchase_appraised_price,current_appraised_price,listing_price,buyer_offer_price,final_sale_price,gross_profit,margin_rate,haggle_count,outcome,reputation_before,reputation_delta,reputation_after,trade_count,cash_before,cash_after,days_in_inventory,inventory_count,inventory_capacity,debt,debt_remaining,cash_deficit,inventory_expansion_count,inventory_expansion_spending
1,1,SELL_TO_SHOP,WARRIOR,,BUY_FROM_CUSTOMER,1,WARRIOR,spear,2,,,,,12035,12035,12035,14442,,,,,,SUCCESSFUL_PURCHASE,0.0,2.0,2.0,1,50000.0,37965.0,,1,5,100000.0,100000.0,False,0,0.0
1,1,SELL_TO_SHOP,GUNNER,,BUY_FROM_CUSTOMER,2,GUNNER,gun,1,,,,,2391,2491,2491,2989,,,,,,SUCCESSFUL_PURCHASE,2.0,6.0,8.0,2,37965.0,35574.0,,2,5,100000.0,100000.0,False,0,0.0
1,1,SELL_TO_SHOP,WARRIOR,,BUY_FROM_CUSTOMER,3,WARRIOR,greatsword,1,,,,,1501,1501,1501,1801,,,,,,SUCCESSFUL_PURCHASE,8.0,2.0,10.0,3,35574.0,34073.0,,3,5,100000.0,100000.0,False,0,0.0
1,1,SELL_TO_SHOP,ROGUE,,NONE,4,MAGE,grimoire,1,,,,,,3055,3055,,,,,,,REJECTED_OVERPRICED,10.0,-2.0,8.0,3,34073.0,34073.0,,3,5,100000.0,100000.0,False,0,0.0
1,1,SELL_TO_SHOP,GUNNER,,NONE,4,GUNNER,heavy_weapon,1,,,,,,2172,2172,,,,,,,REJECTED_OVERPRICED,8.0,-2.0,6.0,3,34073.0,34073.0,,3,5,100000.0,100000.0,False,0,0.0
1,1,SELL_TO_SHOP,ARCHER,,BUY_FROM_CUSTOMER,4,ARCHER,bow,2,,,,,4914,5584,5584,6701,,,,,,SUCCESSFUL_PURCHASE,6.0,6.0,12.0,4,34073.0,29159.0,,4,5,100000.0,100000.0,False,0,0.0
1,1,SELL_TO_SHOP,MAGE,,NONE,5,MAGE,staff,1,,,,,,648,648,,,,,,,REJECTED_SCAMMER,12.0,-5,7.0,4,29159.0,29159.0,,4,5,100000.0,100000.0,False,0,0.0
1,1,SELL_TO_SHOP,ROGUE,,NONE,5,ROGUE,dagger,2,,,,,,1220,1220,,,,,,,REJECTED_OVERPRICED,7.0,-2.0,5.0,4,29159.0,29159.0,,4,5,100000.0,100000.0,False,0,0.0
2,1,BUY_FROM_SHOP,CLERIC,gauntlet,NONE,,,,,,,,,,,,,,,,,,NO_COMPATIBLE_ITEM,5.0,0.0,5.0,4,29159.0,29159.0,,4,5,100000.0,100000.0,False,0,0.0
2,1,SELL_TO_SHOP,GUNNER,,NONE,5,GUNNER,heavy_weapon,1,,,,,,3820,3820,,,,,,,REJECTED_SCAMMER,5.0,-5,0.0,4,29159.0,29159.0,,4,5,100000.0,100000.0,False,0,0.0
2,1,BUY_FROM_SHOP,WARRIOR,axe,NONE,3,WARRIOR,greatsword,1,61.88,1.0,False,MEDIUM_INTEREST,1501,1501,1501,1801,1501,,,,2,PRICE_NEGOTIATION_FAILURE,0.0,0.0,0.0,4,29159.0,29159.0,1,4,5,100000.0,100000.0,False,0,0.0
2,1,SELL_TO_SHOP,ROGUE,,NONE,5,ROGUE,dagger,1,,,,,,1179,1179,,,,,,,REJECTED_SCAMMER,0.0,-5,-5.0,4,29159.0,29159.0,,4,5,100000.0,100000.0,False,0,0.0
2,1,BUY_FROM_SHOP,CLERIC,gauntlet,NONE,,,,,,,,,,,,,,,,,,NO_COMPATIBLE_ITEM,-5.0,0.0,-5.0,4,29159.0,29159.0,,4,5,100000.0,100000.0,False,0,0.0
2,1,SELL_TO_SHOP,CLERIC,,BUY_FROM_CUSTOMER,5,CLERIC,mace,1,,,,,2036,2314,2314,2777,,,,,,SUCCESSFUL_PURCHASE,-5.0,6.0,1.0,5,29159.0,27123.0,,5,5,100000.0,100000.0,False,0,0.0
2,1,BUY_FROM_SHOP,MAGE,staff,NONE,,,,,,,,,,,,,,,,,,NO_COMPATIBLE_ITEM,1.0,0.0,1.0,5,27123.0,27123.0,,5,5,100000.0,100000.0,False,0,0.0
2,1,BUY_FROM_SHOP,WARRIOR,greatsword,SELL_TO_CUSTOMER,3,WARRIOR,greatsword,1,75.04875,1.0,True,HIGH_INTEREST,1501,1501,1501,1801,1651,1651,150,0.09993337774816789,1,BUYER_PURCHASES,1.0,1.0,2.0,6,27123.0,28774.0,1,4,5,100000.0,100000.0,False,0,0.0
3,1,BUY_FROM_SHOP,WARRIOR,spear,SELL_TO_CUSTOMER,1,WARRIOR,spear,2,78.18,0.5,True,HIGH_INTEREST,12035,12035,12035,14442,12637,12637,602,0.050020772746157044,1,BUYER_PURCHASES,2.0,1.0,3.0,7,28774.0,41411.0,2,3,5,100000.0,100000.0,False,0,0.0
3,1,SELL_TO_SHOP,WARRIOR,,NONE,6,CLERIC,mace,1,,,,,,3000,3000,,,,,,,REJECTED_OVERPRICED,3.0,-2.0,1.0,7,41411.0,41411.0,,3,5,100000.0,100000.0,False,0,0.0
3,1,SELL_TO_SHOP,CLERIC,,BUY_FROM_CUSTOMER,6,CLERIC,staff,1,,,,,554,630,630,756,,,,,,SUCCESSFUL_PURCHASE,1.0,4.0,5.0,8,41411.0,40857.0,,4,5,100000.0,100000.0,False,0,0.0
3,1,SELL_TO_SHOP,ROGUE,,BUY_FROM_CUSTOMER,7,ROGUE,throwing_weapon,2,,,,,6556,6829,6829,8195,,,,,,SUCCESSFUL_PURCHASE,5.0,6.0,11.0,9,40857.0,34301.0,,5,5,100000.0,100000.0,False,0,0.0
3,1,SELL_TO_SHOP,MAGE,,BUY_FROM_CUSTOMER,8,MAGE,grimoire,2,,,,,3817,4771,4771,5725,,,,,,SUCCESSFUL_PURCHASE,11.0,6.0,17.0,10,34301.0,25484.0,,6,6,100000.0,100000.0,False,1,5000.0
3,1,SELL_TO_SHOP,GUNNER,,BUY_FROM_CUSTOMER,9,GUNNER,gun,1,,,,,1180,2361,2361,2833,,,,,,SUCCESSFUL_PURCHASE,17.0,0,17.0,11,25484.0,16804.0,,7,7,100000.0,100000.0,False,2,12500.0
4,1,SELL_TO_SHOP,WARRIOR,,BUY_FROM_CUSTOMER,10,WARRIOR,one_handed_sword,1,,,,,1458,1519,1519,1823,,,,,,SUCCESSFUL_PURCHASE,17.0,6.0,23.0,12,16804.0,5346.0,,8,8,100000.0,100000.0,False,3,22500.0
4,1,BUY_FROM_SHOP,CLERIC,staff,SELL_TO_CUSTOMER,6,CLERIC,staff,1,68.11333333333333,1.0,True,MEDIUM_INTEREST,554,630,630,756,630,630,76,0.1371841155234657,2,BUYER_PURCHASES,23.0,0,23.0,13,5346.0,5976.0,1,7,8,100000.0,100000.0,False,3,22500.0
4,1,SELL_TO_SHOP,CLERIC,,BUY_FROM_CUSTOMER,11,CLERIC,gauntlet,1,,,,,1670,3340,3340,4008,,,,,,SUCCESSFUL_PURCHASE,23.0,2.0,25.0,14,5976.0,4306.0,,8,8,100000.0,100000.0,False,3,22500.0
4,1,SELL_TO_SHOP,MAGE,,NONE,12,MAGE,grimoire,1,,,,,,1083,1083,,,,,,,INVENTORY_FULL,25.0,-2.0,23.0,14,4306.0,4306.0,,8,8,100000.0,100000.0,False,3,22500.0
4,1,SELL_TO_SHOP,CLERIC,,NONE,12,CLERIC,gauntlet,1,,,,,,2965,2965,,,,,,,INVENTORY_FULL,23.0,-2.0,21.0,14,4306.0,4306.0,,8,8,100000.0,100000.0,False,3,22500.0
4,1,BUY_FROM_SHOP,WARRIOR,one_handed_sword,SELL_TO_CUSTOMER,10,WARRIOR,one_handed_sword,1,89.315,1.0,True,VERY_HIGH_INTEREST,1458,1519,1519,1823,1747,1747,289,0.19821673525377229,0,BUYER_PURCHASES,21.0,2.0,23.0,15,4306.0,6053.0,0,7,8,100000.0,100000.0,False,3,22500.0
4,1,SELL_TO_SHOP,MAGE,,BUY_FROM_CUSTOMER,12,MAGE,staff,2,,,,,3102,3525,3525,4230,,,,,,SUCCESSFUL_PURCHASE,23.0,6.0,29.0,16,6053.0,2951.0,,8,8,100000.0,100000.0,False,3,22500.0
5,1,BUY_FROM_SHOP,ARCHER,crossbow,SELL_TO_CUSTOMER,4,ARCHER,bow,2,71.6425,1.0,False,HIGH_INTEREST,4914,5584,5584,6701,6366,6366,1452,0.2954822954822955,1,BUYER_PURCHASES,29.0,1.0,30.0,17,2951.0,9317.0,4,7,8,100000.0,100000.0,False,3,22500.0
5,1,SELL_TO_SHOP,CLERIC,,BUY_FROM_CUSTOMER,13,ARCHER,crossbow,1,,,,,1872,1950,1950,2340,,,,,,SUCCESSFUL_PURCHASE,30.0,8.0,38.0,18,9317.0,7445.0,,8,8,100000.0,100000.0,False,3,22500.0
5,1,BUY_FROM_SHOP,GUNNER,gun,SELL_TO_CUSTOMER,2,GUNNER,gun,1,74.35666666666667,1.0,True,HIGH_INTEREST,2391,2491,2491,2989,2616,2616,225,0.09410288582183186,1,BUYER_PURCHASES,38.0,1.0,39.0,19,7445.0,10061.0,4,7,8,100000.0,100000.0,False,3,22500.0
5,1,BUY_FROM_SHOP,ROGUE,throwing_weapon,NONE,7,ROGUE,throwing_weapon,2,61.88,0.5,True,MEDIUM_INTEREST,6556,6829,6829,8195,6829,,,,2,PRICE_NEGOTIATION_FAILURE,39.0,0.0,39.0,19,10061.0,10061.0,2,7,8,100000.0,100000.0,False,3,22500.0
5,1,BUY_FROM_SHOP,ROGUE,throwing_weapon,NONE,7,ROGUE,throwing_weapon,2,49.2475,0.25,True,LOW_INTEREST,6556,6829,6829,8195,6488,,,,3,PRICE_NEGOTIATION_FAILURE,39.0,0.0,39.0,19,10061.0,10061.0,2,7,8,100000.0,100000.0,False,3,22500.0
5,1,BUY_FROM_SHOP,CLERIC,gauntlet,SELL_TO_CUSTOMER,11,CLERIC,gauntlet,1,93.11333333333333,1.0,True,VERY_HIGH_INTEREST,1670,3340,3340,4008,4008,4008,2338,1.4,0,BUYER_PURCHASES,39.0,2.0,41.0,20,10061.0,14069.0,1,6,8,100000.0,100000.0,False,3,22500.0
5,1,SELL_TO_SHOP,GUNNER,,BUY_FROM_CUSTOMER,14,GUNNER,gun,2,,,,,3439,3908,3908,4690,,,,,,SUCCESSFUL_PURCHASE,41.0,6.0,47.0,21,14069.0,10630.0,,7,8,100000.0,100000.0,False,3,22500.0
6,1,BUY_FROM_SHOP,CLERIC,staff,SELL_TO_CUSTOMER,5,CLERIC,mace,1,78.2,1.0,False,HIGH_INTEREST,2036,2314,2314,2777,2545,2545,509,0.25,1,BUYER_PURCHASES,47.0,1.0,48.0,22,10630.0,13175.0,4,6,8,100000.0,100000.0,False,3,22500.0
6,1,SELL_TO_SHOP,CLERIC,,BUY_FROM_CUSTOMER,15,CLERIC,gauntlet,2,,,,,5073,5284,5284,6341,,,,,,SUCCESSFUL_PURCHASE,48.0,6.0,54.0,23,13175.0,8102.0,,7,8,100000.0,100000.0,False,3,22500.0
6,1,SELL_TO_SHOP,GUNNER,,BUY_FROM_CUSTOMER,16,GUNNER,heavy_weapon,1,,,,,1452,2903,2903,3484,,,,,,SUCCESSFUL_PURCHASE,54.0,4.0,58.0,24,8102.0,6650.0,,8,8,100000.0,100000.0,False,3,22500.0
6,1,SELL_TO_SHOP,GUNNER,,NONE,17,GUNNER,heavy_weapon,1,,,,,,1813,1813,,,,,,,INVENTORY_FULL,58.0,-2.0,56.0,24,6650.0,6650.0,,8,8,100000.0,100000.0,False,3,22500.0
6,1,BUY_FROM_SHOP,MAGE,wand,SELL_TO_CUSTOMER,8,MAGE,grimoire,2,58.615833333333335,0.5,False,MEDIUM_INTEREST,3817,4771,4771,5725,4771,4771,954,0.24993450353680902,2,BUYER_PURCHASES,56.0,0,56.0,25,6650.0,11421.0,3,7,8,100000.0,100000.0,False,3,22500.0
6,1,SELL_TO_SHOP,MAGE,,BUY_FROM_CUSTOMER,17,MAGE,grimoire,1,,,,,2293,2866,2866,3439,,,,,,SUCCESSFUL_PURCHASE,56.0,6.0,62.0,26,11421.0,9128.0,,8,8,100000.0,100000.0,False,3,22500.0
6,1,BUY_FROM_SHOP,MAGE,grimoire,SELL_TO_CUSTOMER,17,MAGE,grimoire,1,67.965,0.5,True,MEDIUM_INTEREST,2293,2866,2866,3439,3095,3095,802,0.3497601395551679,2,BUYER_PURCHASES,62.0,0,62.0,27,9128.0,12223.0,0,7,8,100000.0,100000.0,False,3,22500.0
7,1,SELL_TO_SHOP,WARRIOR,,NONE,18,WARRIOR,axe,1,,,,,,3074,3074,,,,,,,REJECTED_OVERPRICED,62.0,-2.0,60.0,27,12223.0,12223.0,,7,8,100000.0,100000.0,False,3,22500.0
7,1,BUY_FROM_SHOP,CLERIC,gauntlet,SELL_TO_CUSTOMER,15,CLERIC,gauntlet,2,69.87,0.5,True,MEDIUM_INTEREST,5073,5284,5284,6341,5548,5548,475,0.09363295880149813,2,BUYER_PURCHASES,60.0,0,60.0,28,12223.0,17771.0,1,6,8,100000.0,100000.0,False,3,22500.0
7,1,BUY_FROM_SHOP,ARCHER,bow,NONE,13,ARCHER,crossbow,1,51.550000000000004,0.5,False,LOW_INTEREST,1872,1950,1950,2340,1950,,,,3,PRICE_NEGOTIATION_FAILURE,60.0,0.0,60.0,28,17771.0,17771.0,2,6,8,100000.0,100000.0,False,3,22500.0
7,1,BUY_FROM_SHOP,ROGUE,dagger,SELL_TO_CUSTOMER,7,ROGUE,throwing_weapon,2,70.5475,1.0,False,HIGH_INTEREST,6556,6829,6829,8195,7170,7170,614,0.09365466748017083,1,BUYER_PURCHASES,60.0,1.0,61.0,29,17771.0,24941.0,4,5,8,100000.0,100000.0,False,3,22500.0
7,1,BUY_FROM_SHOP,MAGE,grimoire,SELL_TO_CUSTOMER,12,MAGE,staff,2,62.465833333333336,0.5,False,MEDIUM_INTEREST,3102,3525,3525,4230,3525,3525,423,0.13636363636363635,2,BUYER_PURCHASES,61.0,0,61.0,30,24941.0,28466.0,3,4,8,100000.0,100000.0,False,3,22500.0
7,1,SELL_TO_SHOP,CLERIC,,BUY_FROM_CUSTOMER,18,CLERIC,staff,4,,,,,10243,11640,11640,13968,,,,,,SUCCESSFUL_PURCHASE,61.0,6.0,67.0,31,28466.0,18223.0,,5,8,100000.0,100000.0,False,3,22500.0
7,1,BUY_FROM_SHOP,MAGE,staff,NONE,,,,,,,,,,,,,,,,,,NO_COMPATIBLE_ITEM,67.0,0.0,67.0,31,18223.0,18223.0,,5,8,100000.0,100000.0,False,3,22500.0
7,1,BUY_FROM_SHOP,ROGUE,dagger,NONE,,,,,,,,,,,,,,,,,,NO_COMPATIBLE_ITEM,67.0,0.0,67.0,31,18223.0,18223.0,,5,8,100000.0,100000.0,False,3,22500.0
8,2,SELL_TO_SHOP,MAGE,,NONE,19,MAGE,staff,1,,,,,,2548,2548,,,,,,,REJECTED_OVERPRICED,67.0,0.0,67.0,31,11223.0,11223.0,,5,8,95000.0,95000.0,False,3,22500.0
8,2,BUY_FROM_SHOP,WARRIOR,greatsword,NONE,,,,,,,,,,,,,,,,,,NO_COMPATIBLE_ITEM,67.0,0.0,67.0,31,11223.0,11223.0,,5,8,95000.0,95000.0,False,3,22500.0
8,2,BUY_FROM_SHOP,GUNNER,heavy_weapon,NONE,14,GUNNER,gun,2,69.095,1.0,False,MEDIUM_INTEREST,3439,3908,3258,3910,3258,,,,2,PRICE_NEGOTIATION_FAILURE,67.0,0.0,67.0,31,11223.0,11223.0,3,5,8,95000.0,95000.0,False,3,22500.0
8,2,SELL_TO_SHOP,WARRIOR,,BUY_FROM_CUSTOMER,19,WARRIOR,spear,1,,,,,1203,2187,2187,2624,,,,,,SUCCESSFUL_PURCHASE,67.0,6.0,73.0,32,11223.0,10020.0,,6,8,95000.0,95000.0,False,3,22500.0
8,2,BUY_FROM_SHOP,MAGE,wand,NONE,,,,,,,,,,,,,,,,,,NO_COMPATIBLE_ITEM,73.0,0.0,73.0,32,10020.0,10020.0,,6,8,95000.0,95000.0,False,3,22500.0
8,2,BUY_FROM_SHOP,ARCHER,crossbow,SELL_TO_CUSTOMER,13,ARCHER,crossbow,1,61.55,1.0,True,MEDIUM_INTEREST,1872,1950,2470,2964,2668,2668,796,0.4252136752136752,2,BUYER_PURCHASES,73.0,0,73.0,33,10020.0,12688.0,3,5,8,95000.0,95000.0,False,3,22500.0
8,2,BUY_FROM_SHOP,ARCHER,crossbow,NONE,,,,,,,,,,,,,,,,,,NO_COMPATIBLE_ITEM,73.0,0.0,73.0,33,12688.0,12688.0,,5,8,95000.0,95000.0,False,3,22500.0
9,2,BUY_FROM_SHOP,ROGUE,throwing_weapon,NONE,,,,,,,,,,,,,,,,,,NO_COMPATIBLE_ITEM,73.0,0.0,73.0,33,12688.0,12688.0,,5,8,95000.0,95000.0,False,3,22500.0
9,2,BUY_FROM_SHOP,ROGUE,throwing_weapon,NONE,,,,,,,,,,,,,,,,,,NO_COMPATIBLE_ITEM,73.0,0.0,73.0,33,12688.0,12688.0,,5,8,95000.0,95000.0,False,3,22500.0
9,2,SELL_TO_SHOP,GUNNER,,BUY_FROM_CUSTOMER,20,GUNNER,heavy_weapon,2,,,,,2096,2382,2382,2858,,,,,,SUCCESSFUL_PURCHASE,73.0,4.0,77.0,34,12688.0,10592.0,,6,8,95000.0,95000.0,False,3,22500.0
9,2,SELL_TO_SHOP,ARCHER,,BUY_FROM_CUSTOMER,21,ARCHER,bow,2,,,,,8276,8621,8621,10345,,,,,,SUCCESSFUL_PURCHASE,77.0,6.0,83.0,35,10592.0,2316.0,,7,8,95000.0,95000.0,False,3,22500.0
9,2,BUY_FROM_SHOP,ARCHER,bow,NONE,21,ARCHER,bow,2,67.335,0.5,True,MEDIUM_INTEREST,8276,8621,8621,10345,8621,,,,2,PRICE_NEGOTIATION_FAILURE,83.0,0.0,83.0,35,2316.0,2316.0,0,7,8,95000.0,95000.0,False,3,22500.0
9,2,BUY_FROM_SHOP,GUNNER,heavy_weapon,SELL_TO_CUSTOMER,16,GUNNER,heavy_weapon,1,80.745,1.0,True,HIGH_INTEREST,1452,2903,2653,3184,3025,3025,1573,1.0833333333333333,1,BUYER_PURCHASES,83.0,1.0,84.0,36,2316.0,5341.0,3,6,8,95000.0,95000.0,False,3,22500.0
9,2,SELL_TO_SHOP,CLERIC,,NONE,22,CLERIC,staff,4,,,,,,33488,33488,,,,,,,MISSED_PURCHASE_DUE_TO_CASH,84.0,0.0,84.0,36,5341.0,5341.0,,6,8,95000.0,95000.0,False,3,22500.0
10,2,SELL_TO_SHOP,CLERIC,,NONE,22,CLERIC,gauntlet,1,,,,,,3954,3954,,,,,,,REJECTED_OVERPRICED,84.0,0.0,84.0,36,5341.0,5341.0,,6,8,95000.0,95000.0,False,3,22500.0
10,2,SELL_TO_SHOP,ROGUE,,BUY_FROM_CUSTOMER,22,ROGUE,dagger,2,,,,,1136,2065,2065,2478,,,,,,SUCCESSFUL_PURCHASE,84.0,4.0,88.0,37,5341.0,4205.0,,7,8,95000.0,95000.0,False,3,22500.0
10,2,SELL_TO_SHOP,WARRIOR,,NONE,23,WARRIOR,axe,2,,,,,,1800,1800,,,,,,,REJECTED_OVERPRICED,88.0,0.0,88.0,37,4205.0,4205.0,,7,8,95000.0,95000.0,False,3,22500.0
10,2,SELL_TO_SHOP,ARCHER,,BUY_FROM_CUSTOMER,23,ARCHER,crossbow,2,,,,,1747,3176,3176,3811,,,,,,SUCCESSFUL_PURCHASE,88.0,6.0,94.0,38,4205.0,2458.0,,8,8,95000.0,95000.0,False,3,22500.0
10,2,BUY_FROM_SHOP,GUNNER,gun,NONE,9,GUNNER,gun,1,51.045,0.0,True,LOW_INTEREST,1180,2361,2111,2533,2005,,,,3,PRICE_NEGOTIATION_FAILURE,94.0,0.0,94.0,38,2458.0,2458.0,7,8,8,95000.0,95000.0,False,3,22500.0
10,2,BUY_FROM_SHOP,ARCHER,crossbow,NONE,21,ARCHER,bow,2,69.735,0.5,False,MEDIUM_INTEREST,8276,8621,8621,10345,8621,,,,2,PRICE_NEGOTIATION_FAILURE,94.0,0.0,94.0,38,2458.0,2458.0,1,8,8,95000.0,95000.0,False,3,22500.0
10,2,SELL_TO_SHOP,CLERIC,,NONE,24,CLERIC,mace,2,,,,,,2896,2896,,,,,,,INVENTORY_FULL,94.0,0.0,94.0,38,2458.0,2458.0,,8,8,95000.0,95000.0,False,3,22500.0
11,2,SELL_TO_SHOP,GUNNER,,NONE,24,CLERIC,staff,3,,,,,,15750,15750,,,,,,,INVENTORY_FULL,94.0,-2.0,92.0,38,2458.0,2458.0,,8,8,95000.0,95000.0,False,3,22500.0
11,2,BUY_FROM_SHOP,MAGE,staff,NONE,,,,,,,,,,,,,,,,,,NO_COMPATIBLE_ITEM,92.0,0.0,92.0,38,2458.0,2458.0,,8,8,95000.0,95000.0,False,3,22500.0
11,2,BUY_FROM_SHOP,WARRIOR,spear,SELL_TO_CUSTOMER,19,WARRIOR,spear,1,53.541666666666664,0.0,True,LOW_INTEREST,1203,2187,2187,2624,2230,2230,1027,0.8536990856192851,3,BUYER_PURCHASES,92.0,-1,91.0,39,2458.0,4688.0,3,7,8,95000.0,95000.0,False,3,22500.0
11,2,BUY_FROM_SHOP,WARRIOR,spear,NONE,,,,,,,,,,,,,,,,,,NO_COMPATIBLE_ITEM,91.0,0.0,91.0,39,4688.0,4688.0,,7,8,95000.0,95000.0,False,3,22500.0
11,2,BUY_FROM_SHOP,CLERIC,mace,SELL_TO_CUSTOMER,18,CLERIC,staff,4,65.51583333333333,1.0,False,MEDIUM_INTEREST,10243,11640,11640,13968,12222,12222,1979,0.19320511568876306,2,BUYER_PURCHASES,91.0,0,91.0,40,4688.0,16910.0,4,6,8,95000.0,95000.0,False,3,22500.0
11,2,SELL_TO_SHOP,WARRIOR,,BUY_FROM_CUSTOMER,24,WARRIOR,one_handed_sword,1,,,,,1972,1972,1972,2366,,,,,,SUCCESSFUL_PURCHASE,91.0,0,91.0,41,16910.0,14938.0,,7,8,95000.0,95000.0,False,3,22500.0
11,2,SELL_TO_SHOP,ARCHER,,NONE,25,ARCHER,crossbow,3,,,,,,19490,19490,,,,,,,REJECTED_SCAMMER,91.0,-5,86.0,41,14938.0,14938.0,,7,8,95000.0,95000.0,False,3,22500.0
12,2,SELL_TO_SHOP,ARCHER,,BUY_FROM_CUSTOMER,25,ARCHER,crossbow,1,,,,,1692,1763,1763,2116,,,,,,SUCCESSFUL_PURCHASE,86.0,4.0,90.0,42,14938.0,13246.0,,8,8,95000.0,95000.0,False,3,22500.0
12,2,BUY_FROM_SHOP,CLERIC,staff,NONE,,,,,,,,,,,,,,,,,,NO_COMPATIBLE_ITEM,90.0,0.0,90.0,42,13246.0,13246.0,,8,8,95000.0,95000.0,False,3,22500.0
12,2,SELL_TO_SHOP,CLERIC,,NONE,26,CLERIC,staff,2,,,,,,2192,2192,,,,,,,INVENTORY_FULL,90.0,0.0,90.0,42,13246.0,13246.0,,8,8,95000.0,95000.0,False,3,22500.0
12,2,SELL_TO_SHOP,GUNNER,,NONE,26,GUNNER,gun,1,,,,,,1182,1182,,,,,,,INVENTORY_FULL,90.0,0.0,90.0,42,13246.0,13246.0,,8,8,95000.0,95000.0,False,3,22500.0
12,2,SELL_TO_SHOP,WARRIOR,,NONE,26,WARRIOR,spear,1,,,,,,6773,6773,,,,,,,INVENTORY_FULL,90.0,-2.0,88.0,42,13246.0,13246.0,,8,8,95000.0,95000.0,False,3,22500.0
12,2,BUY_FROM_SHOP,MAGE,grimoire,NONE,,,,,,,,,,,,,,,,,,NO_COMPATIBLE_ITEM,88.0,0.0,88.0,42,13246.0,13246.0,,8,8,95000.0,95000.0,False,3,22500.0
12,2,BUY_FROM_SHOP,ROGUE,dagger,SELL_TO_CUSTOMER,22,ROGUE,dagger,2,79.64,1.0,True,HIGH_INTEREST,1136,2065,2065,2478,2168,2168,1032,0.9084507042253521,1,BUYER_PURCHASES,88.0,1.0,89.0,43,13246.0,15414.0,2,7,8,95000.0,95000.0,False,3,22500.0
12,2,SELL_TO_SHOP,ROGUE,,BUY_FROM_CUSTOMER,26,ROGUE,throwing_weapon,1,,,,,937,1065,1065,1278,,,,,,SUCCESSFUL_PURCHASE,89.0,6.0,95.0,44,15414.0,14477.0,,8,8,95000.0,95000.0,False,3,22500.0
13,2,SELL_TO_SHOP,WARRIOR,,BUY_FROM_CUSTOMER,27,WARRIOR,spear,1,,,,,1122,1402,1402,1682,,,,,,SUCCESSFUL_PURCHASE,95.0,6.0,101.0,45,14477.0,855.0,,9,9,95000.0,95000.0,False,4,35000.0
13,2,SELL_TO_SHOP,GUNNER,,NONE,28,GUNNER,gun,4,,,,,,14340,14340,,,,,,,INVENTORY_FULL,101.0,-2.0,99.0,45,855.0,855.0,,9,9,95000.0,95000.0,False,4,35000.0
13,2,BUY_FROM_SHOP,CLERIC,gauntlet,NONE,,,,,,,,,,,,,,,,,,NO_COMPATIBLE_ITEM,99.0,0.0,99.0,45,855.0,855.0,,9,9,95000.0,95000.0,False,4,35000.0
13,2,BUY_FROM_SHOP,GUNNER,heavy_weapon,SELL_TO_CUSTOMER,9,GUNNER,gun,1,75.54,1.0,False,HIGH_INTEREST,1180,2361,2111,2533,2217,2217,1037,0.8788135593220339,1,BUYER_PURCHASES,99.0,1.0,100.0,46,855.0,3072.0,10,8,9,95000.0,95000.0,False,4,35000.0
13,2,BUY_FROM_SHOP,GUNNER,heavy_weapon,SELL_TO_CUSTOMER,20,GUNNER,heavy_weapon,2,67.145,1.0,True,MEDIUM_INTEREST,2096,2382,2382,2858,2501,2501,405,0.19322519083969467,2,BUYER_PURCHASES,100.0,0,100.0,47,3072.0,5573.0,4,7,9,95000.0,95000.0,False,4,35000.0
13,2,SELL_TO_SHOP,CLERIC,,BUY_FROM_CUSTOMER,28,CLERIC,mace,3,,,,,5049,5738,5738,6886,,,,,,SUCCESSFUL_PURCHASE,100.0,6.0,106.0,48,5573.0,524.0,,8,9,95000.0,95000.0,False,4,35000.0
13,2,SELL_TO_SHOP,CLERIC,,NONE,29,CLERIC,mace,1,,,,,,1348,1348,,,,,,,REJECTED_OVERPRICED,106.0,0.0,106.0,48,524.0,524.0,,8,9,95000.0,95000.0,False,4,35000.0
14,2,BUY_FROM_SHOP,ARCHER,bow,NONE,21,ARCHER,bow,2,60.5,0.25,True,MEDIUM_INTEREST,8276,8621,8621,10345,8621,,,,2,PRICE_NEGOTIATION_FAILURE,106.0,0.0,106.0,48,524.0,524.0,5,8,9,95000.0,95000.0,False,4,35000.0
14,2,BUY_FROM_SHOP,MAGE,grimoire,NONE,,,,,,,,,,,,,,,,,,NO_COMPATIBLE_ITEM,106.0,0.0,106.0,48,524.0,524.0,,8,9,95000.0,95000.0,False,4,35000.0
14,2,SELL_TO_SHOP,CLERIC,,NONE,29,CLERIC,mace,1,,,,,,2685,2685,,,,,,,MISSED_PURCHASE_DUE_TO_CASH,106.0,-2.0,104.0,48,524.0,524.0,,8,9,95000.0,95000.0,False,4,35000.0
14,2,BUY_FROM_SHOP,ARCHER,bow,SELL_TO_CUSTOMER,21,ARCHER,bow,2,73.2675,0.5,True,HIGH_INTEREST,8276,8621,8621,10345,9483,9483,1207,0.1458434026099565,1,BUYER_PURCHASES,104.0,0.75,104.75,49,524.0,10007.0,5,7,9,95000.0,95000.0,False,4,35000.0
14,2,SELL_TO_SHOP,CLERIC,,BUY_FROM_CUSTOMER,29,CLERIC,gauntlet,1,,,,,2043,3715,3715,4458,,,,,,SUCCESSFUL_PURCHASE,104.75,3.0,107.75,50,10007.0,7964.0,,8,9,95000.0,95000.0,False,4,35000.0
14,2,SELL_TO_SHOP,ARCHER,,BUY_FROM_CUSTOMER,30,ARCHER,crossbow,1,,,,,1803,3279,3279,3935,,,,,,SUCCESSFUL_PURCHASE,107.75,4.5,112.25,51,7964.0,6161.0,,9,9,95000.0,95000.0,False,4,35000.0
14,2,SELL_TO_SHOP,GUNNER,,NONE,31,GUNNER,heavy_weapon,4,,,,,,14160,14160,,,,,,,INVENTORY_FULL,112.25,0.0,112.25,51,6161.0,6161.0,,9,9,95000.0,95000.0,False,4,35000.0
15,3,SELL_TO_SHOP,GUNNER,,NONE,31,GUNNER,heavy_weapon,1,,,,,,1867,1867,,,,,,,INVENTORY_FULL,112.25,-2.0,110.25,51,-2839.0,-2839.0,,9,9,90000.0,90000.0,True,4,35000.0
15,3,SELL_TO_SHOP,GUNNER,,NONE,31,GUNNER,gun,3,,,,,,11748,11748,,,,,,,INVENTORY_FULL,110.25,-2.0,108.25,51,-2839.0,-2839.0,,9,9,90000.0,90000.0,True,4,35000.0
15,3,BUY_FROM_SHOP,ARCHER,bow,SELL_TO_CUSTOMER,30,ARCHER,crossbow,1,84.2925,1.0,False,HIGH_INTEREST,1803,3279,3279,3935,3738,3738,1935,1.0732113144758735,1,BUYER_PURCHASES,108.25,0.75,109.0,52,-2839.0,899.0,1,8,9,90000.0,90000.0,False,4,35000.0
15,3,SELL_TO_SHOP,CLERIC,,NONE,31,CLERIC,staff,1,,,,,,6990,6990,,,,,,,MISSED_PURCHASE_DUE_TO_CASH,109.0,-2.0,107.0,52,899.0,899.0,,8,9,90000.0,90000.0,False,4,35000.0
15,3,SELL_TO_SHOP,MAGE,,BUY_FROM_CUSTOMER,31,MAGE,wand,2,,,,,722,820,820,984,,,,,,SUCCESSFUL_PURCHASE,107.0,4.5,111.5,53,899.0,177.0,,9,9,90000.0,90000.0,False,4,35000.0
15,3,BUY_FROM_SHOP,CLERIC,gauntlet,SELL_TO_CUSTOMER,28,CLERIC,mace,3,71.645,1.0,False,HIGH_INTEREST,5049,5738,5738,6886,6312,6312,1263,0.2501485442661913,1,BUYER_PURCHASES,111.5,0.75,112.25,54,177.0,6489.0,2,8,9,90000.0,90000.0,False,4,35000.0
15,3,SELL_TO_SHOP,ROGUE,,NONE,32,ROGUE,dagger,2,,,,,,2934,2934,,,,,,,REJECTED_OVERPRICED,112.25,0.0,112.25,54,6489.0,6489.0,,8,9,90000.0,90000.0,False,4,35000.0
16,3,BUY_FROM_SHOP,WARRIOR,axe,NONE,24,WARRIOR,one_handed_sword,1,69.67,0.5,False,MEDIUM_INTEREST,1972,1972,1652,1982,1735,,,,2,PRICE_NEGOTIATION_FAILURE,112.25,0.0,112.25,54,6489.0,6489.0,5,8,9,90000.0,90000.0,False,4,35000.0
16,3,SELL_TO_SHOP,ROGUE,,NONE,32,ROGUE,throwing_weapon,3,,,,,,12185,12185,,,,,,,MISSED_PURCHASE_DUE_TO_CASH,112.25,0.0,112.25,54,6489.0,6489.0,,8,9,90000.0,90000.0,False,4,35000.0
16,3,BUY_FROM_SHOP,MAGE,staff,SELL_TO_CUSTOMER,31,MAGE,wand,2,41.31,0.25,False,LOW_INTEREST,722,820,820,984,836,836,114,0.15789473684210525,3,BUYER_PURCHASES,112.25,-1,111.25,55,6489.0,7325.0,1,7,9,90000.0,90000.0,False,4,35000.0
16,3,BUY_FROM_SHOP,CLERIC,mace,SELL_TO_CUSTOMER,29,CLERIC,gauntlet,1,77.1675,0.5,False,HIGH_INTEREST,2043,3715,3715,4458,4235,4235,2192,1.0729319627998042,1,BUYER_PURCHASES,111.25,0.75,112.0,56,7325.0,11560.0,2,6,9,90000.0,90000.0,False,4,35000.0
16,3,SELL_TO_SHOP,ROGUE,,BUY_FROM_CUSTOMER,32,ROGUE,dagger,1,,,,,4641,4834,4834,5801,,,,,,SUCCESSFUL_PURCHASE,112.0,4.5,116.5,57,11560.0,6919.0,,7,9,90000.0,90000.0,False,4,35000.0
16,3,BUY_FROM_SHOP,CLERIC,staff,NONE,,,,,,,,,,,,,,,,,,NO_COMPATIBLE_ITEM,116.5,0.0,116.5,57,6919.0,6919.0,,7,9,90000.0,90000.0,False,4,35000.0
16,3,SELL_TO_SHOP,ROGUE,,BUY_FROM_CUSTOMER,33,ROGUE,throwing_weapon,1,,,,,1144,2288,2288,2746,,,,,,SUCCESSFUL_PURCHASE,116.5,1.5,118.0,58,6919.0,5775.0,,8,9,90000.0,90000.0,False,4,35000.0
16,3,SELL_TO_SHOP,GUNNER,,BUY_FROM_CUSTOMER,34,GUNNER,gun,3,,,,,5247,9540,9540,11448,,,,,,SUCCESSFUL_PURCHASE,118.0,4.5,122.5,59,5775.0,528.0,,9,9,90000.0,90000.0,False,4,35000.0
17,3,BUY_FROM_SHOP,CLERIC,gauntlet,NONE,,,,,,,,,,,,,,,,,,NO_COMPATIBLE_ITEM,122.5,0.0,122.5,59,528.0,528.0,,9,9,90000.0,90000.0,False,4,35000.0
17,3,BUY_FROM_SHOP,ARCHER,bow,SELL_TO_CUSTOMER,25,ARCHER,crossbow,1,63.47,1.0,False,MEDIUM_INTEREST,1692,1763,1763,2116,1904,1904,212,0.12529550827423167,2,BUYER_PURCHASES,122.5,0,122.5,60,528.0,2432.0,5,8,9,90000.0,90000.0,False,4,35000.0
17,3,SELL_TO_SHOP,WARRIOR,,NONE,35,WARRIOR,greatsword,1,,,,,,7544,7544,,,,,,,MISSED_PURCHASE_DUE_TO_CASH,122.5,-2.0,120.5,60,2432.0,2432.0,,8,9,90000.0,90000.0,False,4,35000.0
17,3,SELL_TO_SHOP,CLERIC,,NONE,35,CLERIC,staff,3,,,,,,5360,5360,,,,,,,MISSED_PURCHASE_DUE_TO_CASH,120.5,0.0,120.5,60,2432.0,2432.0,,8,9,90000.0,90000.0,False,4,35000.0
17,3,BUY_FROM_SHOP,CLERIC,mace,NONE,,,,,,,,,,,,,,,,,,NO_COMPATIBLE_ITEM,120.5,0.0,120.5,60,2432.0,2432.0,,8,9,90000.0,90000.0,False,4,35000.0
17,3,BUY_FROM_SHOP,GUNNER,gun,NONE,14,GUNNER,gun,2,47.7475,0.5,True,LOW_INTEREST,3439,3908,4298,5158,4083,,,,3,PRICE_NEGOTIATION_FAILURE,120.5,0.0,120.5,60,2432.0,2432.0,12,8,9,90000.0,90000.0,False,4,35000.0
17,3,BUY_FROM_SHOP,GUNNER,heavy_weapon,SELL_TO_CUSTOMER,34,GUNNER,gun,3,73.31,1.0,False,HIGH_INTEREST,5247,9540,9540,11448,10017,10017,4770,0.9090909090909091,1,BUYER_PURCHASES,120.5,0.75,121.25,61,2432.0,12449.0,1,7,9,90000.0,90000.0,False,4,35000.0
18,3,SELL_TO_SHOP,ARCHER,,NONE,35,GUNNER,heavy_weapon,2,,,,,,8100,8100,,,,,,,REJECTED_OVERPRICED,121.25,-2.0,119.25,61,12449.0,12449.0,,7,9,90000.0,90000.0,False,4,35000.0
18,3,SELL_TO_SHOP,GUNNER,,NONE,35,GUNNER,gun,1,,,,,,3111,3111,,,,,,,REJECTED_OVERPRICED,119.25,-2.0,117.25,61,12449.0,12449.0,,7,9,90000.0,90000.0,False,4,35000.0
18,3,BUY_FROM_SHOP,WARRIOR,spear,NONE,24,WARRIOR,one_handed_sword,1,74.6,1.0,False,HIGH_INTEREST,1972,1972,1652,1982,1883,,,,1,PRICE_NEGOTIATION_FAILURE,117.25,0.0,117.25,61,12449.0,12449.0,7,7,9,90000.0,90000.0,False,4,35000.0
18,3,BUY_FROM_SHOP,GUNNER,heavy_weapon,SELL_TO_CUSTOMER,14,GUNNER,gun,2,61.545,0.5,False,MEDIUM_INTEREST,3439,3908,4298,5158,4298,4298,859,0.24978191334690317,2,BUYER_PURCHASES,117.25,0,117.25,62,12449.0,16747.0,13,6,9,90000.0,90000.0,False,4,35000.0
18,3,SELL_TO_SHOP,GUNNER,,BUY_FROM_CUSTOMER,35,GUNNER,gun,1,,,,,5038,5248,5248,6298,,,,,,SUCCESSFUL_PURCHASE,117.25,4.5,121.75,63,16747.0,11709.0,,7,9,90000.0,90000.0,False,4,35000.0
18,3,BUY_FROM_SHOP,ARCHER,crossbow,SELL_TO_CUSTOMER,23,ARCHER,crossbow,2,79.19,1.0,True,HIGH_INTEREST,1747,3176,3176,3811,3335,3335,1588,0.9089868345735547,1,BUYER_PURCHASES,121.75,0.75,122.5,64,11709.0,15044.0,8,6,9,90000.0,90000.0,False,4,35000.0
18,3,BUY_FROM_SHOP,ROGUE,dagger,NONE,32,ROGUE,dagger,1,59.3,0.0,True,MEDIUM_INTEREST,4641,4834,4834,5801,4834,,,,2,PRICE_NEGOTIATION_FAILURE,122.5,0.0,122.5,64,15044.0,15044.0,2,6,9,90000.0,90000.0,False,4,35000.0
19,3,SELL_TO_SHOP,ROGUE,,NONE,36,ROGUE,throwing_weapon,3,,,,,,17490,17490,,,,,,,REJECTED_OVERPRICED,122.5,0.0,122.5,64,15044.0,15044.0,,6,9,90000.0,90000.0,False,4,35000.0
19,3,SELL_TO_SHOP,ROGUE,,BUY_FROM_CUSTOMER,36,WARRIOR,one_handed_sword,1,,,,,1665,2775,2775,3330,,,,,,SUCCESSFUL_PURCHASE,122.5,3.0,125.5,65,15044.0,13379.0,,7,9,90000.0,90000.0,False,4,35000.0
19,3,SELL_TO_SHOP,CLERIC,,BUY_FROM_CUSTOMER,37,ROGUE,throwing_weapon,1,,,,,1495,1495,1495,1794,,,,,,SUCCESSFUL_PURCHASE,125.5,1.5,127.0,66,13379.0,11884.0,,8,9,90000.0,90000.0,False,4,35000.0
19,3,BUY_FROM_SHOP,WARRIOR,spear,NONE,24,WARRIOR,one_handed_sword,1,79.2675,1.0,False,HIGH_INTEREST,1972,1972,1652,1982,1735,,,,1,PRICE_NEGOTIATION_FAILURE,127.0,0.0,127.0,66,11884.0,11884.0,8,8,9,90000.0,90000.0,False,4,35000.0
19,3,BUY_FROM_SHOP,WARRIOR,greatsword,NONE,24,WARRIOR,one_handed_sword,1,81.4,1.0,False,HIGH_INTEREST,1972,1972,1652,1982,1883,,,,1,PRICE_NEGOTIATION_FAILURE,127.0,0.0,127.0,66,11884.0,11884.0,8,8,9,90000.0,90000.0,False,4,35000.0
19,3,SELL_TO_SHOP,ROGUE,,BUY_FROM_CUSTOMER,38,ARCHER,crossbow,2,,,,,1650,3000,3000,3600,,,,,,SUCCESSFUL_PURCHASE,127.0,4.5,131.5,67,11884.0,10234.0,,9,9,90000.0,90000.0,False,4,35000.0
19,3,SELL_TO_SHOP,CLERIC,,NONE,39,CLERIC,staff,1,,,,,,6008,6008,,,,,,,INVENTORY_FULL,131.5,0.0,131.5,67,10234.0,10234.0,,9,9,90000.0,90000.0,False,4,35000.0
20,3,BUY_FROM_SHOP,WARRIOR,axe,NONE,24,WARRIOR,one_handed_sword,1,65.8675,1.0,False,MEDIUM_INTEREST,1972,1972,1652,1982,1784,,,,2,PRICE_NEGOTIATION_FAILURE,131.5,0.0,131.5,67,10234.0,10234.0,9,9,9,90000.0,90000.0,False,4,35000.0
20,3,BUY_FROM_SHOP,ARCHER,crossbow,NONE,,,,,38.75,0.25,True,,,,,,,,,,,NO_INTEREST,131.5,0.0,131.5,67,10234.0,10234.0,,9,9,90000.0,90000.0,False,4,35000.0
20,3,SELL_TO_SHOP,MAGE,,NONE,39,MAGE,wand,2,,,,,,2165,2165,,,,,,,REJECTED_OVERPRICED,131.5,0.0,131.5,67,10234.0,10234.0,,9,9,90000.0,90000.0,False,4,35000.0
20,3,SELL_TO_SHOP,GUNNER,,NONE,39,ARCHER,bow,3,,,,,,15925,15925,,,,,,,INVENTORY_FULL,131.5,0.0,131.5,67,10234.0,10234.0,,9,9,90000.0,90000.0,False,4,35000.0
20,3,SELL_TO_SHOP,WARRIOR,,NONE,39,WARRIOR,one_handed_sword,1,,,,,,3582,3582,,,,,,,INVENTORY_FULL,131.5,-2.0,129.5,67,10234.0,10234.0,,9,9,90000.0,90000.0,False,4,35000.0
20,3,BUY_FROM_SHOP,GUNNER,gun,SELL_TO_CUSTOMER,35,GUNNER,gun,1,84.61333333333333,1.0,True,HIGH_INTEREST,5038,5248,5248,6298,5510,5510,472,0.09368797141722907,1,BUYER_PURCHASES,129.5,0.75,130.25,68,10234.0,15744.0,2,8,9,90000.0,90000.0,False,4,35000.0
20,3,SELL_TO_SHOP,GUNNER,,NONE,39,GUNNER,heavy_weapon,1,,,,,,6922,6922,,,,,,,REJECTED_OVERPRICED,130.25,-2.0,128.25,68,15744.0,15744.0,,8,9,90000.0,90000.0,False,4,35000.0
21,3,BUY_FROM_SHOP,WARRIOR,spear,NONE,24,WARRIOR,one_handed_sword,1,76.4,1.0,False,HIGH_INTEREST,1972,1972,1652,1982,1883,,,,1,PRICE_NEGOTIATION_FAILURE,128.25,0.0,128.25,68,15744.0,15744.0,10,8,9,90000.0,90000.0,False,4,35000.0
21,3,SELL_TO_SHOP,GUNNER,,BUY_FROM_CUSTOMER,39,GUNNER,gun,1,,,,,2857,5194,5194,6233,,,,,,SUCCESSFUL_PURCHASE,128.25,4.5,132.75,69,15744.0,12887.0,,9,9,90000.0,90000.0,False,4,35000.0
21,3,BUY_FROM_SHOP,MAGE,staff,NONE,,,,,,,,,,,,,,,,,,NO_COMPATIBLE_ITEM,132.75,0.0,132.75,69,12887.0,12887.0,,9,9,90000.0,90000.0,False,4,35000.0
21,3,SELL_TO_SHOP,MAGE,,NONE,40,MAGE,wand,1,,,,,,5288,5288,,,,,,,REJECTED_OVERPRICED,132.75,-2.0,130.75,69,12887.0,12887.0,,9,9,90000.0,90000.0,False,4,35000.0
21,3,SELL_TO_SHOP,ARCHER,,NONE,40,ARCHER,crossbow,1,,,,,,2398,2398,,,,,,,INVENTORY_FULL,130.75,-2.0,128.75,69,12887.0,12887.0,,9,9,90000.0,90000.0,False,4,35000.0
21,3,SELL_TO_SHOP,ARCHER,,NONE,40,ARCHER,bow,1,,,,,,4260,4260,,,,,,,INVENTORY_FULL,128.75,0.0,128.75,69,12887.0,12887.0,,9,9,90000.0,90000.0,False,4,35000.0
21,3,BUY_FROM_SHOP,ARCHER,bow,SELL_TO_CUSTOMER,38,ARCHER,crossbow,2,46.55,0.5,False,LOW_INTEREST,1650,3000,3000,3600,3060,3060,1410,0.8545454545454545,3,BUYER_PURCHASES,128.75,-1,127.75,70,12887.0,15947.0,2,8,9,90000.0,90000.0,False,4,35000.0
22,4,BUY_FROM_SHOP,CLERIC,staff,NONE,,,,,,,,,,,,,,,,,,NO_COMPATIBLE_ITEM,127.75,0.0,127.75,70,4947.0,4947.0,,8,9,85000.0,85000.0,False,4,35000.0
22,4,BUY_FROM_SHOP,WARRIOR,one_handed_sword,NONE,24,WARRIOR,one_handed_sword,1,87.3675,1.0,True,VERY_HIGH_INTEREST,1972,1972,1452,1742,1742,,,,0,PRICE_NEGOTIATION_FAILURE,127.75,0.0,127.75,70,4947.0,4947.0,11,8,9,85000.0,85000.0,False,4,35000.0
22,4,SELL_TO_SHOP,ROGUE,,NONE,40,ROGUE,dagger,4,,,,,,56100,56100,,,,,,,REJECTED_SCAMMER,127.75,-5,122.75,70,4947.0,4947.0,,8,9,85000.0,85000.0,False,4,35000.0
22,4,BUY_FROM_SHOP,WARRIOR,spear,NONE,24,WARRIOR,one_handed_sword,1,77.235,1.0,False,HIGH_INTEREST,1972,1972,1452,1742,1597,,,,1,PRICE_NEGOTIATION_FAILURE,122.75,0.0,122.75,70,4947.0,4947.0,11,8,9,85000.0,85000.0,False,4,35000.0
22,4,BUY_FROM_SHOP,ARCHER,crossbow,NONE,,,,,,,,,,,,,,,,,,NO_COMPATIBLE_ITEM,122.75,0.0,122.75,70,4947.0,4947.0,,8,9,85000.0,85000.0,False,4,35000.0
22,4,BUY_FROM_SHOP,WARRIOR,axe,NONE,24,WARRIOR,one_handed_sword,1,41.635,0.0,False,LOW_INTEREST,1972,1972,1452,1742,1481,,,,3,PRICE_NEGOTIATION_FAILURE,122.75,0.0,122.75,70,4947.0,4947.0,11,8,9,85000.0,85000.0,False,4,35000.0
22,4,BUY_FROM_SHOP,CLERIC,gauntlet,NONE,,,,,,,,,,,,,,,,,,NO_COMPATIBLE_ITEM,122.75,0.0,122.75,70,4947.0,4947.0,,8,9,85000.0,85000.0,False,4,35000.0
22,4,SELL_TO_SHOP,CLERIC,,NONE,40,CLERIC,gauntlet,3,,,,,,10522,10522,,,,,,,MISSED_PURCHASE_DUE_TO_CASH,122.75,-2.0,120.75,70,4947.0,4947.0,,8,9,85000.0,85000.0,False,4,35000.0
23,4,BUY_FROM_SHOP,MAGE,grimoire,NONE,,,,,,,,,,,,,,,,,,NO_COMPATIBLE_ITEM,120.75,0.0,120.75,70,4947.0,4947.0,,8,9,85000.0,85000.0,False,4,35000.0
23,4,BUY_FROM_SHOP,ROGUE,dagger,SELL_TO_CUSTOMER,32,ROGUE,dagger,1,69.1675,0.5,True,MEDIUM_INTEREST,4641,4834,4714,5657,4950,4950,309,0.06658047834518423,2,BUYER_PURCHASES,120.75,0,120.75,71,4947.0,9897.0,7,7,9,85000.0,85000.0,False,4,35000.0
23,4,BUY_FROM_SHOP,MAGE,grimoire,NONE,,,,,,,,,,,,,,,,,,NO_COMPATIBLE_ITEM,120.75,0.0,120.75,71,9897.0,9897.0,,7,9,85000.0,85000.0,False,4,35000.0
23,4,SELL_TO_SHOP,ARCHER,,BUY_FROM_CUSTOMER,40,MAGE,wand,3,,,,,6825,6825,6825,8190,,,,,,SUCCESSFUL_PURCHASE,120.75,3.0,123.75,72,9897.0,3072.0,,8,9,85000.0,85000.0,False,4,35000.0
23,4,BUY_FROM_SHOP,CLERIC,gauntlet,NONE,,,,,,,,,,,,,,,,,,NO_COMPATIBLE_ITEM,123.75,0.0,123.75,72,3072.0,3072.0,,8,9,85000.0,85000.0,False,4,35000.0
23,4,SELL_TO_SHOP,GUNNER,,NONE,41,GUNNER,heavy_weapon,1,,,,,,1147,1147,,,,,,,REJECTED_OVERPRICED,123.75,-2.0,121.75,72,3072.0,3072.0,,8,9,85000.0,85000.0,False,4,35000.0
23,4,BUY_FROM_SHOP,GUNNER,gun,SELL_TO_CUSTOMER,39,GUNNER,gun,1,65.07,0.0,True,MEDIUM_INTEREST,2857,5194,5314,6377,5580,5580,2723,0.9530976548827441,2,BUYER_PURCHASES,121.75,0,121.75,73,3072.0,8652.0,2,7,9,85000.0,85000.0,False,4,35000.0
23,4,BUY_FROM_SHOP,MAGE,grimoire,NONE,,,,,31.35,0.0,False,,,,,,,,,,,NO_INTEREST,121.75,0.0,121.75,73,8652.0,8652.0,,7,9,85000.0,85000.0,False,4,35000.0
24,4,BUY_FROM_SHOP,CLERIC,gauntlet,NONE,,,,,,,,,,,,,,,,,,NO_COMPATIBLE_ITEM,121.75,0.0,121.75,73,8652.0,8652.0,,7,9,85000.0,85000.0,False,4,35000.0
24,4,BUY_FROM_SHOP,ARCHER,bow,NONE,,,,,,,,,,,,,,,,,,NO_COMPATIBLE_ITEM,121.75,0.0,121.75,73,8652.0,8652.0,,7,9,85000.0,85000.0,False,4,35000.0
24,4,BUY_FROM_SHOP,MAGE,grimoire,SELL_TO_CUSTOMER,40,MAGE,wand,3,70.05,1.0,False,HIGH_INTEREST,6825,6825,6825,8190,7780,7780,955,0.13992673992673993,1,BUYER_PURCHASES,121.75,0.75,122.5,74,8652.0,16432.0,1,6,9,85000.0,85000.0,False,4,35000.0
24,4,SELL_TO_SHOP,WARRIOR,,BUY_FROM_CUSTOMER,41,WARRIOR,axe,2,,,,,955,1592,1592,1910,,,,,,SUCCESSFUL_PURCHASE,122.5,4.5,127.0,75,16432.0,15477.0,,7,9,85000.0,85000.0,False,4,35000.0
24,4,BUY_FROM_SHOP,GUNNER,heavy_weapon,NONE,,,,,,,,,,,,,,,,,,NO_COMPATIBLE_ITEM,127.0,0.0,127.0,75,15477.0,15477.0,,7,9,85000.0,85000.0,False,4,35000.0
24,4,BUY_FROM_SHOP,GUNNER,heavy_weapon,NONE,,,,,,,,,,,,,,,,,,NO_COMPATIBLE_ITEM,127.0,0.0,127.0,75,15477.0,15477.0,,7,9,85000.0,85000.0,False,4,35000.0
24,4,BUY_FROM_SHOP,GUNNER,heavy_weapon,NONE,,,,,,,,,,,,,,,,,,NO_COMPATIBLE_ITEM,127.0,0.0,127.0,75,15477.0,15477.0,,7,9,85000.0,85000.0,False,4,35000.0
24,4,SELL_TO_SHOP,ARCHER,,BUY_FROM_CUSTOMER,42,WARRIOR,spear,1,,,,,1584,1800,1800,2160,,,,,,SUCCESSFUL_PURCHASE,127.0,4.5,131.5,76,15477.0,13893.0,,8,9,85000.0,85000.0,False,4,35000.0
25,4,BUY_FROM_SHOP,ROGUE,dagger,SELL_TO_CUSTOMER,33,ROGUE,throwing_weapon,1,79.8475,1.0,False,HIGH_INTEREST,1144,2288,2189,2627,2408,2408,1264,1.1048951048951048,1,BUYER_PURCHASES,131.5,0.75,132.25,77,13893.0,16301.0,9,7,9,85000.0,85000.0,False,4,35000.0
25,4,BUY_FROM_SHOP,ROGUE,dagger,SELL_TO_CUSTOMER,26,ROGUE,throwing_weapon,1,70.41583333333334,1.0,False,HIGH_INTEREST,937,1065,1005,1206,1146,1146,209,0.22305229455709713,1,BUYER_PURCHASES,132.25,0.75,133.0,78,16301.0,17447.0,13,6,9,85000.0,85000.0,False,4,35000.0
25,4,SELL_TO_SHOP,CLERIC,,BUY_FROM_CUSTOMER,43,CLERIC,staff,2,,,,,3620,3620,3620,4344,,,,,,SUCCESSFUL_PURCHASE,133.0,1.5,134.5,79,17447.0,13827.0,,7,9,85000.0,85000.0,False,4,35000.0
25,4,SELL_TO_SHOP,CLERIC,,NONE,44,CLERIC,staff,1,,,,,,224,224,,,,,,,REJECTED_OVERPRICED,134.5,-2.0,132.5,79,13827.0,13827.0,,7,9,85000.0,85000.0,False,4,35000.0
25,4,BUY_FROM_SHOP,MAGE,wand,NONE,,,,,,,,,,,,,,,,,,NO_COMPATIBLE_ITEM,132.5,0.0,132.5,79,13827.0,13827.0,,7,9,85000.0,85000.0,False,4,35000.0
25,4,BUY_FROM_SHOP,WARRIOR,greatsword,NONE,24,WARRIOR,one_handed_sword,1,83.535,1.0,False,HIGH_INTEREST,1972,1972,1452,1742,1597,,,,1,PRICE_NEGOTIATION_FAILURE,132.5,0.0,132.5,79,13827.0,13827.0,14,7,9,85000.0,85000.0,False,4,35000.0
26,4,BUY_FROM_SHOP,CLERIC,staff,SELL_TO_CUSTOMER,43,CLERIC,staff,2,80.78,1.0,True,HIGH_INTEREST,3620,3620,3620,4344,4127,4127,507,0.14005524861878452,1,BUYER_PURCHASES,132.5,0.75,133.25,80,13827.0,17954.0,1,6,9,85000.0,85000.0,False,4,35000.0
26,4,SELL_TO_SHOP,ARCHER,,NONE,44,ARCHER,bow,4,,,,,,47444,47444,,,,,,,REJECTED_OVERPRICED,133.25,-2.0,131.25,80,17954.0,17954.0,,6,9,85000.0,85000.0,False,4,35000.0
26,4,BUY_FROM_SHOP,GUNNER,heavy_weapon,NONE,,,,,,,,,,,,,,,,,,NO_COMPATIBLE_ITEM,131.25,0.0,131.25,80,17954.0,17954.0,,6,9,85000.0,85000.0,False,4,35000.0
26,4,SELL_TO_SHOP,CLERIC,,NONE,44,ARCHER,bow,1,,,,,,1760,1760,,,,,,,REJECTED_OVERPRICED,131.25,-2.0,129.25,80,17954.0,17954.0,,6,9,85000.0,85000.0,False,4,35000.0
26,4,BUY_FROM_SHOP,GUNNER,gun,NONE,,,,,,,,,,,,,,,,,,NO_COMPATIBLE_ITEM,129.25,0.0,129.25,80,17954.0,17954.0,,6,9,85000.0,85000.0,False,4,35000.0
26,4,BUY_FROM_SHOP,MAGE,staff,NONE,,,,,,,,,,,,,,,,,,NO_COMPATIBLE_ITEM,129.25,0.0,129.25,80,17954.0,17954.0,,6,9,85000.0,85000.0,False,4,35000.0
27,4,BUY_FROM_SHOP,CLERIC,gauntlet,NONE,,,,,,,,,,,,,,,,,,NO_COMPATIBLE_ITEM,129.25,0.0,129.25,80,17954.0,17954.0,,6,9,85000.0,85000.0,False,4,35000.0
27,4,SELL_TO_SHOP,WARRIOR,,NONE,44,WARRIOR,axe,4,,,,,,59640,59640,,,,,,,MISSED_PURCHASE_DUE_TO_CASH,129.25,-2.0,127.25,80,17954.0,17954.0,,6,9,85000.0,85000.0,False,4,35000.0
27,4,BUY_FROM_SHOP,ARCHER,bow,NONE,,,,,,,,,,,,,,,,,,NO_COMPATIBLE_ITEM,127.25,0.0,127.25,80,17954.0,17954.0,,6,9,85000.0,85000.0,False,4,35000.0
27,4,SELL_TO_SHOP,GUNNER,,NONE,44,GUNNER,heavy_weapon,1,,,,,,1949,1949,,,,,,,REJECTED_OVERPRICED,127.25,0.0,127.25,80,17954.0,17954.0,,6,9,85000.0,85000.0,False,4,35000.0
27,4,SELL_TO_SHOP,MAGE,,BUY_FROM_CUSTOMER,44,MAGE,wand,3,,,,,10112,16854,16854,20225,,,,,,SUCCESSFUL_PURCHASE,127.25,4.5,131.75,81,17954.0,7842.0,,7,9,85000.0,85000.0,False,4,35000.0
27,4,SELL_TO_SHOP,CLERIC,,BUY_FROM_CUSTOMER,45,CLERIC,gauntlet,2,,,,,3830,4352,4352,5222,,,,,,SUCCESSFUL_PURCHASE,131.75,4.5,136.25,82,7842.0,4012.0,,8,9,85000.0,85000.0,False,4,35000.0
27,4,BUY_FROM_SHOP,WARRIOR,axe,NONE,24,WARRIOR,one_handed_sword,1,68.5,1.0,False,MEDIUM_INTEREST,1972,1972,1452,1742,1452,,,,2,PRICE_NEGOTIATION_FAILURE,136.25,0.0,136.25,82,4012.0,4012.0,16,8,9,85000.0,85000.0,False,4,35000.0
27,4,SELL_TO_SHOP,WARRIOR,,BUY_FROM_CUSTOMER,46,WARRIOR,spear,1,,,,,1853,3706,3706,4447,,,,,,SUCCESSFUL_PURCHASE,136.25,1.5,137.75,83,4012.0,2159.0,,9,9,85000.0,85000.0,False,4,35000.0
28,4,BUY_FROM_SHOP,MAGE,grimoire,SELL_TO_CUSTOMER,44,MAGE,wand,3,42.34875,0.16666666666666669,False,LOW_INTEREST,10112,16854,16854,20225,17191,17191,7079,0.700059335443038,3,BUYER_PURCHASES,137.75,-1,136.75,84,2159.0,19350.0,1,8,9,85000.0,85000.0,False,4,35000.0
28,4,SELL_TO_SHOP,ARCHER,,NONE,47,WARRIOR,greatsword,3,,,,,,10075,10075,,,,,,,REJECTED_OVERPRICED,136.75,-2.0,134.75,84,19350.0,19350.0,,8,9,85000.0,85000.0,False,4,35000.0
28,4,BUY_FROM_SHOP,CLERIC,gauntlet,SELL_TO_CUSTOMER,45,CLERIC,gauntlet,2,94.77666666666667,1.0,True,VERY_HIGH_INTEREST,3830,4352,4352,5222,5222,5222,1392,0.36344647519582246,0,BUYER_PURCHASES,134.75,1.5,136.25,85,19350.0,24572.0,1,7,9,85000.0,85000.0,False,4,35000.0
28,4,BUY_FROM_SHOP,ROGUE,throwing_weapon,NONE,37,ROGUE,throwing_weapon,1,55.15,1.0,True,MEDIUM_INTEREST,1495,1495,1365,1638,1474,,,,2,PRICE_NEGOTIATION_FAILURE,136.25,0.0,136.25,85,24572.0,24572.0,9,7,9,85000.0,85000.0,False,4,35000.0
28,4,SELL_TO_SHOP,CLERIC,,BUY_FROM_CUSTOMER,47,CLERIC,staff,2,,,,,5990,6240,6240,7488,,,,,,SUCCESSFUL_PURCHASE,136.25,4.5,140.75,86,24572.0,18582.0,,8,9,85000.0,85000.0,False,4,35000.0
28,4,BUY_FROM_SHOP,MAGE,staff,NONE,,,,,,,,,,,,,,,,,,NO_COMPATIBLE_ITEM,140.75,0.0,140.75,86,18582.0,18582.0,,8,9,85000.0,85000.0,False,4,35000.0
28,4,SELL_TO_SHOP,GUNNER,,BUY_FROM_CUSTOMER,48,GUNNER,gun,3,,,,,9581,9980,9980,11976,,,,,,SUCCESSFUL_PURCHASE,140.75,4.5,145.25,87,18582.0,9001.0,,9,9,85000.0,85000.0,False,4,35000.0
28,4,BUY_FROM_SHOP,MAGE,staff,NONE,,,,,,,,,,,,,,,,,,NO_COMPATIBLE_ITEM,145.25,0.0,145.25,87,9001.0,9001.0,,9,9,85000.0,85000.0,False,4,35000.0
29,5,SELL_TO_SHOP,MAGE,,NONE,49,ROGUE,throwing_weapon,1,,,,,,2250,2250,,,,,,,INVENTORY_FULL,145.25,-2.0,143.25,87,-3999.0,-3999.0,,9,9,80000.0,80000.0,True,4,35000.0
29,5,BUY_FROM_SHOP,GUNNER,heavy_weapon,NONE,48,GUNNER,gun,3,51.67,0.16666666666666669,False,LOW_INTEREST,9581,9980,7380,8856,7011,,,,3,PRICE_NEGOTIATION_FAILURE,143.25,0.0,143.25,87,-3999.0,-3999.0,1,9,9,80000.0,80000.0,True,4,35000.0
29,5,SELL_TO_SHOP,ROGUE,,NONE,49,ROGUE,dagger,2,,,,,,2384,2384,,,,,,,INVENTORY_FULL,143.25,0.0,143.25,87,-3999.0,-3999.0,,9,9,80000.0,80000.0,True,4,35000.0
29,5,SELL_TO_SHOP,ARCHER,,NONE,49,ARCHER,bow,4,,,,,,19488,19488,,,,,,,REJECTED_OVERPRICED,143.25,0.0,143.25,87,-3999.0,-3999.0,,9,9,80000.0,80000.0,True,4,35000.0
29,5,BUY_FROM_SHOP,GUNNER,gun,NONE,48,GUNNER,gun,3,63.57,0.16666666666666669,True,MEDIUM_INTEREST,9581,9980,7380,8856,7970,,,,2,PRICE_NEGOTIATION_FAILURE,143.25,0.0,143.25,87,-3999.0,-3999.0,1,9,9,80000.0,80000.0,True,4,35000.0
29,5,SELL_TO_SHOP,CLERIC,,NONE,49,CLERIC,gauntlet,3,,,,,,6711,6711,,,,,,,REJECTED_OVERPRICED,143.25,0.0,143.25,87,-3999.0,-3999.0,,9,9,80000.0,80000.0,True,4,35000.0
29,5,SELL_TO_SHOP,CLERIC,,NONE,49,CLERIC,staff,4,,,,,,45158,45158,,,,,,,INVENTORY_FULL,143.25,0.0,143.25,87,-3999.0,-3999.0,,9,9,80000.0,80000.0,True,4,35000.0
29,5,SELL_TO_SHOP,WARRIOR,,NONE,49,WARRIOR,one_handed_sword,1,,,,,,1109,1109,,,,,,,REJECTED_OVERPRICED,143.25,-2.0,141.25,87,-3999.0,-3999.0,,9,9,80000.0,80000.0,True,4,35000.0
30,5,SELL_TO_SHOP,GUNNER,,NONE,49,GUNNER,gun,4,,,,,,7449,7449,,,,,,,INVENTORY_FULL,141.25,0.0,141.25,87,-3999.0,-3999.0,,9,9,80000.0,80000.0,True,4,35000.0
30,5,SELL_TO_SHOP,GUNNER,,NONE,49,GUNNER,gun,3,,,,,,17062,17062,,,,,,,INVENTORY_FULL,141.25,-2.0,139.25,87,-3999.0,-3999.0,,9,9,80000.0,80000.0,True,4,35000.0
30,5,BUY_FROM_SHOP,MAGE,wand,NONE,,,,,,,,,,,,,,,,,,NO_COMPATIBLE_ITEM,139.25,0.0,139.25,87,-3999.0,-3999.0,,9,9,80000.0,80000.0,True,4,35000.0
30,5,BUY_FROM_SHOP,ARCHER,bow,NONE,,,,,,,,,,,,,,,,,,NO_COMPATIBLE_ITEM,139.25,0.0,139.25,87,-3999.0,-3999.0,,9,9,80000.0,80000.0,True,4,35000.0
30,5,SELL_TO_SHOP,MAGE,,NONE,49,MAGE,staff,3,,,,,,26576,26576,,,,,,,INVENTORY_FULL,139.25,0.0,139.25,87,-3999.0,-3999.0,,9,9,80000.0,80000.0,True,4,35000.0
30,5,SELL_TO_SHOP,ARCHER,,NONE,49,ARCHER,crossbow,3,,,,,,16475,16475,,,,,,,INVENTORY_FULL,139.25,-2.0,137.25,87,-3999.0,-3999.0,,9,9,80000.0,80000.0,True,4,35000.0
30,5,SELL_TO_SHOP,ROGUE,,NONE,49,ROGUE,dagger,1,,,,,,1318,1318,,,,,,,INVENTORY_FULL,137.25,0.0,137.25,87,-3999.0,-3999.0,,9,9,80000.0,80000.0,True,4,35000.0
30,5,BUY_FROM_SHOP,GUNNER,heavy_weapon,NONE,48,GUNNER,gun,3,66.76,0.6,False,MEDIUM_INTEREST,9581,9980,7380,8856,7380,,,,2,PRICE_NEGOTIATION_FAILURE,137.25,0.0,137.25,87,-3999.0,-3999.0,2,9,9,80000.0,80000.0,True,4,35000.0
31,5,SELL_TO_SHOP,WARRIOR,,NONE,49,WARRIOR,one_handed_sword,2,,,,,,1164,1164,,,,,,,REJECTED_SCAMMER,137.25,-5,132.25,87,-3999.0,-3999.0,,9,9,80000.0,80000.0,True,4,35000.0
31,5,BUY_FROM_SHOP,ARCHER,crossbow,NONE,,,,,,,,,,,,,,,,,,NO_COMPATIBLE_ITEM,132.25,0.0,132.25,87,-3999.0,-3999.0,,9,9,80000.0,80000.0,True,4,35000.0
31,5,SELL_TO_SHOP,WARRIOR,,NONE,49,MAGE,grimoire,3,,,,,,12350,12350,,,,,,,INVENTORY_FULL,132.25,-2.0,130.25,87,-3999.0,-3999.0,,9,9,80000.0,80000.0,True,4,35000.0
31,5,BUY_FROM_SHOP,ARCHER,bow,NONE,,,,,,,,,,,,,,,,,,NO_COMPATIBLE_ITEM,130.25,0.0,130.25,87,-3999.0,-3999.0,,9,9,80000.0,80000.0,True,4,35000.0
31,5,SELL_TO_SHOP,WARRIOR,,NONE,49,GUNNER,gun,2,,,,,,200,200,,,,,,,INVENTORY_FULL,130.25,0.0,130.25,87,-3999.0,-3999.0,,9,9,80000.0,80000.0,True,4,35000.0
31,5,SELL_TO_SHOP,MAGE,,NONE,49,MAGE,grimoire,2,,,,,,4229,4229,,,,,,,INVENTORY_FULL,130.25,0.0,130.25,87,-3999.0,-3999.0,,9,9,80000.0,80000.0,True,4,35000.0
31,5,SELL_TO_SHOP,CLERIC,,NONE,49,ROGUE,throwing_weapon,1,,,,,,2175,2175,,,,,,,REJECTED_OVERPRICED,130.25,-2.0,128.25,87,-3999.0,-3999.0,,9,9,80000.0,80000.0,True,4,35000.0
32,5,SELL_TO_SHOP,CLERIC,,NONE,49,CLERIC,staff,1,,,,,,3455,3455,,,,,,,REJECTED_SCAMMER,128.25,-5,123.25,87,-3999.0,-3999.0,,9,9,80000.0,80000.0,True,4,35000.0
32,5,SELL_TO_SHOP,ROGUE,,NONE,49,ROGUE,throwing_weapon,1,,,,,,1728,1728,,,,,,,REJECTED_OVERPRICED,123.25,-2.0,121.25,87,-3999.0,-3999.0,,9,9,80000.0,80000.0,True,4,35000.0
32,5,BUY_FROM_SHOP,CLERIC,mace,SELL_TO_CUSTOMER,47,CLERIC,staff,2,56.513333333333335,0.25,False,MEDIUM_INTEREST,5990,6240,7340,8808,7927,7927,1937,0.3233722871452421,2,BUYER_PURCHASES,121.25,0,121.25,88,-3999.0,3928.0,4,8,9,80000.0,80000.0,False,4,35000.0
32,5,BUY_FROM_SHOP,WARRIOR,axe,SELL_TO_CUSTOMER,41,WARRIOR,axe,2,71.97,1.0,True,HIGH_INTEREST,955,1592,1992,2390,2092,2092,1137,1.1905759162303664,1,BUYER_PURCHASES,121.25,0.75,122.0,89,3928.0,6020.0,8,7,9,80000.0,80000.0,False,4,35000.0
32,5,BUY_FROM_SHOP,GUNNER,gun,NONE,48,GUNNER,gun,3,55.34,0.0,True,MEDIUM_INTEREST,9581,9980,7380,8856,7749,,,,2,PRICE_NEGOTIATION_FAILURE,122.0,0.0,122.0,89,6020.0,6020.0,4,7,9,80000.0,80000.0,False,4,35000.0
32,5,SELL_TO_SHOP,ROGUE,,NONE,49,ROGUE,dagger,1,,,,,,1172,1172,,,,,,,REJECTED_OVERPRICED,122.0,0.0,122.0,89,6020.0,6020.0,,7,9,80000.0,80000.0,False,4,35000.0
33,5,SELL_TO_SHOP,WARRIOR,,NONE,49,WARRIOR,axe,1,,,,,,1730,1730,,,,,,,REJECTED_OVERPRICED,122.0,0.0,122.0,89,6020.0,6020.0,,7,9,80000.0,80000.0,False,4,35000.0
33,5,SELL_TO_SHOP,CLERIC,,NONE,49,CLERIC,gauntlet,4,,,,,,23692,23692,,,,,,,MISSED_PURCHASE_DUE_TO_CASH,122.0,-2.0,120.0,89,6020.0,6020.0,,7,9,80000.0,80000.0,False,4,35000.0
33,5,SELL_TO_SHOP,CLERIC,,BUY_FROM_CUSTOMER,49,CLERIC,mace,2,,,,,2348,4695,4695,5634,,,,,,SUCCESSFUL_PURCHASE,120.0,4.5,124.5,90,6020.0,3672.0,,8,9,80000.0,80000.0,False,4,35000.0
33,5,BUY_FROM_SHOP,ARCHER,bow,NONE,,,,,,,,,,,,,,,,,,NO_COMPATIBLE_ITEM,124.5,0.0,124.5,90,3672.0,3672.0,,8,9,80000.0,80000.0,False,4,35000.0
33,5,BUY_FROM_SHOP,ROGUE,dagger,NONE,37,ROGUE,throwing_weapon,1,51.65,1.0,False,LOW_INTEREST,1495,1495,1495,1794,1525,,,,3,PRICE_NEGOTIATION_FAILURE,124.5,0.0,124.5,90,3672.0,3672.0,14,8,9,80000.0,80000.0,False,4,35000.0
33,5,BUY_FROM_SHOP,GUNNER,gun,NONE,48,GUNNER,gun,3,81.31,1.0,True,HIGH_INTEREST,9581,9980,7380,8856,8413,,,,1,PRICE_NEGOTIATION_FAILURE,124.5,0.0,124.5,90,3672.0,3672.0,5,8,9,80000.0,80000.0,False,4,35000.0
34,5,BUY_FROM_SHOP,ARCHER,crossbow,NONE,,,,,,,,,,,,,,,,,,NO_COMPATIBLE_ITEM,124.5,0.0,124.5,90,3672.0,3672.0,,8,9,80000.0,80000.0,False,4,35000.0
34,5,BUY_FROM_SHOP,CLERIC,mace,SELL_TO_CUSTOMER,49,CLERIC,mace,2,79.87,0.5,True,HIGH_INTEREST,2348,4695,4695,5634,4930,4930,2582,1.0996592844974447,1,BUYER_PURCHASES,124.5,0.75,125.25,91,3672.0,8602.0,1,7,9,80000.0,80000.0,False,4,35000.0
34,5,BUY_FROM_SHOP,MAGE,wand,NONE,,,,,,,,,,,,,,,,,,NO_COMPATIBLE_ITEM,125.25,0.0,125.25,91,8602.0,8602.0,,7,9,80000.0,80000.0,False,4,35000.0
34,5,SELL_TO_SHOP,ARCHER,,NONE,50,ARCHER,bow,4,,,,,,17235,17235,,,,,,,REJECTED_OVERPRICED,125.25,0.0,125.25,91,8602.0,8602.0,,7,9,80000.0,80000.0,False,4,35000.0
34,5,SELL_TO_SHOP,MAGE,,BUY_FROM_CUSTOMER,50,MAGE,wand,1,,,,,1082,1082,1082,1298,,,,,,SUCCESSFUL_PURCHASE,125.25,1.5,126.75,92,8602.0,7520.0,,8,9,80000.0,80000.0,False,4,35000.0
34,5,BUY_FROM_SHOP,WARRIOR,axe,SELL_TO_CUSTOMER,46,WARRIOR,spear,1,86.51166666666667,1.0,False,VERY_HIGH_INTEREST,1853,3706,4006,4807,4807,4807,2954,1.5941716135995683,0,BUYER_PURCHASES,126.75,1.5,128.25,93,7520.0,12327.0,7,7,9,80000.0,80000.0,False,4,35000.0
34,5,BUY_FROM_SHOP,ROGUE,dagger,NONE,37,ROGUE,throwing_weapon,1,50.65,0.5,False,LOW_INTEREST,1495,1495,1495,1794,1420,,,,3,PRICE_NEGOTIATION_FAILURE,128.25,0.0,128.25,93,12327.0,12327.0,15,7,9,80000.0,80000.0,False,4,35000.0
34,5,SELL_TO_SHOP,GUNNER,,BUY_FROM_CUSTOMER,51,GUNNER,gun,2,,,,,3100,6201,6201,7441,,,,,,SUCCESSFUL_PURCHASE,128.25,1.5,129.75,94,12327.0,9227.0,,8,9,80000.0,80000.0,False,4,35000.0
35,5,BUY_FROM_SHOP,ROGUE,dagger,SELL_TO_CUSTOMER,37,ROGUE,throwing_weapon,1,61.05,1.0,False,MEDIUM_INTEREST,1495,1495,1495,1794,1570,1570,75,0.05016722408026756,2,BUYER_PURCHASES,129.75,0,129.75,95,9227.0,10797.0,16,7,9,80000.0,80000.0,False,4,35000.0
35,5,SELL_TO_SHOP,ARCHER,,BUY_FROM_CUSTOMER,52,ARCHER,bow,2,,,,,2240,4480,4480,5376,,,,,,SUCCESSFUL_PURCHASE,129.75,1.5,131.25,96,10797.0,8557.0,,8,9,80000.0,80000.0,False,4,35000.0
35,5,SELL_TO_SHOP,CLERIC,,BUY_FROM_CUSTOMER,53,CLERIC,mace,1,,,,,1485,1547,1547,1856,,,,,,SUCCESSFUL_PURCHASE,131.25,4.5,135.75,97,8557.0,7072.0,,9,9,80000.0,80000.0,False,4,35000.0
35,5,SELL_TO_SHOP,ROGUE,,NONE,54,CLERIC,mace,2,,,,,,3510,3510,,,,,,,INVENTORY_FULL,135.75,-2.0,133.75,97,7072.0,7072.0,,9,9,80000.0,80000.0,False,4,35000.0
35,5,SELL_TO_SHOP,GUNNER,,NONE,54,GUNNER,heavy_weapon,4,,,,,,32580,32580,,,,,,,REJECTED_SCAMMER,133.75,-5,128.75,97,7072.0,7072.0,,9,9,80000.0,80000.0,False,4,35000.0
35,5,BUY_FROM_SHOP,CLERIC,staff,SELL_TO_CUSTOMER,53,CLERIC,mace,1,76.8425,1.0,False,HIGH_INTEREST,1485,1547,1547,1856,1763,1763,278,0.1872053872053872,1,BUYER_PURCHASES,128.75,0.75,129.5,98,7072.0,8835.0,0,8,9,80000.0,80000.0,False,4,35000.0
35,5,SELL_TO_SHOP,ARCHER,,BUY_FROM_CUSTOMER,54,ARCHER,bow,2,,,,,4481,8962,8962,10754,,,,,,SUCCESSFUL_PURCHASE,129.5,1.5,131.0,99,8835.0,4354.0,,9,9,80000.0,80000.0,False,4,35000.0
36,6,SELL_TO_SHOP,GUNNER,,NONE,55,GUNNER,gun,1,,,,,,2189,2189,,,,,,,INVENTORY_FULL,131.0,0.0,131.0,99,-10646.0,-10646.0,,9,9,75000.0,75000.0,True,4,35000.0
36,6,BUY_FROM_SHOP,WARRIOR,greatsword,NONE,24,WARRIOR,one_handed_sword,1,75.135,1.0,False,HIGH_INTEREST,1972,1972,1652,1982,1883,,,,1,PRICE_NEGOTIATION_FAILURE,131.0,0.0,131.0,99,-10646.0,-10646.0,25,9,9,75000.0,75000.0,True,4,35000.0
36,6,SELL_TO_SHOP,ROGUE,,NONE,55,ROGUE,dagger,3,,,,,,7850,7850,,,,,,,INVENTORY_FULL,131.0,0.0,131.0,99,-10646.0,-10646.0,,9,9,75000.0,75000.0,True,4,35000.0
36,6,SELL_TO_SHOP,GUNNER,,NONE,55,GUNNER,gun,2,,,,,,5803,5803,,,,,,,REJECTED_SCAMMER,131.0,-5,126.0,99,-10646.0,-10646.0,,9,9,75000.0,75000.0,True,4,35000.0
36,6,SELL_TO_SHOP,ARCHER,,NONE,55,ARCHER,bow,2,,,,,,6447,6447,,,,,,,REJECTED_OVERPRICED,126.0,-2.0,124.0,99,-10646.0,-10646.0,,9,9,75000.0,75000.0,True,4,35000.0
36,6,SELL_TO_SHOP,ROGUE,,NONE,55,ROGUE,dagger,3,,,,,,15710,15710,,,,,,,REJECTED_OVERPRICED,124.0,-2.0,122.0,99,-10646.0,-10646.0,,9,9,75000.0,75000.0,True,4,35000.0
37,6,BUY_FROM_SHOP,GUNNER,gun,SELL_TO_CUSTOMER,48,GUNNER,gun,3,88.64,1.0,True,VERY_HIGH_INTEREST,9581,9980,9580,11496,11017,11017,1436,0.14987997077549317,0,BUYER_PURCHASES,122.0,1.5,123.5,100,-10646.0,371.0,9,8,9,75000.0,75000.0,False,4,35000.0
37,6,SELL_TO_SHOP,ROGUE,,NONE,55,ROGUE,dagger,2,,,,,,4386,4386,,,,,,,MISSED_PURCHASE_DUE_TO_CASH,123.5,-2.0,121.5,100,371.0,371.0,,8,9,75000.0,75000.0,False,4,35000.0
37,6,SELL_TO_SHOP,WARRIOR,,NONE,55,MAGE,grimoire,2,,,,,,3900,3900,,,,,,,MISSED_PURCHASE_DUE_TO_CASH,121.5,0.0,121.5,100,371.0,371.0,,8,9,75000.0,75000.0,False,4,35000.0
37,6,BUY_FROM_SHOP,MAGE,staff,NONE,50,MAGE,wand,1,40.291666666666664,0.0,False,LOW_INTEREST,1082,1082,962,1154,981,,,,3,PRICE_NEGOTIATION_FAILURE,121.5,0.0,121.5,100,371.0,371.0,3,8,9,75000.0,75000.0,False,4,35000.0
37,6,BUY_FROM_SHOP,CLERIC,mace,NONE,,,,,,,,,,,,,,,,,,NO_COMPATIBLE_ITEM,121.5,0.0,121.5,100,371.0,371.0,,8,9,75000.0,75000.0,False,4,35000.0
37,6,SELL_TO_SHOP,GUNNER,,NONE,55,WARRIOR,greatsword,2,,,,,,3144,3144,,,,,,,MISSED_PURCHASE_DUE_TO_CASH,121.5,0.0,121.5,100,371.0,371.0,,8,9,75000.0,75000.0,False,4,35000.0
38,6,BUY_FROM_SHOP,WARRIOR,one_handed_sword,NONE,24,WARRIOR,one_handed_sword,1,83.7675,1.0,True,HIGH_INTEREST,1972,1972,1652,1982,1817,,,,1,PRICE_NEGOTIATION_FAILURE,121.5,0.0,121.5,100,371.0,371.0,27,8,9,75000.0,75000.0,False,4,35000.0
38,6,BUY_FROM_SHOP,WARRIOR,one_handed_sword,NONE,24,WARRIOR,one_handed_sword,1,48.935,0.0,True,LOW_INTEREST,1972,1972,1652,1982,1569,,,,3,PRICE_NEGOTIATION_FAILURE,121.5,0.0,121.5,100,371.0,371.0,27,8,9,75000.0,75000.0,False,4,35000.0
38,6,BUY_FROM_SHOP,MAGE,wand,NONE,50,MAGE,wand,1,81.95666666666666,1.0,True,HIGH_INTEREST,1082,1082,962,1154,1010,,,,1,PRICE_NEGOTIATION_FAILURE,121.5,0.0,121.5,100,371.0,371.0,4,8,9,75000.0,75000.0,False,4,35000.0
38,6,SELL_TO_SHOP,CLERIC,,NONE,55,CLERIC,mace,3,,,,,,7875,7875,,,,,,,MISSED_PURCHASE_DUE_TO_CASH,121.5,0.0,121.5,100,371.0,371.0,,8,9,75000.0,75000.0,False,4,35000.0
38,6,BUY_FROM_SHOP,MAGE,grimoire,NONE,50,MAGE,wand,1,59.026666666666664,0.5,False,MEDIUM_INTEREST,1082,1082,962,1154,962,,,,2,PRICE_NEGOTIATION_FAILURE,121.5,0.0,121.5,100,371.0,371.0,4,8,9,75000.0,75000.0,False,4,35000.0
38,6,SELL_TO_SHOP,GUNNER,,NONE,55,GUNNER,gun,3,,,,,,11004,11004,,,,,,,REJECTED_OVERPRICED,121.5,0.0,121.5,100,371.0,371.0,,8,9,75000.0,75000.0,False,4,35000.0
39,6,SELL_TO_SHOP,GUNNER,,NONE,55,GUNNER,gun,2,,,,,,5808,5808,,,,,,,MISSED_PURCHASE_DUE_TO_CASH,121.5,-2.0,119.5,100,371.0,371.0,,8,9,75000.0,75000.0,False,4,35000.0
39,6,SELL_TO_SHOP,ARCHER,,NONE,55,ARCHER,crossbow,1,,,,,,2285,2285,,,,,,,MISSED_PURCHASE_DUE_TO_CASH,119.5,-2.0,117.5,100,371.0,371.0,,8,9,75000.0,75000.0,False,4,35000.0
39,6,SELL_TO_SHOP,CLERIC,,NONE,55,CLERIC,gauntlet,5,,,,,,54096,54096,,,,,,,MISSED_PURCHASE_DUE_TO_CASH,117.5,0.0,117.5,100,371.0,371.0,,8,9,75000.0,75000.0,False,4,35000.0
39,6,BUY_FROM_SHOP,MAGE,wand,NONE,50,MAGE,wand,1,58.156666666666666,0.5,True,MEDIUM_INTEREST,1082,1082,962,1154,962,,,,2,PRICE_NEGOTIATION_FAILURE,117.5,0.0,117.5,100,371.0,371.0,5,8,9,75000.0,75000.0,False,4,35000.0
39,6,BUY_FROM_SHOP,WARRIOR,spear,SELL_TO_CUSTOMER,27,WARRIOR,spear,1,73.38,0.5,True,HIGH_INTEREST,1122,1402,1082,1298,1233,1233,111,0.09893048128342247,1,BUYER_PURCHASES,117.5,0.75,118.25,101,371.0,1604.0,26,7,9,75000.0,75000.0,False,4,35000.0
39,6,BUY_FROM_SHOP,MAGE,wand,NONE,50,MAGE,wand,1,82.19166666666666,1.0,True,HIGH_INTEREST,1082,1082,962,1154,1058,,,,1,PRICE_NEGOTIATION_FAILURE,118.25,0.0,118.25,101,1604.0,1604.0,5,7,9,75000.0,75000.0,False,4,35000.0
39,6,SELL_TO_SHOP,ARCHER,,NONE,55,ARCHER,bow,3,,,,,,11730,11730,,,,,,,MISSED_PURCHASE_DUE_TO_CASH,118.25,-2.0,116.25,101,1604.0,1604.0,,7,9,75000.0,75000.0,False,4,35000.0
39,6,SELL_TO_SHOP,MAGE,,NONE,55,MAGE,wand,1,,,,,,2965,2965,,,,,,,MISSED_PURCHASE_DUE_TO_CASH,116.25,0.0,116.25,101,1604.0,1604.0,,7,9,75000.0,75000.0,False,4,35000.0
40,6,SELL_TO_SHOP,GUNNER,,BUY_FROM_CUSTOMER,55,GUNNER,gun,1,,,,,569,948,948,1138,,,,,,SUCCESSFUL_PURCHASE,116.25,4.5,120.75,102,1604.0,1035.0,,8,9,75000.0,75000.0,False,4,35000.0
40,6,SELL_TO_SHOP,CLERIC,,NONE,56,CLERIC,gauntlet,1,,,,,,4179,4179,,,,,,,MISSED_PURCHASE_DUE_TO_CASH,120.75,0.0,120.75,102,1035.0,1035.0,,8,9,75000.0,75000.0,False,4,35000.0
40,6,SELL_TO_SHOP,ARCHER,,BUY_FROM_CUSTOMER,56,ARCHER,crossbow,1,,,,,521,521,521,625,,,,,,SUCCESSFUL_PURCHASE,120.75,1.5,122.25,103,1035.0,514.0,,9,9,75000.0,75000.0,False,4,35000.0
40,6,BUY_FROM_SHOP,MAGE,grimoire,NONE,50,MAGE,wand,1,71.96166666666667,1.0,False,HIGH_INTEREST,1082,1082,962,1154,1096,,,,1,PRICE_NEGOTIATION_FAILURE,122.25,0.0,122.25,103,514.0,514.0,6,9,9,75000.0,75000.0,False,4,35000.0
40,6,SELL_TO_SHOP,GUNNER,,NONE,57,GUNNER,gun,1,,,,,,2943,2943,,,,,,,INVENTORY_FULL,122.25,-2.0,120.25,103,514.0,514.0,,9,9,75000.0,75000.0,False,4,35000.0
40,6,SELL_TO_SHOP,ARCHER,,NONE,57,ARCHER,bow,3,,,,,,14350,14350,,,,,,,INVENTORY_FULL,120.25,-2.0,118.25,103,514.0,514.0,,9,9,75000.0,75000.0,False,4,35000.0
40,6,SELL_TO_SHOP,CLERIC,,NONE,57,CLERIC,staff,1,,,,,,1704,1704,,,,,,,REJECTED_OVERPRICED,118.25,0.0,118.25,103,514.0,514.0,,9,9,75000.0,75000.0,False,4,35000.0
41,6,SELL_TO_SHOP,ARCHER,,NONE,57,ARCHER,bow,2,,,,,,1025,1025,,,,,,,INVENTORY_FULL,118.25,0.0,118.25,103,514.0,514.0,,9,9,75000.0,75000.0,False,4,35000.0
41,6,BUY_FROM_SHOP,MAGE,grimoire,NONE,,,,,38.95666666666666,0.0,False,,,,,,,,,,,NO_INTEREST,118.25,0.0,118.25,103,514.0,514.0,,9,9,75000.0,75000.0,False,4,35000.0
41,6,SELL_TO_SHOP,ROGUE,,NONE,57,ROGUE,dagger,3,,,,,,14618,14618,,,,,,,INVENTORY_FULL,118.25,-2.0,116.25,103,514.0,514.0,,9,9,75000.0,75000.0,False,4,35000.0
41,6,BUY_FROM_SHOP,CLERIC,gauntlet,NONE,,,,,,,,,,,,,,,,,,NO_COMPATIBLE_ITEM,116.25,0.0,116.25,103,514.0,514.0,,9,9,75000.0,75000.0,False,4,35000.0
41,6,SELL_TO_SHOP,ARCHER,,NONE,57,ARCHER,bow,4,,,,,,80700,80700,,,,,,,INVENTORY_FULL,116.25,0.0,116.25,103,514.0,514.0,,9,9,75000.0,75000.0,False,4,35000.0
41,6,BUY_FROM_SHOP,CLERIC,gauntlet,NONE,,,,,,,,,,,,,,,,,,NO_COMPATIBLE_ITEM,116.25,0.0,116.25,103,514.0,514.0,,9,9,75000.0,75000.0,False,4,35000.0
41,6,SELL_TO_SHOP,GUNNER,,NONE,57,GUNNER,heavy_weapon,1,,,,,,2034,2034,,,,,,,INVENTORY_FULL,116.25,0.0,116.25,103,514.0,514.0,,9,9,75000.0,75000.0,False,4,35000.0
42,6,SELL_TO_SHOP,MAGE,,NONE,57,MAGE,wand,3,,,,,,3810,3810,,,,,,,INVENTORY_FULL,116.25,-2.0,114.25,103,514.0,514.0,,9,9,75000.0,75000.0,False,4,35000.0
42,6,SELL_TO_SHOP,CLERIC,,NONE,57,CLERIC,staff,2,,,,,,3944,3944,,,,,,,INVENTORY_FULL,114.25,0.0,114.25,103,514.0,514.0,,9,9,75000.0,75000.0,False,4,35000.0
42,6,SELL_TO_SHOP,MAGE,,NONE,57,MAGE,wand,1,,,,,,426,426,,,,,,,INVENTORY_FULL,114.25,0.0,114.25,103,514.0,514.0,,9,9,75000.0,75000.0,False,4,35000.0
42,6,SELL_TO_SHOP,MAGE,,NONE,57,MAGE,staff,2,,,,,,9917,9917,,,,,,,INVENTORY_FULL,114.25,-2.0,112.25,103,514.0,514.0,,9,9,75000.0,75000.0,False,4,35000.0
42,6,SELL_TO_SHOP,WARRIOR,,NONE,57,CLERIC,staff,1,,,,,,2795,2795,,,,,,,INVENTORY_FULL,112.25,-2.0,110.25,103,514.0,514.0,,9,9,75000.0,75000.0,False,4,35000.0
42,6,BUY_FROM_SHOP,CLERIC,gauntlet,NONE,,,,,,,,,,,,,,,,,,NO_COMPATIBLE_ITEM,110.25,0.0,110.25,103,514.0,514.0,,9,9,75000.0,75000.0,False,4,35000.0
43,7,SELL_TO_SHOP,ROGUE,,NONE,57,WARRIOR,greatsword,1,,,,,,2990,2990,,,,,,,REJECTED_OVERPRICED,110.25,0.0,110.25,103,-16486.0,-16486.0,,9,9,70000.0,70000.0,True,4,35000.0
43,7,SELL_TO_SHOP,GUNNER,,NONE,57,GUNNER,heavy_weapon,3,,,,,,21180,21180,,,,,,,INVENTORY_FULL,110.25,0.0,110.25,103,-16486.0,-16486.0,,9,9,70000.0,70000.0,True,4,35000.0
43,7,BUY_FROM_SHOP,CLERIC,staff,NONE,,,,,,,,,,,,,,,,,,NO_COMPATIBLE_ITEM,110.25,0.0,110.25,103,-16486.0,-16486.0,,9,9,70000.0,70000.0,True,4,35000.0
43,7,SELL_TO_SHOP,WARRIOR,,NONE,57,WARRIOR,axe,2,,,,,,8472,8472,,,,,,,REJECTED_SCAMMER,110.25,-5,105.25,103,-16486.0,-16486.0,,9,9,70000.0,70000.0,True,4,35000.0
43,7,SELL_TO_SHOP,WARRIOR,,NONE,57,WARRIOR,greatsword,1,,,,,,2355,2355,,,,,,,INVENTORY_FULL,105.25,0.0,105.25,103,-16486.0,-16486.0,,9,9,70000.0,70000.0,True,4,35000.0
43,7,BUY_FROM_SHOP,ROGUE,dagger,NONE,,,,,,,,,,,,,,,,,,NO_COMPATIBLE_ITEM,105.25,0.0,105.25,103,-16486.0,-16486.0,,9,9,70000.0,70000.0,True,4,35000.0
43,7,SELL_TO_SHOP,GUNNER,,NONE,57,GUNNER,gun,1,,,,,,1089,1089,,,,,,,INVENTORY_FULL,105.25,0.0,105.25,103,-16486.0,-16486.0,,9,9,70000.0,70000.0,True,4,35000.0
43,7,BUY_FROM_SHOP,WARRIOR,spear,NONE,24,WARRIOR,one_handed_sword,1,52.8675,0.0,False,LOW_INTEREST,1972,1972,1772,2126,1772,,,,3,PRICE_NEGOTIATION_FAILURE,105.25,0.0,105.25,103,-16486.0,-16486.0,32,9,9,70000.0,70000.0,True,4,35000.0
44,7,BUY_FROM_SHOP,MAGE,staff,NONE,,,,,36.391666666666666,0.0,False,,,,,,,,,,,NO_INTEREST,105.25,0.0,105.25,103,-16486.0,-16486.0,,9,9,70000.0,70000.0,True,4,35000.0
44,7,BUY_FROM_SHOP,ARCHER,bow,NONE,56,ARCHER,crossbow,1,72.24625,1.0,False,HIGH_INTEREST,521,521,296,355,326,,,,1,PRICE_NEGOTIATION_FAILURE,105.25,0.0,105.25,103,-16486.0,-16486.0,4,9,9,70000.0,70000.0,True,4,35000.0
44,7,SELL_TO_SHOP,ROGUE,,NONE,57,ROGUE,dagger,1,,,,,,3428,3428,,,,,,,INVENTORY_FULL,105.25,-2.0,103.25,103,-16486.0,-16486.0,,9,9,70000.0,70000.0,True,4,35000.0
44,7,BUY_FROM_SHOP,MAGE,staff,NONE,50,MAGE,wand,1,79.85666666666667,1.0,False,HIGH_INTEREST,1082,1082,882,1058,970,,,,1,PRICE_NEGOTIATION_FAILURE,103.25,0.0,103.25,103,-16486.0,-16486.0,10,9,9,70000.0,70000.0,True,4,35000.0
44,7,BUY_FROM_SHOP,MAGE,wand,NONE,50,MAGE,wand,1,76.96166666666667,1.0,True,HIGH_INTEREST,1082,1082,882,1058,970,,,,1,PRICE_NEGOTIATION_FAILURE,103.25,0.0,103.25,103,-16486.0,-16486.0,10,9,9,70000.0,70000.0,True,4,35000.0
44,7,SELL_TO_SHOP,WARRIOR,,NONE,57,WARRIOR,spear,3,,,,,,20775,20775,,,,,,,REJECTED_OVERPRICED,103.25,-2.0,101.25,103,-16486.0,-16486.0,,9,9,70000.0,70000.0,True,4,35000.0
45,7,BUY_FROM_SHOP,CLERIC,gauntlet,NONE,,,,,,,,,,,,,,,,,,NO_COMPATIBLE_ITEM,101.25,0.0,101.25,103,-16486.0,-16486.0,,9,9,70000.0,70000.0,True,4,35000.0
45,7,SELL_TO_SHOP,CLERIC,,NONE,57,CLERIC,staff,4,,,,,,91410,91410,,,,,,,REJECTED_OVERPRICED,101.25,0.0,101.25,103,-16486.0,-16486.0,,9,9,70000.0,70000.0,True,4,35000.0
45,7,SELL_TO_SHOP,MAGE,,NONE,57,MAGE,staff,1,,,,,,2592,2592,,,,,,,INVENTORY_FULL,101.25,-2.0,99.25,103,-16486.0,-16486.0,,9,9,70000.0,70000.0,True,4,35000.0
45,7,SELL_TO_SHOP,MAGE,,NONE,57,MAGE,wand,1,,,,,,3805,3805,,,,,,,INVENTORY_FULL,99.25,0.0,99.25,103,-16486.0,-16486.0,,9,9,70000.0,70000.0,True,4,35000.0
45,7,SELL_TO_SHOP,ROGUE,,NONE,57,CLERIC,mace,2,,,,,,4160,4160,,,,,,,REJECTED_OVERPRICED,99.25,0.0,99.25,103,-16486.0,-16486.0,,9,9,70000.0,70000.0,True,4,35000.0
45,7,SELL_TO_SHOP,CLERIC,,NONE,57,WARRIOR,greatsword,4,,,,,,64980,64980,,,,,,,REJECTED_OVERPRICED,99.25,-2.0,97.25,103,-16486.0,-16486.0,,9,9,70000.0,70000.0,True,4,35000.0
45,7,SELL_TO_SHOP,ARCHER,,NONE,57,ARCHER,bow,5,,,,,,41958,41958,,,,,,,INVENTORY_FULL,97.25,-2.0,95.25,103,-16486.0,-16486.0,,9,9,70000.0,70000.0,True,4,35000.0
46,7,BUY_FROM_SHOP,ROGUE,throwing_weapon,NONE,,,,,,,,,,,,,,,,,,NO_COMPATIBLE_ITEM,95.25,0.0,95.25,103,-16486.0,-16486.0,,9,9,70000.0,70000.0,True,4,35000.0
46,7,BUY_FROM_SHOP,MAGE,grimoire,NONE,50,MAGE,wand,1,70.29166666666667,1.0,False,HIGH_INTEREST,1082,1082,882,1058,970,,,,1,PRICE_NEGOTIATION_FAILURE,95.25,0.0,95.25,103,-16486.0,-16486.0,12,9,9,70000.0,70000.0,True,4,35000.0
46,7,BUY_FROM_SHOP,GUNNER,gun,SELL_TO_CUSTOMER,55,GUNNER,gun,1,72.87,1.0,True,HIGH_INTEREST,569,948,828,994,869,869,300,0.5272407732864675,1,BUYER_PURCHASES,95.25,1.0,96.25,104,-16486.0,-15617.0,6,8,9,70000.0,70000.0,True,4,35000.0
46,7,SELL_TO_SHOP,WARRIOR,,NONE,57,WARRIOR,one_handed_sword,1,,,,,,1749,1749,,,,,,,MISSED_PURCHASE_DUE_TO_CASH,96.25,0.0,96.25,104,-15617.0,-15617.0,,8,9,70000.0,70000.0,True,4,35000.0
46,7,BUY_FROM_SHOP,WARRIOR,axe,NONE,24,WARRIOR,one_handed_sword,1,70.135,1.0,False,HIGH_INTEREST,1972,1972,1772,2126,2020,,,,1,PRICE_NEGOTIATION_FAILURE,96.25,0.0,96.25,104,-15617.0,-15617.0,35,8,9,70000.0,70000.0,True,4,35000.0
46,7,SELL_TO_SHOP,ARCHER,,NONE,57,WARRIOR,one_handed_sword,3,,,,,,11895,11895,,,,,,,MISSED_PURCHASE_DUE_TO_CASH,96.25,-2.0,94.25,104,-15617.0,-15617.0,,8,9,70000.0,70000.0,True,4,35000.0
46,7,BUY_FROM_SHOP,GUNNER,heavy_weapon,SELL_TO_CUSTOMER,51,GUNNER,gun,2,82.01583333333333,1.0,False,HIGH_INTEREST,3100,6201,7241,8689,7603,7603,4503,1.4525806451612904,1,BUYER_PURCHASES,94.25,1.0,95.25,105,-15617.0,-8014.0,12,7,9,70000.0,70000.0,True,4,35000.0
47,7,BUY_FROM_SHOP,ARCHER,crossbow,SELL_TO_CUSTOMER,54,ARCHER,bow,2,82.89166666666667,1.0,False,HIGH_INTEREST,4481,8962,8602,10322,9806,9806,5325,1.1883508145503237,1,BUYER_PURCHASES,95.25,1.0,96.25,106,-8014.0,1792.0,12,6,9,70000.0,70000.0,False,4,35000.0
47,7,SELL_TO_SHOP,MAGE,,NONE,57,MAGE,staff,1,,,,,,2174,2174,,,,,,,MISSED_PURCHASE_DUE_TO_CASH,96.25,-2.0,94.25,106,1792.0,1792.0,,6,9,70000.0,70000.0,False,4,35000.0
47,7,BUY_FROM_SHOP,ROGUE,dagger,NONE,,,,,,,,,,,,,,,,,,NO_COMPATIBLE_ITEM,94.25,0.0,94.25,106,1792.0,1792.0,,6,9,70000.0,70000.0,False,4,35000.0
47,7,SELL_TO_SHOP,ROGUE,,NONE,57,ROGUE,dagger,3,,,,,,12180,12180,,,,,,,MISSED_PURCHASE_DUE_TO_CASH,94.25,0.0,94.25,106,1792.0,1792.0,,6,9,70000.0,70000.0,False,4,35000.0
47,7,BUY_FROM_SHOP,GUNNER,gun,NONE,,,,,,,,,,,,,,,,,,NO_COMPATIBLE_ITEM,94.25,0.0,94.25,106,1792.0,1792.0,,6,9,70000.0,70000.0,False,4,35000.0
47,7,BUY_FROM_SHOP,ARCHER,bow,NONE,56,ARCHER,crossbow,1,70.145,1.0,False,HIGH_INTEREST,521,521,296,355,337,,,,1,PRICE_NEGOTIATION_FAILURE,94.25,0.0,94.25,106,1792.0,1792.0,7,6,9,70000.0,70000.0,False,4,35000.0
48,7,BUY_FROM_SHOP,WARRIOR,axe,NONE,24,WARRIOR,one_handed_sword,1,75.7675,1.0,False,HIGH_INTEREST,1972,1972,1772,2126,1949,,,,1,PRICE_NEGOTIATION_FAILURE,94.25,0.0,94.25,106,1792.0,1792.0,37,6,9,70000.0,70000.0,False,4,35000.0
48,7,SELL_TO_SHOP,WARRIOR,,NONE,57,WARRIOR,axe,1,,,,,,1208,1208,,,,,,,REJECTED_OVERPRICED,94.25,-2.0,92.25,106,1792.0,1792.0,,6,9,70000.0,70000.0,False,4,35000.0
48,7,SELL_TO_SHOP,ARCHER,,NONE,57,ARCHER,bow,2,,,,,,7649,7649,,,,,,,MISSED_PURCHASE_DUE_TO_CASH,92.25,0.0,92.25,106,1792.0,1792.0,,6,9,70000.0,70000.0,False,4,35000.0
48,7,SELL_TO_SHOP,WARRIOR,,NONE,57,WARRIOR,greatsword,3,,,,,,20670,20670,,,,,,,REJECTED_OVERPRICED,92.25,0.0,92.25,106,1792.0,1792.0,,6,9,70000.0,70000.0,False,4,35000.0
48,7,SELL_TO_SHOP,GUNNER,,NONE,57,WARRIOR,greatsword,3,,,,,,16270,16270,,,,,,,REJECTED_OVERPRICED,92.25,-2.0,90.25,106,1792.0,1792.0,,6,9,70000.0,70000.0,False,4,35000.0
48,7,BUY_FROM_SHOP,GUNNER,heavy_weapon,NONE,,,,,,,,,,,,,,,,,,NO_COMPATIBLE_ITEM,90.25,0.0,90.25,106,1792.0,1792.0,,6,9,70000.0,70000.0,False,4,35000.0
49,7,SELL_TO_SHOP,MAGE,,NONE,57,MAGE,grimoire,4,,,,,,25470,25470,,,,,,,MISSED_PURCHASE_DUE_TO_CASH,90.25,-2.0,88.25,106,1792.0,1792.0,,6,9,70000.0,70000.0,False,4,35000.0
49,7,BUY_FROM_SHOP,WARRIOR,spear,NONE,24,WARRIOR,one_handed_sword,1,53.2,0.0,False,LOW_INTEREST,1972,1972,1772,2126,1772,,,,3,PRICE_NEGOTIATION_FAILURE,88.25,0.0,88.25,106,1792.0,1792.0,38,6,9,70000.0,70000.0,False,4,35000.0
49,7,BUY_FROM_SHOP,ROGUE,throwing_weapon,NONE,,,,,,,,,,,,,,,,,,NO_COMPATIBLE_ITEM,88.25,0.0,88.25,106,1792.0,1792.0,,6,9,70000.0,70000.0,False,4,35000.0
49,7,BUY_FROM_SHOP,CLERIC,gauntlet,NONE,,,,,,,,,,,,,,,,,,NO_COMPATIBLE_ITEM,88.25,0.0,88.25,106,1792.0,1792.0,,6,9,70000.0,70000.0,False,4,35000.0
49,7,SELL_TO_SHOP,ARCHER,,BUY_FROM_CUSTOMER,57,ARCHER,bow,1,,,,,1725,1797,1797,2156,,,,,,SUCCESSFUL_PURCHASE,88.25,6.0,94.25,107,1792.0,67.0,,7,9,70000.0,70000.0,False,4,35000.0
49,7,BUY_FROM_SHOP,CLERIC,staff,NONE,,,,,,,,,,,,,,,,,,NO_COMPATIBLE_ITEM,94.25,0.0,94.25,107,67.0,67.0,,7,9,70000.0,70000.0,False,4,35000.0
49,7,SELL_TO_SHOP,ARCHER,,NONE,58,ARCHER,crossbow,3,,,,,,4120,4120,,,,,,,REJECTED_OVERPRICED,94.25,-2.0,92.25,107,67.0,67.0,,7,9,70000.0,70000.0,False,4,35000.0
49,7,SELL_TO_SHOP,GUNNER,,NONE,58,GUNNER,heavy_weapon,2,,,,,,16563,16563,,,,,,,MISSED_PURCHASE_DUE_TO_CASH,92.25,0.0,92.25,107,67.0,67.0,,7,9,70000.0,70000.0,False,4,35000.0
50,8,BUY_FROM_SHOP,ROGUE,throwing_weapon,NONE,,,,,,,,,,,,,,,,,,NO_COMPATIBLE_ITEM,92.25,0.0,92.25,107,-18933.0,-18933.0,,7,9,65000.0,65000.0,True,4,35000.0
50,8,BUY_FROM_SHOP,CLERIC,gauntlet,NONE,,,,,,,,,,,,,,,,,,NO_COMPATIBLE_ITEM,92.25,0.0,92.25,107,-18933.0,-18933.0,,7,9,65000.0,65000.0,True,4,35000.0
50,8,BUY_FROM_SHOP,MAGE,wand,SELL_TO_CUSTOMER,50,MAGE,wand,1,76.95666666666666,1.0,True,HIGH_INTEREST,1082,1082,1082,1298,1190,1190,108,0.09981515711645102,1,BUYER_PURCHASES,92.25,1.0,93.25,108,-18933.0,-17743.0,16,6,9,65000.0,65000.0,True,4,35000.0
50,8,BUY_FROM_SHOP,WARRIOR,axe,NONE,24,WARRIOR,one_handed_sword,1,60.4675,0.5,False,MEDIUM_INTEREST,1972,1972,1452,1742,1452,,,,2,PRICE_NEGOTIATION_FAILURE,93.25,0.0,93.25,108,-17743.0,-17743.0,39,6,9,65000.0,65000.0,True,4,35000.0
50,8,SELL_TO_SHOP,CLERIC,,NONE,58,CLERIC,gauntlet,3,,,,,,7260,7260,,,,,,,MISSED_PURCHASE_DUE_TO_CASH,93.25,-2.0,91.25,108,-17743.0,-17743.0,,6,9,65000.0,65000.0,True,4,35000.0
50,8,BUY_FROM_SHOP,WARRIOR,one_handed_sword,NONE,24,WARRIOR,one_handed_sword,1,62.2675,0.5,True,MEDIUM_INTEREST,1972,1972,1452,1742,1568,,,,2,PRICE_NEGOTIATION_FAILURE,91.25,0.0,91.25,108,-17743.0,-17743.0,39,6,9,65000.0,65000.0,True,4,35000.0
51,8,BUY_FROM_SHOP,CLERIC,gauntlet,NONE,,,,,,,,,,,,,,,,,,NO_COMPATIBLE_ITEM,91.25,0.0,91.25,108,-17743.0,-17743.0,,6,9,65000.0,65000.0,True,4,35000.0
51,8,SELL_TO_SHOP,WARRIOR,,NONE,58,ARCHER,bow,1,,,,,,1050,1050,,,,,,,MISSED_PURCHASE_DUE_TO_CASH,91.25,0.0,91.25,108,-17743.0,-17743.0,,6,9,65000.0,65000.0,True,4,35000.0
51,8,BUY_FROM_SHOP,CLERIC,mace,NONE,,,,,,,,,,,,,,,,,,NO_COMPATIBLE_ITEM,91.25,0.0,91.25,108,-17743.0,-17743.0,,6,9,65000.0,65000.0,True,4,35000.0
51,8,BUY_FROM_SHOP,ROGUE,dagger,NONE,,,,,,,,,,,,,,,,,,NO_COMPATIBLE_ITEM,91.25,0.0,91.25,108,-17743.0,-17743.0,,6,9,65000.0,65000.0,True,4,35000.0
51,8,BUY_FROM_SHOP,ROGUE,throwing_weapon,NONE,,,,,,,,,,,,,,,,,,NO_COMPATIBLE_ITEM,91.25,0.0,91.25,108,-17743.0,-17743.0,,6,9,65000.0,65000.0,True,4,35000.0
51,8,SELL_TO_SHOP,MAGE,,NONE,58,MAGE,wand,1,,,,,,1300,1300,,,,,,,MISSED_PURCHASE_DUE_TO_CASH,91.25,0.0,91.25,108,-17743.0,-17743.0,,6,9,65000.0,65000.0,True,4,35000.0
52,8,SELL_TO_SHOP,CLERIC,,NONE,58,CLERIC,staff,1,,,,,,1632,1632,,,,,,,MISSED_PURCHASE_DUE_TO_CASH,91.25,0.0,91.25,108,-17743.0,-17743.0,,6,9,65000.0,65000.0,True,4,35000.0
52,8,SELL_TO_SHOP,ROGUE,,NONE,58,ROGUE,throwing_weapon,1,,,,,,1562,1562,,,,,,,MISSED_PURCHASE_DUE_TO_CASH,91.25,-2.0,89.25,108,-17743.0,-17743.0,,6,9,65000.0,65000.0,True,4,35000.0
52,8,SELL_TO_SHOP,MAGE,,NONE,58,MAGE,wand,3,,,,,,20670,20670,,,,,,,REJECTED_OVERPRICED,89.25,0.0,89.25,108,-17743.0,-17743.0,,6,9,65000.0,65000.0,True,4,35000.0
52,8,SELL_TO_SHOP,GUNNER,,NONE,58,GUNNER,gun,5,,,,,,81732,81732,,,,,,,MISSED_PURCHASE_DUE_TO_CASH,89.25,0.0,89.25,108,-17743.0,-17743.0,,6,9,65000.0,65000.0,True,4,35000.0
52,8,BUY_FROM_SHOP,GUNNER,heavy_weapon,NONE,,,,,,,,,,,,,,,,,,NO_COMPATIBLE_ITEM,89.25,0.0,89.25,108,-17743.0,-17743.0,,6,9,65000.0,65000.0,True,4,35000.0
52,8,SELL_TO_SHOP,CLERIC,,NONE,58,CLERIC,gauntlet,2,,,,,,2009,2009,,,,,,,MISSED_PURCHASE_DUE_TO_CASH,89.25,-2.0,87.25,108,-17743.0,-17743.0,,6,9,65000.0,65000.0,True,4,35000.0
53,8,SELL_TO_SHOP,GUNNER,,NONE,58,CLERIC,gauntlet,2,,,,,,4800,4800,,,,,,,MISSED_PURCHASE_DUE_TO_CASH,87.25,0.0,87.25,108,-17743.0,-17743.0,,6,9,65000.0,65000.0,True,4,35000.0
53,8,BUY_FROM_SHOP,ARCHER,bow,SELL_TO_CUSTOMER,52,ARCHER,bow,2,83.71833333333333,1.0,True,HIGH_INTEREST,2240,4480,4980,5976,5229,5229,2989,1.334375,1,BUYER_PURCHASES,87.25,1.0,88.25,109,-17743.0,-12514.0,18,5,9,65000.0,65000.0,True,4,35000.0
53,8,BUY_FROM_SHOP,WARRIOR,greatsword,NONE,24,WARRIOR,one_handed_sword,1,45.535,0.5,False,LOW_INTEREST,1972,1972,1452,1742,1481,,,,3,PRICE_NEGOTIATION_FAILURE,88.25,0.0,88.25,109,-12514.0,-12514.0,42,5,9,65000.0,65000.0,True,4,35000.0
53,8,BUY_FROM_SHOP,CLERIC,gauntlet,NONE,,,,,,,,,,,,,,,,,,NO_COMPATIBLE_ITEM,88.25,0.0,88.25,109,-12514.0,-12514.0,,5,9,65000.0,65000.0,True,4,35000.0
53,8,SELL_TO_SHOP,MAGE,,NONE,58,MAGE,wand,3,,,,,,3608,3608,,,,,,,MISSED_PURCHASE_DUE_TO_CASH,88.25,-2.0,86.25,109,-12514.0,-12514.0,,5,9,65000.0,65000.0,True,4,35000.0
53,8,SELL_TO_SHOP,ROGUE,,NONE,58,ROGUE,dagger,2,,,,,,8192,8192,,,,,,,REJECTED_SCAMMER,86.25,-5,81.25,109,-12514.0,-12514.0,,5,9,65000.0,65000.0,True,4,35000.0
53,8,SELL_TO_SHOP,ROGUE,,NONE,58,ROGUE,throwing_weapon,1,,,,,,6031,6031,,,,,,,MISSED_PURCHASE_DUE_TO_CASH,81.25,-2.0,79.25,109,-12514.0,-12514.0,,5,9,65000.0,65000.0,True,4,35000.0
54,8,SELL_TO_SHOP,GUNNER,,NONE,58,GUNNER,heavy_weapon,1,,,,,,4926,4926,,,,,,,REJECTED_OVERPRICED,79.25,-2.0,77.25,109,-12514.0,-12514.0,,5,9,65000.0,65000.0,True,4,35000.0
54,8,SELL_TO_SHOP,CLERIC,,NONE,58,CLERIC,mace,1,,,,,,2461,2461,,,,,,,REJECTED_OVERPRICED,77.25,0.0,77.25,109,-12514.0,-12514.0,,5,9,65000.0,65000.0,True,4,35000.0
54,8,SELL_TO_SHOP,ROGUE,,NONE,58,WARRIOR,greatsword,1,,,,,,2795,2795,,,,,,,REJECTED_OVERPRICED,77.25,-2.0,75.25,109,-12514.0,-12514.0,,5,9,65000.0,65000.0,True,4,35000.0
54,8,BUY_FROM_SHOP,WARRIOR,spear,NONE,24,WARRIOR,one_handed_sword,1,49.2675,0.0,False,LOW_INTEREST,1972,1972,1452,1742,1452,,,,3,PRICE_NEGOTIATION_FAILURE,75.25,0.0,75.25,109,-12514.0,-12514.0,43,5,9,65000.0,65000.0,True,4,35000.0
54,8,SELL_TO_SHOP,WARRIOR,,NONE,58,WARRIOR,spear,2,,,,,,3525,3525,,,,,,,MISSED_PURCHASE_DUE_TO_CASH,75.25,-2.0,73.25,109,-12514.0,-12514.0,,5,9,65000.0,65000.0,True,4,35000.0
54,8,BUY_FROM_SHOP,ROGUE,throwing_weapon,NONE,,,,,,,,,,,,,,,,,,NO_COMPATIBLE_ITEM,73.25,0.0,73.25,109,-12514.0,-12514.0,,5,9,65000.0,65000.0,True,4,35000.0
55,8,SELL_TO_SHOP,ROGUE,,NONE,58,ROGUE,dagger,3,,,,,,3028,3028,,,,,,,REJECTED_OVERPRICED,73.25,-2.0,71.25,109,-12514.0,-12514.0,,5,9,65000.0,65000.0,True,4,35000.0
55,8,SELL_TO_SHOP,CLERIC,,NONE,58,ROGUE,dagger,1,,,,,,780,780,,,,,,,MISSED_PURCHASE_DUE_TO_CASH,71.25,-2.0,69.25,109,-12514.0,-12514.0,,5,9,65000.0,65000.0,True,4,35000.0
55,8,BUY_FROM_SHOP,CLERIC,staff,NONE,,,,,,,,,,,,,,,,,,NO_COMPATIBLE_ITEM,69.25,0.0,69.25,109,-12514.0,-12514.0,,5,9,65000.0,65000.0,True,4,35000.0
55,8,SELL_TO_SHOP,MAGE,,NONE,58,MAGE,grimoire,2,,,,,,8981,8981,,,,,,,REJECTED_OVERPRICED,69.25,-2.0,67.25,109,-12514.0,-12514.0,,5,9,65000.0,65000.0,True,4,35000.0
55,8,BUY_FROM_SHOP,GUNNER,heavy_weapon,NONE,,,,,,,,,,,,,,,,,,NO_COMPATIBLE_ITEM,67.25,0.0,67.25,109,-12514.0,-12514.0,,5,9,65000.0,65000.0,True,4,35000.0
55,8,BUY_FROM_SHOP,WARRIOR,spear,NONE,24,WARRIOR,one_handed_sword,1,49.07,0.0,False,LOW_INTEREST,1972,1972,1452,1742,1481,,,,3,PRICE_NEGOTIATION_FAILURE,67.25,0.0,67.25,109,-12514.0,-12514.0,44,5,9,65000.0,65000.0,True,4,35000.0
55,8,BUY_FROM_SHOP,GUNNER,gun,NONE,,,,,,,,,,,,,,,,,,NO_COMPATIBLE_ITEM,67.25,0.0,67.25,109,-12514.0,-12514.0,,5,9,65000.0,65000.0,True,4,35000.0
55,8,BUY_FROM_SHOP,GUNNER,gun,NONE,,,,,,,,,,,,,,,,,,NO_COMPATIBLE_ITEM,67.25,0.0,67.25,109,-12514.0,-12514.0,,5,9,65000.0,65000.0,True,4,35000.0
56,8,BUY_FROM_SHOP,MAGE,grimoire,NONE,,,,,,,,,,,,,,,,,,NO_COMPATIBLE_ITEM,67.25,0.0,67.25,109,-12514.0,-12514.0,,5,9,65000.0,65000.0,True,4,35000.0
56,8,SELL_TO_SHOP,ROGUE,,NONE,58,WARRIOR,greatsword,2,,,,,,3000,3000,,,,,,,MISSED_PURCHASE_DUE_TO_CASH,67.25,-2.0,65.25,109,-12514.0,-12514.0,,5,9,65000.0,65000.0,True,4,35000.0
56,8,BUY_FROM_SHOP,CLERIC,mace,NONE,,,,,,,,,,,,,,,,,,NO_COMPATIBLE_ITEM,65.25,0.0,65.25,109,-12514.0,-12514.0,,5,9,65000.0,65000.0,True,4,35000.0
56,8,BUY_FROM_SHOP,GUNNER,heavy_weapon,NONE,,,,,,,,,,,,,,,,,,NO_COMPATIBLE_ITEM,65.25,0.0,65.25,109,-12514.0,-12514.0,,5,9,65000.0,65000.0,True,4,35000.0
56,8,SELL_TO_SHOP,GUNNER,,NONE,58,GUNNER,heavy_weapon,1,,,,,,979,979,,,,,,,MISSED_PURCHASE_DUE_TO_CASH,65.25,0.0,65.25,109,-12514.0,-12514.0,,5,9,65000.0,65000.0,True,4,35000.0
56,8,SELL_TO_SHOP,MAGE,,NONE,58,MAGE,staff,5,,,,,,54180,54180,,,,,,,MISSED_PURCHASE_DUE_TO_CASH,65.25,0.0,65.25,109,-12514.0,-12514.0,,5,9,65000.0,65000.0,True,4,35000.0
56,8,BUY_FROM_SHOP,WARRIOR,greatsword,NONE,24,WARRIOR,one_handed_sword,1,57.3,0.5,False,MEDIUM_INTEREST,1972,1972,1452,1742,1568,,,,2,PRICE_NEGOTIATION_FAILURE,65.25,0.0,65.25,109,-12514.0,-12514.0,45,5,9,65000.0,65000.0,True,4,35000.0
56,8,SELL_TO_SHOP,GUNNER,,NONE,58,GUNNER,gun,1,,,,,,2038,2038,,,,,,,MISSED_PURCHASE_DUE_TO_CASH,65.25,0.0,65.25,109,-12514.0,-12514.0,,5,9,65000.0,65000.0,True,4,35000.0
57,9,SELL_TO_SHOP,WARRIOR,,NONE,58,WARRIOR,greatsword,2,,,,,,2686,2686,,,,,,,MISSED_PURCHASE_DUE_TO_CASH,65.25,0.0,65.25,109,-33514.0,-33514.0,,5,9,60000.0,60000.0,True,4,35000.0
57,9,SELL_TO_SHOP,ROGUE,,NONE,58,WARRIOR,one_handed_sword,1,,,,,,3300,3300,,,,,,,MISSED_PURCHASE_DUE_TO_CASH,65.25,-2.0,63.25,109,-33514.0,-33514.0,,5,9,60000.0,60000.0,True,4,35000.0
57,9,SELL_TO_SHOP,ARCHER,,NONE,58,ARCHER,bow,1,,,,,,1853,1853,,,,,,,MISSED_PURCHASE_DUE_TO_CASH,63.25,-2.0,61.25,109,-33514.0,-33514.0,,5,9,60000.0,60000.0,True,4,35000.0
57,9,BUY_FROM_SHOP,GUNNER,heavy_weapon,NONE,,,,,,,,,,,,,,,,,,NO_COMPATIBLE_ITEM,61.25,0.0,61.25,109,-33514.0,-33514.0,,5,9,60000.0,60000.0,True,4,35000.0
57,9,BUY_FROM_SHOP,ARCHER,bow,SELL_TO_CUSTOMER,57,ARCHER,bow,1,64.64,1.0,True,MEDIUM_INTEREST,1725,1797,2447,2936,2569,2569,844,0.48927536231884056,2,BUYER_PURCHASES,61.25,0,61.25,110,-33514.0,-30945.0,8,4,9,60000.0,60000.0,True,4,35000.0
57,9,SELL_TO_SHOP,MAGE,,NONE,58,MAGE,wand,2,,,,,,7088,7088,,,,,,,REJECTED_OVERPRICED,61.25,-2.0,59.25,110,-30945.0,-30945.0,,4,9,60000.0,60000.0,True,4,35000.0
58,9,BUY_FROM_SHOP,WARRIOR,greatsword,NONE,24,WARRIOR,one_handed_sword,1,81.3675,1.0,False,HIGH_INTEREST,1972,1972,1852,2222,1945,,,,1,PRICE_NEGOTIATION_FAILURE,59.25,0.0,59.25,110,-30945.0,-30945.0,47,4,9,60000.0,60000.0,True,4,35000.0
58,9,SELL_TO_SHOP,ARCHER,,NONE,58,ARCHER,bow,3,,,,,,975,975,,,,,,,MISSED_PURCHASE_DUE_TO_CASH,59.25,-2.0,57.25,110,-30945.0,-30945.0,,4,9,60000.0,60000.0,True,4,35000.0
58,9,SELL_TO_SHOP,MAGE,,NONE,58,ARCHER,bow,3,,,,,,12025,12025,,,,,,,MISSED_PURCHASE_DUE_TO_CASH,57.25,-2.0,55.25,110,-30945.0,-30945.0,,4,9,60000.0,60000.0,True,4,35000.0
58,9,BUY_FROM_SHOP,ARCHER,bow,SELL_TO_CUSTOMER,56,ARCHER,crossbow,1,55.54,1.0,False,MEDIUM_INTEREST,521,521,1046,1255,1046,1046,525,1.0076775431861804,2,BUYER_PURCHASES,55.25,0,55.25,111,-30945.0,-29899.0,18,3,9,60000.0,60000.0,True,4,35000.0
58,9,SELL_TO_SHOP,GUNNER,,NONE,58,GUNNER,heavy_weapon,3,,,,,,8746,8746,,,,,,,MISSED_PURCHASE_DUE_TO_CASH,55.25,0.0,55.25,111,-29899.0,-29899.0,,3,9,60000.0,60000.0,True,4,35000.0
58,9,BUY_FROM_SHOP,ROGUE,dagger,NONE,,,,,,,,,,,,,,,,,,NO_COMPATIBLE_ITEM,55.25,0.0,55.25,111,-29899.0,-29899.0,,3,9,60000.0,60000.0,True,4,35000.0
58,9,SELL_TO_SHOP,ARCHER,,NONE,58,ARCHER,crossbow,1,,,,,,3044,3044,,,,,,,MISSED_PURCHASE_DUE_TO_CASH,55.25,0.0,55.25,111,-29899.0,-29899.0,,3,9,60000.0,60000.0,True,4,35000.0
58,9,SELL_TO_SHOP,GUNNER,,NONE,58,WARRIOR,axe,2,,,,,,5980,5980,,,,,,,REJECTED_OVERPRICED,55.25,0.0,55.25,111,-29899.0,-29899.0,,3,9,60000.0,60000.0,True,4,35000.0
59,9,SELL_TO_SHOP,ROGUE,,NONE,58,ROGUE,throwing_weapon,1,,,,,,2092,2092,,,,,,,REJECTED_SCAMMER,55.25,-5,50.25,111,-29899.0,-29899.0,,3,9,60000.0,60000.0,True,4,35000.0
59,9,SELL_TO_SHOP,GUNNER,,NONE,58,GUNNER,gun,1,,,,,,2526,2526,,,,,,,MISSED_PURCHASE_DUE_TO_CASH,50.25,0.0,50.25,111,-29899.0,-29899.0,,3,9,60000.0,60000.0,True,4,35000.0
59,9,BUY_FROM_SHOP,GUNNER,gun,NONE,,,,,,,,,,,,,,,,,,NO_COMPATIBLE_ITEM,50.25,0.0,50.25,111,-29899.0,-29899.0,,3,9,60000.0,60000.0,True,4,35000.0
59,9,SELL_TO_SHOP,WARRIOR,,NONE,58,WARRIOR,axe,1,,,,,,4015,4015,,,,,,,REJECTED_OVERPRICED,50.25,-2.0,48.25,111,-29899.0,-29899.0,,3,9,60000.0,60000.0,True,4,35000.0
59,9,BUY_FROM_SHOP,MAGE,wand,NONE,,,,,,,,,,,,,,,,,,NO_COMPATIBLE_ITEM,48.25,0.0,48.25,111,-29899.0,-29899.0,,3,9,60000.0,60000.0,True,4,35000.0
59,9,BUY_FROM_SHOP,ROGUE,dagger,NONE,,,,,,,,,,,,,,,,,,NO_COMPATIBLE_ITEM,48.25,0.0,48.25,111,-29899.0,-29899.0,,3,9,60000.0,60000.0,True,4,35000.0
60,9,SELL_TO_SHOP,ROGUE,,NONE,58,ROGUE,throwing_weapon,2,,,,,,3319,3319,,,,,,,MISSED_PURCHASE_DUE_TO_CASH,48.25,0.0,48.25,111,-29899.0,-29899.0,,3,9,60000.0,60000.0,True,4,35000.0
60,9,BUY_FROM_SHOP,WARRIOR,axe,NONE,24,WARRIOR,one_handed_sword,1,80.535,1.0,False,HIGH_INTEREST,1972,1972,1852,2222,1945,,,,1,PRICE_NEGOTIATION_FAILURE,48.25,0.0,48.25,111,-29899.0,-29899.0,49,3,9,60000.0,60000.0,True,4,35000.0
60,9,BUY_FROM_SHOP,ARCHER,crossbow,NONE,,,,,,,,,,,,,,,,,,NO_COMPATIBLE_ITEM,48.25,0.0,48.25,111,-29899.0,-29899.0,,3,9,60000.0,60000.0,True,4,35000.0
60,9,BUY_FROM_SHOP,ARCHER,crossbow,NONE,,,,,,,,,,,,,,,,,,NO_COMPATIBLE_ITEM,48.25,0.0,48.25,111,-29899.0,-29899.0,,3,9,60000.0,60000.0,True,4,35000.0
60,9,BUY_FROM_SHOP,CLERIC,staff,NONE,,,,,,,,,,,,,,,,,,NO_COMPATIBLE_ITEM,48.25,0.0,48.25,111,-29899.0,-29899.0,,3,9,60000.0,60000.0,True,4,35000.0
60,9,BUY_FROM_SHOP,ROGUE,throwing_weapon,NONE,,,,,,,,,,,,,,,,,,NO_COMPATIBLE_ITEM,48.25,0.0,48.25,111,-29899.0,-29899.0,,3,9,60000.0,60000.0,True,4,35000.0
60,9,BUY_FROM_SHOP,MAGE,staff,NONE,,,,,,,,,,,,,,,,,,NO_COMPATIBLE_ITEM,48.25,0.0,48.25,111,-29899.0,-29899.0,,3,9,60000.0,60000.0,True,4,35000.0
61,9,SELL_TO_SHOP,ARCHER,,NONE,58,ARCHER,crossbow,3,,,,,,18630,18630,,,,,,,MISSED_PURCHASE_DUE_TO_CASH,48.25,0.0,48.25,111,-29899.0,-29899.0,,3,9,60000.0,60000.0,True,4,35000.0
61,9,SELL_TO_SHOP,ARCHER,,NONE,58,ARCHER,crossbow,1,,,,,,2293,2293,,,,,,,MISSED_PURCHASE_DUE_TO_CASH,48.25,-2.0,46.25,111,-29899.0,-29899.0,,3,9,60000.0,60000.0,True,4,35000.0
61,9,SELL_TO_SHOP,CLERIC,,NONE,58,CLERIC,gauntlet,1,,,,,,874,874,,,,,,,MISSED_PURCHASE_DUE_TO_CASH,46.25,-2.0,44.25,111,-29899.0,-29899.0,,3,9,60000.0,60000.0,True,4,35000.0
61,9,SELL_TO_SHOP,ARCHER,,NONE,58,ARCHER,crossbow,3,,,,,,12325,12325,,,,,,,MISSED_PURCHASE_DUE_TO_CASH,44.25,-2.0,42.25,111,-29899.0,-29899.0,,3,9,60000.0,60000.0,True,4,35000.0
61,9,BUY_FROM_SHOP,CLERIC,mace,NONE,,,,,,,,,,,,,,,,,,NO_COMPATIBLE_ITEM,42.25,0.0,42.25,111,-29899.0,-29899.0,,3,9,60000.0,60000.0,True,4,35000.0
61,9,BUY_FROM_SHOP,CLERIC,gauntlet,NONE,,,,,,,,,,,,,,,,,,NO_COMPATIBLE_ITEM,42.25,0.0,42.25,111,-29899.0,-29899.0,,3,9,60000.0,60000.0,True,4,35000.0
61,9,SELL_TO_SHOP,ARCHER,,NONE,58,ARCHER,bow,1,,,,,,3331,3331,,,,,,,REJECTED_SCAMMER,42.25,-5,37.25,111,-29899.0,-29899.0,,3,9,60000.0,60000.0,True,4,35000.0
61,9,SELL_TO_SHOP,ARCHER,,NONE,58,ARCHER,crossbow,2,,,,,,4024,4024,,,,,,,REJECTED_SCAMMER,37.25,-5,32.25,111,-29899.0,-29899.0,,3,9,60000.0,60000.0,True,4,35000.0
62,9,SELL_TO_SHOP,GUNNER,,NONE,58,GUNNER,gun,1,,,,,,4599,4599,,,,,,,MISSED_PURCHASE_DUE_TO_CASH,32.25,0.0,32.25,111,-29899.0,-29899.0,,3,9,60000.0,60000.0,True,4,35000.0
62,9,SELL_TO_SHOP,ARCHER,,NONE,58,ARCHER,crossbow,5,,,,,,117145,117145,,,,,,,MISSED_PURCHASE_DUE_TO_CASH,32.25,0.0,32.25,111,-29899.0,-29899.0,,3,9,60000.0,60000.0,True,4,35000.0
62,9,BUY_FROM_SHOP,GUNNER,gun,NONE,,,,,,,,,,,,,,,,,,NO_COMPATIBLE_ITEM,32.25,0.0,32.25,111,-29899.0,-29899.0,,3,9,60000.0,60000.0,True,4,35000.0
62,9,BUY_FROM_SHOP,CLERIC,gauntlet,NONE,,,,,,,,,,,,,,,,,,NO_COMPATIBLE_ITEM,32.25,0.0,32.25,111,-29899.0,-29899.0,,3,9,60000.0,60000.0,True,4,35000.0
62,9,SELL_TO_SHOP,WARRIOR,,NONE,58,WARRIOR,axe,2,,,,,,2748,2748,,,,,,,MISSED_PURCHASE_DUE_TO_CASH,32.25,-2.0,30.25,111,-29899.0,-29899.0,,3,9,60000.0,60000.0,True,4,35000.0
62,9,BUY_FROM_SHOP,ARCHER,bow,NONE,,,,,,,,,,,,,,,,,,NO_COMPATIBLE_ITEM,30.25,0.0,30.25,111,-29899.0,-29899.0,,3,9,60000.0,60000.0,True,4,35000.0
62,9,BUY_FROM_SHOP,GUNNER,gun,NONE,,,,,,,,,,,,,,,,,,NO_COMPATIBLE_ITEM,30.25,0.0,30.25,111,-29899.0,-29899.0,,3,9,60000.0,60000.0,True,4,35000.0
63,9,SELL_TO_SHOP,WARRIOR,,NONE,58,WARRIOR,one_handed_sword,2,,,,,,4886,4886,,,,,,,MISSED_PURCHASE_DUE_TO_CASH,30.25,-2.0,28.25,111,-29899.0,-29899.0,,3,9,60000.0,60000.0,True,4,35000.0
63,9,BUY_FROM_SHOP,ROGUE,throwing_weapon,NONE,,,,,,,,,,,,,,,,,,NO_COMPATIBLE_ITEM,28.25,0.0,28.25,111,-29899.0,-29899.0,,3,9,60000.0,60000.0,True,4,35000.0
63,9,SELL_TO_SHOP,WARRIOR,,NONE,58,WARRIOR,one_handed_sword,1,,,,,,1725,1725,,,,,,,MISSED_PURCHASE_DUE_TO_CASH,28.25,-2.0,26.25,111,-29899.0,-29899.0,,3,9,60000.0,60000.0,True,4,35000.0
63,9,SELL_TO_SHOP,WARRIOR,,NONE,58,WARRIOR,greatsword,4,,,,,,71640,71640,,,,,,,MISSED_PURCHASE_DUE_TO_CASH,26.25,0.0,26.25,111,-29899.0,-29899.0,,3,9,60000.0,60000.0,True,4,35000.0
63,9,BUY_FROM_SHOP,ARCHER,crossbow,NONE,,,,,,,,,,,,,,,,,,NO_COMPATIBLE_ITEM,26.25,0.0,26.25,111,-29899.0,-29899.0,,3,9,60000.0,60000.0,True,4,35000.0
63,9,SELL_TO_SHOP,ROGUE,,NONE,58,ROGUE,throwing_weapon,4,,,,,,40725,40725,,,,,,,REJECTED_SCAMMER,26.25,-5,21.25,111,-29899.0,-29899.0,,3,9,60000.0,60000.0,True,4,35000.0
63,9,BUY_FROM_SHOP,ROGUE,throwing_weapon,NONE,,,,,,,,,,,,,,,,,,NO_COMPATIBLE_ITEM,21.25,0.0,21.25,111,-29899.0,-29899.0,,3,9,60000.0,60000.0,True,4,35000.0
63,9,BUY_FROM_SHOP,WARRIOR,axe,SELL_TO_CUSTOMER,24,WARRIOR,one_handed_sword,1,81.87,1.0,False,HIGH_INTEREST,1972,1972,1852,2222,2111,2111,139,0.0704868154158215,1,BUYER_PURCHASES,21.25,1.0,22.25,112,-29899.0,-27788.0,52,2,9,60000.0,60000.0,True,4,35000.0
64,10,SELL_TO_SHOP,CLERIC,,NONE,58,CLERIC,staff,2,,,,,,2052,2052,,,,,,,MISSED_PURCHASE_DUE_TO_CASH,22.25,-2.0,20.25,112,-50788.0,-50788.0,,2,9,55000.0,55000.0,True,4,35000.0
64,10,BUY_FROM_SHOP,MAGE,wand,NONE,,,,,,,,,,,,,,,,,,NO_COMPATIBLE_ITEM,20.25,0.0,20.25,112,-50788.0,-50788.0,,2,9,55000.0,55000.0,True,4,35000.0
64,10,SELL_TO_SHOP,CLERIC,,NONE,58,CLERIC,mace,1,,,,,,1443,1443,,,,,,,MISSED_PURCHASE_DUE_TO_CASH,20.25,0.0,20.25,112,-50788.0,-50788.0,,2,9,55000.0,55000.0,True,4,35000.0
64,10,BUY_FROM_SHOP,ROGUE,dagger,NONE,,,,,,,,,,,,,,,,,,NO_COMPATIBLE_ITEM,20.25,0.0,20.25,112,-50788.0,-50788.0,,2,9,55000.0,55000.0,True,4,35000.0
64,10,BUY_FROM_SHOP,ROGUE,throwing_weapon,NONE,,,,,,,,,,,,,,,,,,NO_COMPATIBLE_ITEM,20.25,0.0,20.25,112,-50788.0,-50788.0,,2,9,55000.0,55000.0,True,4,35000.0
64,10,SELL_TO_SHOP,ROGUE,,NONE,58,ROGUE,dagger,1,,,,,,3140,3140,,,,,,,REJECTED_OVERPRICED,20.25,-2.0,18.25,112,-50788.0,-50788.0,,2,9,55000.0,55000.0,True,4,35000.0
64,10,BUY_FROM_SHOP,MAGE,wand,NONE,,,,,,,,,,,,,,,,,,NO_COMPATIBLE_ITEM,18.25,0.0,18.25,112,-50788.0,-50788.0,,2,9,55000.0,55000.0,True,4,35000.0
65,10,SELL_TO_SHOP,ARCHER,,NONE,58,ARCHER,crossbow,3,,,,,,6633,6633,,,,,,,MISSED_PURCHASE_DUE_TO_CASH,18.25,-2.0,16.25,112,-50788.0,-50788.0,,2,9,55000.0,55000.0,True,4,35000.0
65,10,SELL_TO_SHOP,MAGE,,NONE,58,MAGE,grimoire,2,,,,,,2415,2415,,,,,,,MISSED_PURCHASE_DUE_TO_CASH,16.25,-2.0,14.25,112,-50788.0,-50788.0,,2,9,55000.0,55000.0,True,4,35000.0
65,10,SELL_TO_SHOP,WARRIOR,,NONE,58,WARRIOR,axe,3,,,,,,10822,10822,,,,,,,REJECTED_OVERPRICED,14.25,0.0,14.25,112,-50788.0,-50788.0,,2,9,55000.0,55000.0,True,4,35000.0
65,10,SELL_TO_SHOP,CLERIC,,NONE,58,MAGE,grimoire,3,,,,,,9425,9425,,,,,,,REJECTED_OVERPRICED,14.25,0.0,14.25,112,-50788.0,-50788.0,,2,9,55000.0,55000.0,True,4,35000.0
65,10,SELL_TO_SHOP,ROGUE,,NONE,58,ROGUE,dagger,4,,,,,,52890,52890,,,,,,,MISSED_PURCHASE_DUE_TO_CASH,14.25,-2.0,12.25,112,-50788.0,-50788.0,,2,9,55000.0,55000.0,True,4,35000.0
65,10,BUY_FROM_SHOP,CLERIC,gauntlet,NONE,,,,,,,,,,,,,,,,,,NO_COMPATIBLE_ITEM,12.25,0.0,12.25,112,-50788.0,-50788.0,,2,9,55000.0,55000.0,True,4,35000.0
65,10,BUY_FROM_SHOP,WARRIOR,spear,SELL_TO_CUSTOMER,36,WARRIOR,one_handed_sword,1,69.15,1.0,False,MEDIUM_INTEREST,1665,2775,3000,3600,3000,3000,1335,0.8018018018018018,2,BUYER_PURCHASES,12.25,0,12.25,113,-50788.0,-47788.0,46,1,9,55000.0,55000.0,True,4,35000.0
65,10,SELL_TO_SHOP,GUNNER,,NONE,58,GUNNER,heavy_weapon,3,,,,,,2680,2680,,,,,,,MISSED_PURCHASE_DUE_TO_CASH,12.25,-2.0,10.25,113,-47788.0,-47788.0,,1,9,55000.0,55000.0,True,4,35000.0
66,10,SELL_TO_SHOP,WARRIOR,,NONE,58,ARCHER,crossbow,1,,,,,,3600,3600,,,,,,,REJECTED_OVERPRICED,10.25,-2.0,8.25,113,-47788.0,-47788.0,,1,9,55000.0,55000.0,True,4,35000.0
66,10,BUY_FROM_SHOP,ARCHER,crossbow,NONE,,,,,,,,,,,,,,,,,,NO_COMPATIBLE_ITEM,8.25,0.0,8.25,113,-47788.0,-47788.0,,1,9,55000.0,55000.0,True,4,35000.0
66,10,BUY_FROM_SHOP,ARCHER,crossbow,NONE,,,,,,,,,,,,,,,,,,NO_COMPATIBLE_ITEM,8.25,0.0,8.25,113,-47788.0,-47788.0,,1,9,55000.0,55000.0,True,4,35000.0
66,10,SELL_TO_SHOP,CLERIC,,NONE,58,CLERIC,mace,4,,,,,,40404,40404,,,,,,,MISSED_PURCHASE_DUE_TO_CASH,8.25,0.0,8.25,113,-47788.0,-47788.0,,1,9,55000.0,55000.0,True,4,35000.0
66,10,BUY_FROM_SHOP,CLERIC,staff,NONE,,,,,,,,,,,,,,,,,,NO_COMPATIBLE_ITEM,8.25,0.0,8.25,113,-47788.0,-47788.0,,1,9,55000.0,55000.0,True,4,35000.0
66,10,BUY_FROM_SHOP,GUNNER,gun,NONE,,,,,,,,,,,,,,,,,,NO_COMPATIBLE_ITEM,8.25,0.0,8.25,113,-47788.0,-47788.0,,1,9,55000.0,55000.0,True,4,35000.0
66,10,SELL_TO_SHOP,CLERIC,,NONE,58,WARRIOR,one_handed_sword,1,,,,,,2850,2850,,,,,,,MISSED_PURCHASE_DUE_TO_CASH,8.25,-2.0,6.25,113,-47788.0,-47788.0,,1,9,55000.0,55000.0,True,4,35000.0
66,10,BUY_FROM_SHOP,WARRIOR,greatsword,NONE,,,,,34.15,0.0,False,,,,,,,,,,,NO_INTEREST,6.25,0.0,6.25,113,-47788.0,-47788.0,,1,9,55000.0,55000.0,True,4,35000.0
67,10,SELL_TO_SHOP,WARRIOR,,NONE,58,WARRIOR,spear,2,,,,,,5419,5419,,,,,,,MISSED_PURCHASE_DUE_TO_CASH,6.25,0.0,6.25,113,-47788.0,-47788.0,,1,9,55000.0,55000.0,True,4,35000.0
67,10,SELL_TO_SHOP,GUNNER,,NONE,58,GUNNER,heavy_weapon,4,,,,,,52500,52500,,,,,,,REJECTED_OVERPRICED,6.25,-2.0,4.25,113,-47788.0,-47788.0,,1,9,55000.0,55000.0,True,4,35000.0
67,10,SELL_TO_SHOP,ROGUE,,NONE,58,ARCHER,crossbow,1,,,,,,3055,3055,,,,,,,MISSED_PURCHASE_DUE_TO_CASH,4.25,-2.0,2.25,113,-47788.0,-47788.0,,1,9,55000.0,55000.0,True,4,35000.0
67,10,SELL_TO_SHOP,ARCHER,,NONE,58,ARCHER,crossbow,4,,,,,,16740,16740,,,,,,,MISSED_PURCHASE_DUE_TO_CASH,2.25,-2.0,0.25,113,-47788.0,-47788.0,,1,9,55000.0,55000.0,True,4,35000.0
67,10,SELL_TO_SHOP,MAGE,,NONE,58,MAGE,staff,2,,,,,,4316,4316,,,,,,,MISSED_PURCHASE_DUE_TO_CASH,0.25,-2.0,-1.75,113,-47788.0,-47788.0,,1,9,55000.0,55000.0,True,4,35000.0
67,10,BUY_FROM_SHOP,MAGE,grimoire,NONE,,,,,,,,,,,,,,,,,,NO_COMPATIBLE_ITEM,-1.75,0.0,-1.75,113,-47788.0,-47788.0,,1,9,55000.0,55000.0,True,4,35000.0
67,10,BUY_FROM_SHOP,MAGE,staff,NONE,,,,,,,,,,,,,,,,,,NO_COMPATIBLE_ITEM,-1.75,0.0,-1.75,113,-47788.0,-47788.0,,1,9,55000.0,55000.0,True,4,35000.0
68,10,SELL_TO_SHOP,WARRIOR,,NONE,58,WARRIOR,one_handed_sword,1,,,,,,5741,5741,,,,,,,MISSED_PURCHASE_DUE_TO_CASH,-1.75,0.0,-1.75,113,-47788.0,-47788.0,,1,9,55000.0,55000.0,True,4,35000.0
68,10,BUY_FROM_SHOP,CLERIC,mace,NONE,,,,,,,,,,,,,,,,,,NO_COMPATIBLE_ITEM,-1.75,0.0,-1.75,113,-47788.0,-47788.0,,1,9,55000.0,55000.0,True,4,35000.0
68,10,BUY_FROM_SHOP,MAGE,wand,NONE,,,,,,,,,,,,,,,,,,NO_COMPATIBLE_ITEM,-1.75,0.0,-1.75,113,-47788.0,-47788.0,,1,9,55000.0,55000.0,True,4,35000.0
68,10,SELL_TO_SHOP,ROGUE,,NONE,58,ROGUE,dagger,1,,,,,,3618,3618,,,,,,,REJECTED_SCAMMER,-1.75,-5,-6.75,113,-47788.0,-47788.0,,1,9,55000.0,55000.0,True,4,35000.0
68,10,SELL_TO_SHOP,ARCHER,,NONE,58,ARCHER,bow,2,,,,,,4221,4221,,,,,,,MISSED_PURCHASE_DUE_TO_CASH,-6.75,-2.0,-8.75,113,-47788.0,-47788.0,,1,9,55000.0,55000.0,True,4,35000.0
68,10,BUY_FROM_SHOP,ROGUE,dagger,NONE,,,,,,,,,,,,,,,,,,NO_COMPATIBLE_ITEM,-8.75,0.0,-8.75,113,-47788.0,-47788.0,,1,9,55000.0,55000.0,True,4,35000.0
68,10,SELL_TO_SHOP,ARCHER,,NONE,58,ARCHER,crossbow,2,,,,,,4833,4833,,,,,,,MISSED_PURCHASE_DUE_TO_CASH,-8.75,0.0,-8.75,113,-47788.0,-47788.0,,1,9,55000.0,55000.0,True,4,35000.0
68,10,SELL_TO_SHOP,ROGUE,,NONE,58,ROGUE,dagger,3,,,,,,5348,5348,,,,,,,MISSED_PURCHASE_DUE_TO_CASH,-8.75,-2.0,-10.75,113,-47788.0,-47788.0,,1,9,55000.0,55000.0,True,4,35000.0
69,10,SELL_TO_SHOP,WARRIOR,,NONE,58,WARRIOR,one_handed_sword,1,,,,,,2006,2006,,,,,,,MISSED_PURCHASE_DUE_TO_CASH,-10.75,0.0,-10.75,113,-47788.0,-47788.0,,1,9,55000.0,55000.0,True,4,35000.0
69,10,SELL_TO_SHOP,ARCHER,,NONE,58,ARCHER,bow,1,,,,,,3699,3699,,,,,,,MISSED_PURCHASE_DUE_TO_CASH,-10.75,-2.0,-12.75,113,-47788.0,-47788.0,,1,9,55000.0,55000.0,True,4,35000.0
69,10,SELL_TO_SHOP,GUNNER,,NONE,58,GUNNER,heavy_weapon,1,,,,,,1280,1280,,,,,,,MISSED_PURCHASE_DUE_TO_CASH,-12.75,-2.0,-14.75,113,-47788.0,-47788.0,,1,9,55000.0,55000.0,True,4,35000.0
69,10,BUY_FROM_SHOP,CLERIC,mace,NONE,,,,,,,,,,,,,,,,,,NO_COMPATIBLE_ITEM,-14.75,0.0,-14.75,113,-47788.0,-47788.0,,1,9,55000.0,55000.0,True,4,35000.0
69,10,SELL_TO_SHOP,CLERIC,,NONE,58,CLERIC,gauntlet,1,,,,,,1906,1906,,,,,,,MISSED_PURCHASE_DUE_TO_CASH,-14.75,-2.0,-16.75,113,-47788.0,-47788.0,,1,9,55000.0,55000.0,True,4,35000.0
69,10,BUY_FROM_SHOP,MAGE,wand,NONE,,,,,,,,,,,,,,,,,,NO_COMPATIBLE_ITEM,-16.75,0.0,-16.75,113,-47788.0,-47788.0,,1,9,55000.0,55000.0,True,4,35000.0
69,10,BUY_FROM_SHOP,ARCHER,bow,NONE,,,,,,,,,,,,,,,,,,NO_COMPATIBLE_ITEM,-16.75,0.0,-16.75,113,-47788.0,-47788.0,,1,9,55000.0,55000.0,True,4,35000.0
69,10,BUY_FROM_SHOP,CLERIC,mace,NONE,,,,,,,,,,,,,,,,,,NO_COMPATIBLE_ITEM,-16.75,0.0,-16.75,113,-47788.0,-47788.0,,1,9,55000.0,55000.0,True,4,35000.0
70,10,BUY_FROM_SHOP,ROGUE,dagger,NONE,,,,,,,,,,,,,,,,,,NO_COMPATIBLE_ITEM,-16.75,0.0,-16.75,113,-47788.0,-47788.0,,1,9,55000.0,55000.0,True,4,35000.0
70,10,SELL_TO_SHOP,WARRIOR,,NONE,58,ROGUE,dagger,1,,,,,,1320,1320,,,,,,,MISSED_PURCHASE_DUE_TO_CASH,-16.75,0.0,-16.75,113,-47788.0,-47788.0,,1,9,55000.0,55000.0,True,4,35000.0
70,10,SELL_TO_SHOP,GUNNER,,NONE,58,GUNNER,gun,1,,,,,,1985,1985,,,,,,,MISSED_PURCHASE_DUE_TO_CASH,-16.75,0.0,-16.75,113,-47788.0,-47788.0,,1,9,55000.0,55000.0,True,4,35000.0
70,10,BUY_FROM_SHOP,WARRIOR,one_handed_sword,NONE,,,,,34.85,0.0,False,,,,,,,,,,,NO_INTEREST,-16.75,0.0,-16.75,113,-47788.0,-47788.0,,1,9,55000.0,55000.0,True,4,35000.0
70,10,SELL_TO_SHOP,GUNNER,,NONE,58,ARCHER,crossbow,1,,,,,,2775,2775,,,,,,,REJECTED_OVERPRICED,-16.75,-2.0,-18.75,113,-47788.0,-47788.0,,1,9,55000.0,55000.0,True,4,35000.0
70,10,BUY_FROM_SHOP,CLERIC,gauntlet,NONE,,,,,,,,,,,,,,,,,,NO_COMPATIBLE_ITEM,-18.75,0.0,-18.75,113,-47788.0,-47788.0,,1,9,55000.0,55000.0,True,4,35000.0
70,10,BUY_FROM_SHOP,ARCHER,crossbow,NONE,,,,,,,,,,,,,,,,,,NO_COMPATIBLE_ITEM,-18.75,0.0,-18.75,113,-47788.0,-47788.0,,1,9,55000.0,55000.0,True,4,35000.0
70,10,BUY_FROM_SHOP,WARRIOR,axe,SELL_TO_CUSTOMER,42,WARRIOR,spear,1,61.75,1.0,False,MEDIUM_INTEREST,1584,1800,2400,2880,2400,2400,816,0.5151515151515151,2,BUYER_PURCHASES,-18.75,0,-18.75,114,-47788.0,-45388.0,46,0,9,55000.0,55000.0,True,4,35000.0
71,11,BUY_FROM_SHOP,ARCHER,bow,NONE,,,,,,,,,,,,,,,,,,NO_COMPATIBLE_ITEM,-18.75,0.0,-18.75,114,-70388.0,-70388.0,,0,9,50000.0,50000.0,True,4,35000.0
71,11,BUY_FROM_SHOP,ARCHER,bow,NONE,,,,,,,,,,,,,,,,,,NO_COMPATIBLE_ITEM,-18.75,0.0,-18.75,114,-70388.0,-70388.0,,0,9,50000.0,50000.0,True,4,35000.0
71,11,SELL_TO_SHOP,GUNNER,,NONE,58,GUNNER,heavy_weapon,1,,,,,,2298,2298,,,,,,,MISSED_PURCHASE_DUE_TO_CASH,-18.75,0.0,-18.75,114,-70388.0,-70388.0,,0,9,50000.0,50000.0,True,4,35000.0
71,11,SELL_TO_SHOP,MAGE,,NONE,58,WARRIOR,one_handed_sword,1,,,,,,2475,2475,,,,,,,MISSED_PURCHASE_DUE_TO_CASH,-18.75,0.0,-18.75,114,-70388.0,-70388.0,,0,9,50000.0,50000.0,True,4,35000.0
71,11,BUY_FROM_SHOP,CLERIC,staff,NONE,,,,,,,,,,,,,,,,,,NO_COMPATIBLE_ITEM,-18.75,0.0,-18.75,114,-70388.0,-70388.0,,0,9,50000.0,50000.0,True,4,35000.0
71,11,SELL_TO_SHOP,WARRIOR,,NONE,58,WARRIOR,axe,1,,,,,,1716,1716,,,,,,,MISSED_PURCHASE_DUE_TO_CASH,-18.75,0.0,-18.75,114,-70388.0,-70388.0,,0,9,50000.0,50000.0,True,4,35000.0
72,11,SELL_TO_SHOP,GUNNER,,NONE,58,GUNNER,gun,3,,,,,,20210,20210,,,,,,,MISSED_PURCHASE_DUE_TO_CASH,-18.75,0.0,-18.75,114,-70388.0,-70388.0,,0,9,50000.0,50000.0,True,4,35000.0
72,11,BUY_FROM_SHOP,GUNNER,heavy_weapon,NONE,,,,,,,,,,,,,,,,,,NO_COMPATIBLE_ITEM,-18.75,0.0,-18.75,114,-70388.0,-70388.0,,0,9,50000.0,50000.0,True,4,35000.0
72,11,BUY_FROM_SHOP,GUNNER,gun,NONE,,,,,,,,,,,,,,,,,,NO_COMPATIBLE_ITEM,-18.75,0.0,-18.75,114,-70388.0,-70388.0,,0,9,50000.0,50000.0,True,4,35000.0
72,11,SELL_TO_SHOP,MAGE,,NONE,58,MAGE,wand,4,,,,,,27183,27183,,,,,,,MISSED_PURCHASE_DUE_TO_CASH,-18.75,-2.0,-20.75,114,-70388.0,-70388.0,,0,9,50000.0,50000.0,True,4,35000.0
72,11,SELL_TO_SHOP,ARCHER,,NONE,58,ARCHER,bow,2,,,,,,8842,8842,,,,,,,MISSED_PURCHASE_DUE_TO_CASH,-20.75,-2.0,-22.75,114,-70388.0,-70388.0,,0,9,50000.0,50000.0,True,4,35000.0
72,11,SELL_TO_SHOP,MAGE,,NONE,58,MAGE,grimoire,1,,,,,,1565,1565,,,,,,,MISSED_PURCHASE_DUE_TO_CASH,-22.75,-2.0,-24.75,114,-70388.0,-70388.0,,0,9,50000.0,50000.0,True,4,35000.0
72,11,BUY_FROM_SHOP,ROGUE,dagger,NONE,,,,,,,,,,,,,,,,,,NO_COMPATIBLE_ITEM,-24.75,0.0,-24.75,114,-70388.0,-70388.0,,0,9,50000.0,50000.0,True,4,35000.0
73,11,BUY_FROM_SHOP,ARCHER,crossbow,NONE,,,,,,,,,,,,,,,,,,NO_COMPATIBLE_ITEM,-24.75,0.0,-24.75,114,-70388.0,-70388.0,,0,9,50000.0,50000.0,True,4,35000.0
73,11,SELL_TO_SHOP,GUNNER,,NONE,58,GUNNER,heavy_weapon,1,,,,,,512,512,,,,,,,REJECTED_OVERPRICED,-24.75,0.0,-24.75,114,-70388.0,-70388.0,,0,9,50000.0,50000.0,True,4,35000.0
73,11,SELL_TO_SHOP,MAGE,,NONE,58,MAGE,grimoire,3,,,,,,6862,6862,,,,,,,MISSED_PURCHASE_DUE_TO_CASH,-24.75,-2.0,-26.75,114,-70388.0,-70388.0,,0,9,50000.0,50000.0,True,4,35000.0
73,11,SELL_TO_SHOP,ROGUE,,NONE,58,ROGUE,dagger,2,,,,,,9240,9240,,,,,,,MISSED_PURCHASE_DUE_TO_CASH,-26.75,0.0,-26.75,114,-70388.0,-70388.0,,0,9,50000.0,50000.0,True,4,35000.0
73,11,SELL_TO_SHOP,ARCHER,,NONE,58,ARCHER,bow,1,,,,,,2267,2267,,,,,,,MISSED_PURCHASE_DUE_TO_CASH,-26.75,0.0,-26.75,114,-70388.0,-70388.0,,0,9,50000.0,50000.0,True,4,35000.0
73,11,BUY_FROM_SHOP,MAGE,staff,NONE,,,,,,,,,,,,,,,,,,NO_COMPATIBLE_ITEM,-26.75,0.0,-26.75,114,-70388.0,-70388.0,,0,9,50000.0,50000.0,True,4,35000.0
73,11,BUY_FROM_SHOP,ARCHER,bow,NONE,,,,,,,,,,,,,,,,,,NO_COMPATIBLE_ITEM,-26.75,0.0,-26.75,114,-70388.0,-70388.0,,0,9,50000.0,50000.0,True,4,35000.0
73,11,BUY_FROM_SHOP,CLERIC,gauntlet,NONE,,,,,,,,,,,,,,,,,,NO_COMPATIBLE_ITEM,-26.75,0.0,-26.75,114,-70388.0,-70388.0,,0,9,50000.0,50000.0,True,4,35000.0
74,11,SELL_TO_SHOP,ROGUE,,NONE,58,ROGUE,throwing_weapon,4,,,,,,40492,40492,,,,,,,MISSED_PURCHASE_DUE_TO_CASH,-26.75,0.0,-26.75,114,-70388.0,-70388.0,,0,9,50000.0,50000.0,True,4,35000.0
74,11,SELL_TO_SHOP,GUNNER,,NONE,58,MAGE,wand,1,,,,,,1200,1200,,,,,,,MISSED_PURCHASE_DUE_TO_CASH,-26.75,0.0,-26.75,114,-70388.0,-70388.0,,0,9,50000.0,50000.0,True,4,35000.0
74,11,BUY_FROM_SHOP,WARRIOR,spear,NONE,,,,,,,,,,,,,,,,,,NO_COMPATIBLE_ITEM,-26.75,0.0,-26.75,114,-70388.0,-70388.0,,0,9,50000.0,50000.0,True,4,35000.0
74,11,SELL_TO_SHOP,GUNNER,,NONE,58,GUNNER,heavy_weapon,5,,,,,,56525,56525,,,,,,,MISSED_PURCHASE_DUE_TO_CASH,-26.75,-2.0,-28.75,114,-70388.0,-70388.0,,0,9,50000.0,50000.0,True,4,35000.0
74,11,SELL_TO_SHOP,GUNNER,,NONE,58,MAGE,grimoire,1,,,,,,1575,1575,,,,,,,MISSED_PURCHASE_DUE_TO_CASH,-28.75,-2.0,-30.75,114,-70388.0,-70388.0,,0,9,50000.0,50000.0,True,4,35000.0
74,11,BUY_FROM_SHOP,CLERIC,gauntlet,NONE,,,,,,,,,,,,,,,,,,NO_COMPATIBLE_ITEM,-30.75,0.0,-30.75,114,-70388.0,-70388.0,,0,9,50000.0,50000.0,True,4,35000.0
75,11,SELL_TO_SHOP,GUNNER,,NONE,58,GUNNER,heavy_weapon,4,,,,,,6327,6327,,,,,,,MISSED_PURCHASE_DUE_TO_CASH,-30.75,-2.0,-32.75,114,-70388.0,-70388.0,,0,9,50000.0,50000.0,True,4,35000.0
75,11,BUY_FROM_SHOP,CLERIC,mace,NONE,,,,,,,,,,,,,,,,,,NO_COMPATIBLE_ITEM,-32.75,0.0,-32.75,114,-70388.0,-70388.0,,0,9,50000.0,50000.0,True,4,35000.0
75,11,BUY_FROM_SHOP,MAGE,grimoire,NONE,,,,,,,,,,,,,,,,,,NO_COMPATIBLE_ITEM,-32.75,0.0,-32.75,114,-70388.0,-70388.0,,0,9,50000.0,50000.0,True,4,35000.0
75,11,SELL_TO_SHOP,ROGUE,,NONE,58,ROGUE,throwing_weapon,1,,,,,,4042,4042,,,,,,,MISSED_PURCHASE_DUE_TO_CASH,-32.75,0.0,-32.75,114,-70388.0,-70388.0,,0,9,50000.0,50000.0,True,4,35000.0
75,11,BUY_FROM_SHOP,CLERIC,mace,NONE,,,,,,,,,,,,,,,,,,NO_COMPATIBLE_ITEM,-32.75,0.0,-32.75,114,-70388.0,-70388.0,,0,9,50000.0,50000.0,True,4,35000.0
75,11,SELL_TO_SHOP,CLERIC,,NONE,58,CLERIC,mace,3,,,,,,8220,8220,,,,,,,REJECTED_OVERPRICED,-32.75,-2.0,-34.75,114,-70388.0,-70388.0,,0,9,50000.0,50000.0,True,4,35000.0
75,11,BUY_FROM_SHOP,GUNNER,gun,NONE,,,,,,,,,,,,,,,,,,NO_COMPATIBLE_ITEM,-34.75,0.0,-34.75,114,-70388.0,-70388.0,,0,9,50000.0,50000.0,True,4,35000.0
76,11,BUY_FROM_SHOP,ARCHER,bow,NONE,,,,,,,,,,,,,,,,,,NO_COMPATIBLE_ITEM,-34.75,0.0,-34.75,114,-70388.0,-70388.0,,0,9,50000.0,50000.0,True,4,35000.0
76,11,BUY_FROM_SHOP,GUNNER,heavy_weapon,NONE,,,,,,,,,,,,,,,,,,NO_COMPATIBLE_ITEM,-34.75,0.0,-34.75,114,-70388.0,-70388.0,,0,9,50000.0,50000.0,True,4,35000.0
76,11,BUY_FROM_SHOP,MAGE,staff,NONE,,,,,,,,,,,,,,,,,,NO_COMPATIBLE_ITEM,-34.75,0.0,-34.75,114,-70388.0,-70388.0,,0,9,50000.0,50000.0,True,4,35000.0
76,11,BUY_FROM_SHOP,CLERIC,staff,NONE,,,,,,,,,,,,,,,,,,NO_COMPATIBLE_ITEM,-34.75,0.0,-34.75,114,-70388.0,-70388.0,,0,9,50000.0,50000.0,True,4,35000.0
76,11,BUY_FROM_SHOP,GUNNER,gun,NONE,,,,,,,,,,,,,,,,,,NO_COMPATIBLE_ITEM,-34.75,0.0,-34.75,114,-70388.0,-70388.0,,0,9,50000.0,50000.0,True,4,35000.0
76,11,SELL_TO_SHOP,GUNNER,,NONE,58,WARRIOR,spear,1,,,,,,1440,1440,,,,,,,REJECTED_OVERPRICED,-34.75,0.0,-34.75,114,-70388.0,-70388.0,,0,9,50000.0,50000.0,True,4,35000.0
76,11,SELL_TO_SHOP,ARCHER,,NONE,58,ARCHER,bow,1,,,,,,4019,4019,,,,,,,MISSED_PURCHASE_DUE_TO_CASH,-34.75,0.0,-34.75,114,-70388.0,-70388.0,,0,9,50000.0,50000.0,True,4,35000.0
77,11,SELL_TO_SHOP,WARRIOR,,NONE,58,WARRIOR,axe,4,,,,,,34188,34188,,,,,,,REJECTED_OVERPRICED,-34.75,0.0,-34.75,114,-70388.0,-70388.0,,0,9,50000.0,50000.0,True,4,35000.0
77,11,BUY_FROM_SHOP,CLERIC,gauntlet,NONE,,,,,,,,,,,,,,,,,,NO_COMPATIBLE_ITEM,-34.75,0.0,-34.75,114,-70388.0,-70388.0,,0,9,50000.0,50000.0,True,4,35000.0
77,11,BUY_FROM_SHOP,MAGE,wand,NONE,,,,,,,,,,,,,,,,,,NO_COMPATIBLE_ITEM,-34.75,0.0,-34.75,114,-70388.0,-70388.0,,0,9,50000.0,50000.0,True,4,35000.0
77,11,BUY_FROM_SHOP,GUNNER,gun,NONE,,,,,,,,,,,,,,,,,,NO_COMPATIBLE_ITEM,-34.75,0.0,-34.75,114,-70388.0,-70388.0,,0,9,50000.0,50000.0,True,4,35000.0
77,11,SELL_TO_SHOP,GUNNER,,NONE,58,MAGE,staff,1,,,,,,3225,3225,,,,,,,MISSED_PURCHASE_DUE_TO_CASH,-34.75,0.0,-34.75,114,-70388.0,-70388.0,,0,9,50000.0,50000.0,True,4,35000.0
77,11,SELL_TO_SHOP,ARCHER,,NONE,58,ARCHER,bow,1,,,,,,3415,3415,,,,,,,MISSED_PURCHASE_DUE_TO_CASH,-34.75,-2.0,-36.75,114,-70388.0,-70388.0,,0,9,50000.0,50000.0,True,4,35000.0
77,11,SELL_TO_SHOP,GUNNER,,NONE,58,GUNNER,heavy_weapon,1,,,,,,3753,3753,,,,,,,MISSED_PURCHASE_DUE_TO_CASH,-36.75,0.0,-36.75,114,-70388.0,-70388.0,,0,9,50000.0,50000.0,True,4,35000.0
77,11,SELL_TO_SHOP,CLERIC,,NONE,58,CLERIC,staff,2,,,,,,4195,4195,,,,,,,MISSED_PURCHASE_DUE_TO_CASH,-36.75,-2.0,-38.75,114,-70388.0,-70388.0,,0,9,50000.0,50000.0,True,4,35000.0
78,12,SELL_TO_SHOP,CLERIC,,NONE,58,CLERIC,staff,1,,,,,,2036,2036,,,,,,,MISSED_PURCHASE_DUE_TO_CASH,-38.75,-2.0,-40.75,114,-97388.0,-97388.0,,0,9,45000.0,45000.0,True,4,35000.0
78,12,SELL_TO_SHOP,MAGE,,NONE,58,MAGE,grimoire,1,,,,,,2438,2438,,,,,,,MISSED_PURCHASE_DUE_TO_CASH,-40.75,0.0,-40.75,114,-97388.0,-97388.0,,0,9,45000.0,45000.0,True,4,35000.0
78,12,BUY_FROM_SHOP,WARRIOR,greatsword,NONE,,,,,,,,,,,,,,,,,,NO_COMPATIBLE_ITEM,-40.75,0.0,-40.75,114,-97388.0,-97388.0,,0,9,45000.0,45000.0,True,4,35000.0
78,12,BUY_FROM_SHOP,CLERIC,staff,NONE,,,,,,,,,,,,,,,,,,NO_COMPATIBLE_ITEM,-40.75,0.0,-40.75,114,-97388.0,-97388.0,,0,9,45000.0,45000.0,True,4,35000.0
78,12,SELL_TO_SHOP,CLERIC,,NONE,58,WARRIOR,spear,5,,,,,,76125,76125,,,,,,,REJECTED_SCAMMER,-40.75,-5,-45.75,114,-97388.0,-97388.0,,0,9,45000.0,45000.0,True,4,35000.0
78,12,SELL_TO_SHOP,WARRIOR,,NONE,58,CLERIC,staff,3,,,,,,15138,15138,,,,,,,REJECTED_OVERPRICED,-45.75,-2.0,-47.75,114,-97388.0,-97388.0,,0,9,45000.0,45000.0,True,4,35000.0
78,12,SELL_TO_SHOP,ROGUE,,NONE,58,ROGUE,throwing_weapon,4,,,,,,28688,28688,,,,,,,MISSED_PURCHASE_DUE_TO_CASH,-47.75,0.0,-47.75,114,-97388.0,-97388.0,,0,9,45000.0,45000.0,True,4,35000.0
79,12,BUY_FROM_SHOP,ROGUE,dagger,NONE,,,,,,,,,,,,,,,,,,NO_COMPATIBLE_ITEM,-47.75,0.0,-47.75,114,-97388.0,-97388.0,,0,9,45000.0,45000.0,True,4,35000.0
79,12,SELL_TO_SHOP,CLERIC,,NONE,58,CLERIC,gauntlet,2,,,,,,6176,6176,,,,,,,MISSED_PURCHASE_DUE_TO_CASH,-47.75,-2.0,-49.75,114,-97388.0,-97388.0,,0,9,45000.0,45000.0,True,4,35000.0
79,12,SELL_TO_SHOP,CLERIC,,NONE,58,ARCHER,crossbow,2,,,,,,1320,1320,,,,,,,MISSED_PURCHASE_DUE_TO_CASH,-49.75,-2.0,-51.75,114,-97388.0,-97388.0,,0,9,45000.0,45000.0,True,4,35000.0
79,12,SELL_TO_SHOP,ARCHER,,NONE,58,ARCHER,crossbow,1,,,,,,3816,3816,,,,,,,MISSED_PURCHASE_DUE_TO_CASH,-51.75,-2.0,-53.75,114,-97388.0,-97388.0,,0,9,45000.0,45000.0,True,4,35000.0
79,12,BUY_FROM_SHOP,ARCHER,bow,NONE,,,,,,,,,,,,,,,,,,NO_COMPATIBLE_ITEM,-53.75,0.0,-53.75,114,-97388.0,-97388.0,,0,9,45000.0,45000.0,True,4,35000.0
79,12,BUY_FROM_SHOP,GUNNER,heavy_weapon,NONE,,,,,,,,,,,,,,,,,,NO_COMPATIBLE_ITEM,-53.75,0.0,-53.75,114,-97388.0,-97388.0,,0,9,45000.0,45000.0,True,4,35000.0
80,12,BUY_FROM_SHOP,MAGE,staff,NONE,,,,,,,,,,,,,,,,,,NO_COMPATIBLE_ITEM,-53.75,0.0,-53.75,114,-97388.0,-97388.0,,0,9,45000.0,45000.0,True,4,35000.0
80,12,BUY_FROM_SHOP,ROGUE,dagger,NONE,,,,,,,,,,,,,,,,,,NO_COMPATIBLE_ITEM,-53.75,0.0,-53.75,114,-97388.0,-97388.0,,0,9,45000.0,45000.0,True,4,35000.0
80,12,BUY_FROM_SHOP,ROGUE,dagger,NONE,,,,,,,,,,,,,,,,,,NO_COMPATIBLE_ITEM,-53.75,0.0,-53.75,114,-97388.0,-97388.0,,0,9,45000.0,45000.0,True,4,35000.0
80,12,SELL_TO_SHOP,ROGUE,,NONE,58,WARRIOR,spear,3,,,,,,14300,14300,,,,,,,MISSED_PURCHASE_DUE_TO_CASH,-53.75,0.0,-53.75,114,-97388.0,-97388.0,,0,9,45000.0,45000.0,True,4,35000.0
80,12,SELL_TO_SHOP,ARCHER,,NONE,58,ARCHER,bow,2,,,,,,3471,3471,,,,,,,MISSED_PURCHASE_DUE_TO_CASH,-53.75,0.0,-53.75,114,-97388.0,-97388.0,,0,9,45000.0,45000.0,True,4,35000.0
80,12,BUY_FROM_SHOP,WARRIOR,axe,NONE,,,,,,,,,,,,,,,,,,NO_COMPATIBLE_ITEM,-53.75,0.0,-53.75,114,-97388.0,-97388.0,,0,9,45000.0,45000.0,True,4,35000.0
80,12,SELL_TO_SHOP,WARRIOR,,NONE,58,WARRIOR,spear,1,,,,,,2306,2306,,,,,,,MISSED_PURCHASE_DUE_TO_CASH,-53.75,-2.0,-55.75,114,-97388.0,-97388.0,,0,9,45000.0,45000.0,True,4,35000.0
81,12,BUY_FROM_SHOP,MAGE,grimoire,NONE,,,,,,,,,,,,,,,,,,NO_COMPATIBLE_ITEM,-55.75,0.0,-55.75,114,-97388.0,-97388.0,,0,9,45000.0,45000.0,True,4,35000.0
81,12,SELL_TO_SHOP,ARCHER,,NONE,58,ARCHER,crossbow,1,,,,,,500,500,,,,,,,MISSED_PURCHASE_DUE_TO_CASH,-55.75,-2.0,-57.75,114,-97388.0,-97388.0,,0,9,45000.0,45000.0,True,4,35000.0
81,12,SELL_TO_SHOP,CLERIC,,NONE,58,GUNNER,heavy_weapon,2,,,,,,2850,2850,,,,,,,MISSED_PURCHASE_DUE_TO_CASH,-57.75,0.0,-57.75,114,-97388.0,-97388.0,,0,9,45000.0,45000.0,True,4,35000.0
81,12,BUY_FROM_SHOP,WARRIOR,spear,NONE,,,,,,,,,,,,,,,,,,NO_COMPATIBLE_ITEM,-57.75,0.0,-57.75,114,-97388.0,-97388.0,,0,9,45000.0,45000.0,True,4,35000.0
81,12,SELL_TO_SHOP,GUNNER,,NONE,58,GUNNER,heavy_weapon,2,,,,,,2076,2076,,,,,,,MISSED_PURCHASE_DUE_TO_CASH,-57.75,0.0,-57.75,114,-97388.0,-97388.0,,0,9,45000.0,45000.0,True,4,35000.0
81,12,SELL_TO_SHOP,ROGUE,,NONE,58,ROGUE,dagger,1,,,,,,2792,2792,,,,,,,MISSED_PURCHASE_DUE_TO_CASH,-57.75,-2.0,-59.75,114,-97388.0,-97388.0,,0,9,45000.0,45000.0,True,4,35000.0
81,12,BUY_FROM_SHOP,MAGE,grimoire,NONE,,,,,,,,,,,,,,,,,,NO_COMPATIBLE_ITEM,-59.75,0.0,-59.75,114,-97388.0,-97388.0,,0,9,45000.0,45000.0,True,4,35000.0
82,12,SELL_TO_SHOP,WARRIOR,,NONE,58,CLERIC,gauntlet,1,,,,,,2535,2535,,,,,,,REJECTED_OVERPRICED,-59.75,0.0,-59.75,114,-97388.0,-97388.0,,0,9,45000.0,45000.0,True,4,35000.0
82,12,SELL_TO_SHOP,CLERIC,,NONE,58,WARRIOR,spear,1,,,,,,1160,1160,,,,,,,MISSED_PURCHASE_DUE_TO_CASH,-59.75,-2.0,-61.75,114,-97388.0,-97388.0,,0,9,45000.0,45000.0,True,4,35000.0
82,12,BUY_FROM_SHOP,MAGE,wand,NONE,,,,,,,,,,,,,,,,,,NO_COMPATIBLE_ITEM,-61.75,0.0,-61.75,114,-97388.0,-97388.0,,0,9,45000.0,45000.0,True,4,35000.0
82,12,BUY_FROM_SHOP,MAGE,wand,NONE,,,,,,,,,,,,,,,,,,NO_COMPATIBLE_ITEM,-61.75,0.0,-61.75,114,-97388.0,-97388.0,,0,9,45000.0,45000.0,True,4,35000.0
82,12,SELL_TO_SHOP,MAGE,,NONE,58,MAGE,staff,4,,,,,,1500,1500,,,,,,,REJECTED_OVERPRICED,-61.75,-2.0,-63.75,114,-97388.0,-97388.0,,0,9,45000.0,45000.0,True,4,35000.0
82,12,SELL_TO_SHOP,CLERIC,,NONE,58,CLERIC,mace,1,,,,,,1979,1979,,,,,,,REJECTED_SCAMMER,-63.75,-5,-68.75,114,-97388.0,-97388.0,,0,9,45000.0,45000.0,True,4,35000.0
82,12,BUY_FROM_SHOP,ARCHER,bow,NONE,,,,,,,,,,,,,,,,,,NO_COMPATIBLE_ITEM,-68.75,0.0,-68.75,114,-97388.0,-97388.0,,0,9,45000.0,45000.0,True,4,35000.0
82,12,BUY_FROM_SHOP,CLERIC,staff,NONE,,,,,,,,,,,,,,,,,,NO_COMPATIBLE_ITEM,-68.75,0.0,-68.75,114,-97388.0,-97388.0,,0,9,45000.0,45000.0,True,4,35000.0
83,12,SELL_TO_SHOP,ARCHER,,NONE,58,ARCHER,crossbow,1,,,,,,100,100,,,,,,,REJECTED_OVERPRICED,-68.75,0.0,-68.75,114,-97388.0,-97388.0,,0,9,45000.0,45000.0,True,4,35000.0
83,12,BUY_FROM_SHOP,CLERIC,gauntlet,NONE,,,,,,,,,,,,,,,,,,NO_COMPATIBLE_ITEM,-68.75,0.0,-68.75,114,-97388.0,-97388.0,,0,9,45000.0,45000.0,True,4,35000.0
83,12,SELL_TO_SHOP,MAGE,,NONE,58,ARCHER,bow,2,,,,,,3770,3770,,,,,,,MISSED_PURCHASE_DUE_TO_CASH,-68.75,0.0,-68.75,114,-97388.0,-97388.0,,0,9,45000.0,45000.0,True,4,35000.0
83,12,BUY_FROM_SHOP,MAGE,staff,NONE,,,,,,,,,,,,,,,,,,NO_COMPATIBLE_ITEM,-68.75,0.0,-68.75,114,-97388.0,-97388.0,,0,9,45000.0,45000.0,True,4,35000.0
83,12,BUY_FROM_SHOP,MAGE,wand,NONE,,,,,,,,,,,,,,,,,,NO_COMPATIBLE_ITEM,-68.75,0.0,-68.75,114,-97388.0,-97388.0,,0,9,45000.0,45000.0,True,4,35000.0
83,12,SELL_TO_SHOP,GUNNER,,NONE,58,GUNNER,gun,1,,,,,,1730,1730,,,,,,,MISSED_PURCHASE_DUE_TO_CASH,-68.75,-2.0,-70.75,114,-97388.0,-97388.0,,0,9,45000.0,45000.0,True,4,35000.0
84,12,SELL_TO_SHOP,ROGUE,,NONE,58,ARCHER,crossbow,3,,,,,,18375,18375,,,,,,,REJECTED_SCAMMER,-70.75,-5,-75.75,114,-97388.0,-97388.0,,0,9,45000.0,45000.0,True,4,35000.0
84,12,SELL_TO_SHOP,MAGE,,NONE,58,MAGE,grimoire,1,,,,,,2236,2236,,,,,,,MISSED_PURCHASE_DUE_TO_CASH,-75.75,-2.0,-77.75,114,-97388.0,-97388.0,,0,9,45000.0,45000.0,True,4,35000.0
84,12,SELL_TO_SHOP,ARCHER,,NONE,58,GUNNER,gun,1,,,,,,2405,2405,,,,,,,MISSED_PURCHASE_DUE_TO_CASH,-77.75,0.0,-77.75,114,-97388.0,-97388.0,,0,9,45000.0,45000.0,True,4,35000.0
84,12,BUY_FROM_SHOP,MAGE,staff,NONE,,,,,,,,,,,,,,,,,,NO_COMPATIBLE_ITEM,-77.75,0.0,-77.75,114,-97388.0,-97388.0,,0,9,45000.0,45000.0,True,4,35000.0
84,12,BUY_FROM_SHOP,MAGE,wand,NONE,,,,,,,,,,,,,,,,,,NO_COMPATIBLE_ITEM,-77.75,0.0,-77.75,114,-97388.0,-97388.0,,0,9,45000.0,45000.0,True,4,35000.0
84,12,SELL_TO_SHOP,ROGUE,,NONE,58,ROGUE,throwing_weapon,1,,,,,,875,875,,,,,,,MISSED_PURCHASE_DUE_TO_CASH,-77.75,0.0,-77.75,114,-97388.0,-97388.0,,0,9,45000.0,45000.0,True,4,35000.0
84,12,BUY_FROM_SHOP,WARRIOR,spear,NONE,,,,,,,,,,,,,,,,,,NO_COMPATIBLE_ITEM,-77.75,0.0,-77.75,114,-97388.0,-97388.0,,0,9,45000.0,45000.0,True,4,35000.0
84,12,BUY_FROM_SHOP,GUNNER,gun,NONE,,,,,,,,,,,,,,,,,,NO_COMPATIBLE_ITEM,-77.75,0.0,-77.75,114,-97388.0,-97388.0,,0,9,45000.0,45000.0,True,4,35000.0
